participant_id,stimulus_set,n_accuracy_common,accuracy_common_pct,n_correct_rt_common,correct_rt_common_mean_sec,n_accuracy_all,accuracy_all_pct,n_correct_rt_all,correct_rt_all_mean_sec,adequate_accuracy_coverage,adequate_rt_coverage
participant_0003,FACES,34,73.52941176470588,25,2.955,34,73.52941176470588,25,2.955,TRUE,TRUE
participant_0004,FACES,37,75.67567567567568,28,2.4938357142857144,37,75.67567567567568,28,2.4938357142857144,TRUE,TRUE
participant_0005,FACES,48,70.83333333333334,34,2.1217058823529413,48,70.83333333333334,34,2.1217058823529413,TRUE,TRUE
participant_0006,FACES,41,70.73170731707317,29,2.6179344827586206,41,70.73170731707317,29,2.6179344827586206,TRUE,TRUE
participant_0007,FACES,35,80,28,3.096892857142857,35,80,28,3.096892857142857,TRUE,TRUE
participant_0008,FACES,36,80.55555555555556,29,3.3618275862068967,36,80.55555555555556,29,3.3618275862068967,TRUE,TRUE
participant_0009,FACES,31,80.64516129032258,25,3.096848,31,80.64516129032258,25,3.096848,TRUE,TRUE
participant_0010,FACES,40,85,34,1.9700088235294118,40,85,34,1.9700088235294118,TRUE,TRUE
participant_0011,FACES,37,70.27027027027027,26,2.216842307692308,37,70.27027027027027,26,2.216842307692308,TRUE,TRUE
participant_0012,FACES,42,66.66666666666666,26,7.098326923076923,42,66.66666666666666,26,7.098326923076923,TRUE,TRUE
participant_0013,FACES,34,70.58823529411765,24,3.529891666666667,34,70.58823529411765,24,3.529891666666667,TRUE,TRUE
participant_0014,FACES,37,78.37837837837837,29,4.420244827586207,37,78.37837837837837,29,4.420244827586207,TRUE,TRUE
participant_0015,FACES,37,94.5945945945946,35,1.8529685714285715,37,94.5945945945946,35,1.8529685714285715,TRUE,TRUE
participant_0016,FACES,41,80.48780487804879,33,2.3277878787878787,41,80.48780487804879,33,2.3277878787878787,TRUE,TRUE
participant_0017,FACES,40,80,32,2.072928125,40,80,32,2.072928125,TRUE,TRUE
participant_0018,FACES,35,88.57142857142857,31,4.172322580645162,35,88.57142857142857,31,4.172322580645162,TRUE,TRUE
participant_0019,FACES,38,71.05263157894737,27,2.543222222222222,38,71.05263157894737,27,2.543222222222222,TRUE,TRUE
participant_0020,FACES,41,73.17073170731707,30,2.6416,41,73.17073170731707,30,2.6416,TRUE,TRUE
participant_0021,FACES,38,63.1578947368421,24,3.5846666666666667,38,63.1578947368421,24,3.5846666666666667,TRUE,TRUE
participant_0025,FACES,40,80,32,2.18125625,40,80,32,2.18125625,TRUE,TRUE
participant_0026,FACES,40,87.5,35,3.5297428571428573,40,87.5,35,3.5297428571428573,TRUE,TRUE
participant_0031,FACES,40,67.5,27,2.624711111111111,40,67.5,27,2.624711111111111,TRUE,TRUE
participant_0033,FACES,39,64.1025641025641,25,1.706,39,64.1025641025641,25,1.706,TRUE,TRUE
participant_0034,FACES,42,38.095238095238095,16,2.21279375,42,38.095238095238095,16,2.21279375,TRUE,TRUE
participant_0035,FACES,37,70.27027027027027,26,2.947076923076923,37,70.27027027027027,26,2.947076923076923,TRUE,TRUE
participant_0036,FACES,35,94.28571428571428,33,2.055657575757576,35,94.28571428571428,33,2.055657575757576,TRUE,TRUE
participant_0037,FACES,41,85.36585365853658,35,2.3447857142857145,41,85.36585365853658,35,2.3447857142857145,TRUE,TRUE
participant_0038,FACES,37,64.86486486486487,24,2.1998208333333333,37,64.86486486486487,24,2.1998208333333333,TRUE,TRUE
participant_0039,FACES,42,88.09523809523809,37,1.7550054054054054,42,88.09523809523809,37,1.7550054054054054,TRUE,TRUE
participant_0040,FACES,36,80.55555555555556,29,2.6749793103448276,36,80.55555555555556,29,2.6749793103448276,TRUE,TRUE
participant_0041,FACES,39,79.48717948717949,31,3.030025806451613,39,79.48717948717949,31,3.030025806451613,TRUE,TRUE
participant_0042,FACES,41,60.97560975609756,25,3.707188,41,60.97560975609756,25,3.707188,TRUE,TRUE
participant_0043,FACES,35,77.14285714285715,27,2.4458037037037035,35,77.14285714285715,27,2.4458037037037035,TRUE,TRUE
participant_0044,FACES,43,79.06976744186046,34,3.266294117647059,43,79.06976744186046,34,3.266294117647059,TRUE,TRUE
participant_0045,FACES,42,64.28571428571429,27,2.5489592592592594,42,64.28571428571429,27,2.5489592592592594,TRUE,TRUE
participant_0046,FACES,40,90,36,1.4784444444444444,40,90,36,1.4784444444444444,TRUE,TRUE
participant_0047,FACES,29,72.41379310344827,21,2.362904761904762,29,72.41379310344827,21,2.362904761904762,TRUE,TRUE
participant_0048,FACES,44,65.9090909090909,29,1.5826586206896551,44,65.9090909090909,29,1.5826586206896551,TRUE,TRUE
participant_0049,FACES,38,81.57894736842105,31,2.379767741935484,38,81.57894736842105,31,2.379767741935484,TRUE,TRUE
participant_0050,FACES,46,82.6086956521739,38,1.8383947368421052,46,82.6086956521739,38,1.8383947368421052,TRUE,TRUE
participant_0051,FACES,35,68.57142857142857,24,2.3284375,35,68.57142857142857,24,2.3284375,TRUE,TRUE
participant_0052,FACES,46,84.78260869565217,39,2.4924358974358976,46,84.78260869565217,39,2.4924358974358976,TRUE,TRUE
participant_0053,FACES,39,64.1025641025641,25,3.0724,39,64.1025641025641,25,3.0724,TRUE,TRUE
participant_0054,FACES,37,81.08108108108108,30,2.41729,37,81.08108108108108,30,2.41729,TRUE,TRUE
participant_0055,FACES,43,95.34883720930233,41,2.241670731707317,43,95.34883720930233,41,2.241670731707317,TRUE,TRUE
participant_0056,FACES,42,80.95238095238095,34,2.437555882352941,42,80.95238095238095,34,2.437555882352941,TRUE,TRUE
participant_0057,FACES,33,96.96969696969697,32,2.083875,33,96.96969696969697,32,2.083875,TRUE,TRUE
participant_0058,FACES,38,92.10526315789474,35,2.7856914285714285,38,92.10526315789474,35,2.7856914285714285,TRUE,TRUE
participant_0060,FACES,43,72.09302325581395,31,2.770535483870968,43,72.09302325581395,31,2.770535483870968,TRUE,TRUE
participant_0061,FACES,43,76.74418604651163,33,2.562157575757576,43,76.74418604651163,33,2.562157575757576,TRUE,TRUE
participant_0062,FACES,47,87.2340425531915,41,2.6445121951219512,47,87.2340425531915,41,2.6445121951219512,TRUE,TRUE
participant_0063,FACES,38,65.78947368421053,25,2.128632,38,65.78947368421053,25,2.128632,TRUE,TRUE
participant_0064,FACES,39,76.92307692307693,30,3.6899933333333332,39,76.92307692307693,30,3.6899933333333332,TRUE,TRUE
participant_0065,FACES,37,81.08108108108108,30,2.1687333333333334,37,81.08108108108108,30,2.1687333333333334,TRUE,TRUE
participant_0066,FACES,45,62.22222222222222,28,2.640332142857143,45,62.22222222222222,28,2.640332142857143,TRUE,TRUE
participant_0067,FACES,42,80.95238095238095,34,2.1197794117647057,42,80.95238095238095,34,2.1197794117647057,TRUE,TRUE
participant_0068,FACES,36,80.55555555555556,29,3.3959448275862067,36,80.55555555555556,29,3.3959448275862067,TRUE,TRUE
participant_0069,FACES,43,93.02325581395348,40,3.92203,43,93.02325581395348,40,3.92203,TRUE,TRUE
participant_0070,FACES,39,74.35897435897436,29,2.0084172413793104,39,74.35897435897436,29,2.0084172413793104,TRUE,TRUE
participant_0071,FACES,48,79.16666666666666,38,1.5155157894736841,48,79.16666666666666,38,1.5155157894736841,TRUE,TRUE
participant_0072,FACES,45,80,36,2.967636111111111,45,80,36,2.967636111111111,TRUE,TRUE
participant_0073,FACES,37,89.1891891891892,33,2.616421212121212,37,89.1891891891892,33,2.616421212121212,TRUE,TRUE
participant_0074,FACES,39,66.66666666666666,26,2.5100423076923075,39,66.66666666666666,26,2.5100423076923075,TRUE,TRUE
participant_0075,FACES,46,78.26086956521739,36,3.539877777777778,46,78.26086956521739,36,3.539877777777778,TRUE,TRUE
participant_0076,FACES,40,90,36,2.817066666666667,40,90,36,2.817066666666667,TRUE,TRUE
participant_0077,FACES,40,85,34,4.25764705882353,40,85,34,4.25764705882353,TRUE,TRUE
participant_0078,FACES,39,79.48717948717949,31,2.2692709677419356,39,79.48717948717949,31,2.2692709677419356,TRUE,TRUE
participant_0079,FACES,44,72.72727272727273,32,1.980928125,44,72.72727272727273,32,1.980928125,TRUE,TRUE
participant_0080,FACES,38,76.31578947368422,29,2.9534827586206895,38,76.31578947368422,29,2.9534827586206895,TRUE,TRUE
participant_0081,FACES,36,77.77777777777779,28,2.0461071428571427,36,77.77777777777779,28,2.0461071428571427,TRUE,TRUE
participant_0082,FACES,38,81.57894736842105,31,3.3801516129032256,38,81.57894736842105,31,3.3801516129032256,TRUE,TRUE
participant_0083,FACES,40,77.5,31,2.5362290322580643,40,77.5,31,2.5362290322580643,TRUE,TRUE
participant_0084,FACES,44,95.45454545454545,42,2.09485,44,95.45454545454545,42,2.09485,TRUE,TRUE
participant_0085,FACES,38,81.57894736842105,31,2.544032258064516,38,81.57894736842105,31,2.544032258064516,TRUE,TRUE
participant_0086,FACES,33,72.72727272727273,24,2.341641666666667,33,72.72727272727273,24,2.341641666666667,TRUE,TRUE
participant_0087,FACES,44,81.81818181818183,36,4.032980555555556,44,81.81818181818183,36,4.032980555555556,TRUE,TRUE
participant_0088,FACES,40,77.5,31,2.1419612903225804,40,77.5,31,2.1419612903225804,TRUE,TRUE
participant_0089,FACES,46,63.04347826086957,29,2.5346206896551724,46,63.04347826086957,29,2.5346206896551724,TRUE,TRUE
participant_0090,FACES,41,70.73170731707317,29,2.468655172413793,41,70.73170731707317,29,2.468655172413793,TRUE,TRUE
participant_0091,FACES,42,92.85714285714286,39,2.108251282051282,42,92.85714285714286,39,2.108251282051282,TRUE,TRUE
participant_0092,FACES,39,76.92307692307693,30,4.88311,39,76.92307692307693,30,4.88311,TRUE,TRUE
participant_0093,FACES,37,72.97297297297297,27,2.667666666666667,37,72.97297297297297,27,2.667666666666667,TRUE,TRUE
participant_0094,FACES,48,64.58333333333334,31,3.234090322580645,48,64.58333333333334,31,3.234090322580645,TRUE,TRUE
participant_0095,FACES,42,80.95238095238095,34,2.1488941176470586,42,80.95238095238095,34,2.1488941176470586,TRUE,TRUE
participant_0096,FACES,51,80.3921568627451,41,2.846141463414634,51,80.3921568627451,41,2.846141463414634,TRUE,TRUE
participant_0097,FACES,44,79.54545454545455,35,2.5440885714285715,44,79.54545454545455,35,2.5440885714285715,TRUE,TRUE
participant_0098,FACES,50,48,23,2.9105217391304348,50,48,23,2.9105217391304348,TRUE,TRUE
participant_0099,FACES,46,63.04347826086957,29,2.0890724137931036,46,63.04347826086957,29,2.0890724137931036,TRUE,TRUE
participant_0100,FACES,34,79.41176470588235,27,2.2783925925925925,34,79.41176470588235,27,2.2783925925925925,TRUE,TRUE
participant_0101,FACES,30,76.66666666666667,23,3.0463652173913043,30,76.66666666666667,23,3.0463652173913043,TRUE,TRUE
participant_0102,FACES,35,94.28571428571428,33,1.9426484848484848,35,94.28571428571428,33,1.9426484848484848,TRUE,TRUE
participant_0103,FACES,38,86.8421052631579,33,3.2696363636363635,38,86.8421052631579,33,3.2696363636363635,TRUE,TRUE
participant_0104,FACES,40,72.5,28,4.262146428571429,40,72.5,28,4.262146428571429,TRUE,TRUE
participant_0105,FACES,44,77.27272727272727,34,3.066414705882353,44,77.27272727272727,34,3.066414705882353,TRUE,TRUE
participant_0106,FACES,33,87.87878787878788,29,1.6984068965517243,33,87.87878787878788,29,1.6984068965517243,TRUE,TRUE
participant_0107,FACES,36,86.11111111111111,31,3.69041935483871,36,86.11111111111111,31,3.69041935483871,TRUE,TRUE
participant_0108,FACES,38,76.31578947368422,29,3.2235793103448276,38,76.31578947368422,29,3.2235793103448276,TRUE,TRUE
participant_0109,FACES,43,83.72093023255815,36,4.219330555555556,43,83.72093023255815,36,4.219330555555556,TRUE,TRUE
participant_0110,FACES,45,75.55555555555556,34,3.948744117647059,45,75.55555555555556,34,3.948744117647059,TRUE,TRUE
participant_0111,FACES,40,65,26,2.6771423076923075,40,65,26,2.6771423076923075,TRUE,TRUE
participant_0112,FACES,44,79.54545454545455,35,3.1476571428571427,44,79.54545454545455,35,3.1476571428571427,TRUE,TRUE
participant_0113,FACES,41,90.2439024390244,37,2.700691891891892,41,90.2439024390244,37,2.700691891891892,TRUE,TRUE
participant_0114,FACES,42,92.85714285714286,39,3.3166128205128205,42,92.85714285714286,39,3.3166128205128205,TRUE,TRUE
participant_0115,FACES,52,80.76923076923077,38,4.116626315789474,52,80.76923076923077,38,4.116626315789474,TRUE,TRUE
participant_0116,FACES,37,78.37837837837837,29,2.762748275862069,37,78.37837837837837,29,2.762748275862069,TRUE,TRUE
participant_0117,FACES,38,78.94736842105263,30,2.249833333333333,38,78.94736842105263,30,2.249833333333333,TRUE,TRUE
participant_0118,FACES,46,67.3913043478261,31,1.8349935483870967,46,67.3913043478261,31,1.8349935483870967,TRUE,TRUE
participant_0119,FACES,43,67.44186046511628,28,3.74855,43,67.44186046511628,28,3.74855,TRUE,TRUE
participant_0121,FACES,46,73.91304347826086,33,4.066351515151515,46,73.91304347826086,33,4.066351515151515,TRUE,TRUE
participant_0122,FACES,42,61.904761904761905,26,2.237003846153846,42,61.904761904761905,26,2.237003846153846,TRUE,TRUE
participant_0123,FACES,37,75.67567567567568,28,1.5059285714285715,37,75.67567567567568,28,1.5059285714285715,TRUE,TRUE
participant_0124,FACES,44,75,33,2.7796151515151517,44,75,33,2.7796151515151517,TRUE,TRUE
participant_0125,FACES,36,86.11111111111111,30,4.426646666666667,36,86.11111111111111,30,4.426646666666667,TRUE,TRUE
participant_0126,FACES,39,71.7948717948718,28,1.6096035714285715,39,71.7948717948718,28,1.6096035714285715,TRUE,TRUE
participant_0127,FACES,34,70.58823529411765,24,3.2389083333333333,34,70.58823529411765,24,3.2389083333333333,TRUE,TRUE
participant_0128,FACES,35,71.42857142857143,25,2.28652,35,71.42857142857143,25,2.28652,TRUE,TRUE
participant_0129,FACES,43,72.09302325581395,31,1.8055806451612904,43,72.09302325581395,31,1.8055806451612904,TRUE,TRUE
participant_0130,FACES,42,59.523809523809526,25,4.445696,42,59.523809523809526,25,4.445696,TRUE,TRUE
participant_0131,FACES,36,58.333333333333336,21,3.9036142857142857,36,58.333333333333336,21,3.9036142857142857,TRUE,TRUE
participant_0132,FACES,36,77.77777777777779,28,2.5608785714285713,36,77.77777777777779,28,2.5608785714285713,TRUE,TRUE
participant_0133,FACES,35,85.71428571428571,30,1.7339066666666667,35,85.71428571428571,30,1.7339066666666667,TRUE,TRUE
participant_0134,FACES,41,75.60975609756098,31,2.689322580645161,41,75.60975609756098,31,2.689322580645161,TRUE,TRUE
participant_0135,FACES,39,76.92307692307693,30,2.7664066666666667,39,76.92307692307693,30,2.7664066666666667,TRUE,TRUE
participant_0136,FACES,40,75,30,2.4892833333333333,40,75,30,2.4892833333333333,TRUE,TRUE
participant_0137,FACES,40,77.5,31,2.480516129032258,40,77.5,31,2.480516129032258,TRUE,TRUE
participant_0138,FACES,33,84.84848484848484,27,2.479014814814815,33,84.84848484848484,27,2.479014814814815,TRUE,TRUE
participant_0139,FACES,43,67.44186046511628,29,2.2135172413793103,43,67.44186046511628,29,2.2135172413793103,TRUE,TRUE
participant_0140,FACES,43,93.02325581395348,40,2.047125,43,93.02325581395348,40,2.047125,TRUE,TRUE
participant_0141,FACES,34,85.29411764705883,29,4.339386206896552,34,85.29411764705883,29,4.339386206896552,TRUE,TRUE
participant_0142,FACES,38,78.94736842105263,30,1.8669966666666666,38,78.94736842105263,30,1.8669966666666666,TRUE,TRUE
participant_0143,FACES,46,73.91304347826086,34,2.4071882352941176,46,73.91304347826086,34,2.4071882352941176,TRUE,TRUE
participant_0144,FACES,41,85.36585365853658,35,2.4645885714285716,41,85.36585365853658,35,2.4645885714285716,TRUE,TRUE
participant_0145,FACES,40,72.5,29,3.1192413793103446,40,72.5,29,3.1192413793103446,TRUE,TRUE
participant_0146,FACES,35,85.71428571428571,30,2.5101466666666665,35,85.71428571428571,30,2.5101466666666665,TRUE,TRUE
participant_0147,FACES,45,80,36,4.005797222222222,45,80,36,4.005797222222222,TRUE,TRUE
participant_0148,FACES,30,66.66666666666666,20,2.468815,30,66.66666666666666,20,2.468815,TRUE,TRUE
participant_0149,FACES,40,82.5,33,3.4724848484848487,40,82.5,33,3.4724848484848487,TRUE,TRUE
participant_0150,FACES,41,82.92682926829268,34,2.6933852941176473,41,82.92682926829268,34,2.6933852941176473,TRUE,TRUE
participant_0151,FACES,38,57.89473684210527,22,2.3640045454545455,38,57.89473684210527,22,2.3640045454545455,TRUE,TRUE
participant_0152,FACES,41,80.48780487804879,33,2.646557575757576,41,80.48780487804879,33,2.646557575757576,TRUE,TRUE
participant_0153,FACES,47,87.2340425531915,41,2.8768536585365854,47,87.2340425531915,41,2.8768536585365854,TRUE,TRUE
participant_0154,FACES,41,78.04878048780488,32,1.739015625,41,78.04878048780488,32,1.739015625,TRUE,TRUE
participant_0155,FACES,35,91.42857142857143,32,2.111296875,35,91.42857142857143,32,2.111296875,TRUE,TRUE
participant_0157,FACES,37,78.37837837837837,29,3.621296551724138,37,78.37837837837837,29,3.621296551724138,TRUE,TRUE
participant_0158,FACES,37,86.48648648648648,32,2.468321875,37,86.48648648648648,32,2.468321875,TRUE,TRUE
participant_0159,FACES,32,75,24,3.0696375,32,75,24,3.0696375,TRUE,TRUE
participant_0160,FACES,39,79.48717948717949,31,2.5271387096774194,39,79.48717948717949,31,2.5271387096774194,TRUE,TRUE
participant_0161,FACES,41,75.60975609756098,30,2.850363333333333,41,75.60975609756098,30,2.850363333333333,TRUE,TRUE
participant_0162,FACES,43,88.37209302325581,38,2.335736842105263,43,88.37209302325581,38,2.335736842105263,TRUE,TRUE
participant_0163,FACES,35,82.85714285714286,29,4.447172413793103,35,82.85714285714286,29,4.447172413793103,TRUE,TRUE
participant_0164,FACES,46,93.47826086956522,43,2.165193023255814,46,93.47826086956522,43,2.165193023255814,TRUE,TRUE
participant_0165,FACES,42,78.57142857142857,33,2.237930303030303,42,78.57142857142857,33,2.237930303030303,TRUE,TRUE
participant_0166,FACES,42,85.71428571428571,35,2.4879942857142856,42,85.71428571428571,35,2.4879942857142856,TRUE,TRUE
participant_0167,FACES,36,80.55555555555556,29,2.5280172413793105,36,80.55555555555556,29,2.5280172413793105,TRUE,TRUE
participant_0168,FACES,46,82.6086956521739,38,1.581471052631579,46,82.6086956521739,38,1.581471052631579,TRUE,TRUE
participant_0169,FACES,48,60.416666666666664,29,2.425962068965517,48,60.416666666666664,29,2.425962068965517,TRUE,TRUE
participant_0170,FACES,38,73.68421052631578,28,2.468657142857143,38,73.68421052631578,28,2.468657142857143,TRUE,TRUE
participant_0171,FACES,41,78.04878048780488,32,3.396375,41,78.04878048780488,32,3.396375,TRUE,TRUE
participant_0172,FACES,43,79.06976744186046,34,3.489870588235294,43,79.06976744186046,34,3.489870588235294,TRUE,TRUE
participant_0173,FACES,47,76.59574468085107,36,2.148,47,76.59574468085107,36,2.148,TRUE,TRUE
participant_0174,FACES,38,71.05263157894737,27,2.1072962962962962,38,71.05263157894737,27,2.1072962962962962,TRUE,TRUE
participant_0175,FACES,49,65.3061224489796,32,2.808915625,49,65.3061224489796,32,2.808915625,TRUE,TRUE
participant_0176,FACES,47,80.85106382978722,37,3.290872972972973,47,80.85106382978722,37,3.290872972972973,TRUE,TRUE
participant_0177,FACES,40,82.5,33,3.967460606060606,40,82.5,33,3.967460606060606,TRUE,TRUE
participant_0178,FACES,40,37.5,15,2.90336,40,37.5,15,2.90336,TRUE,TRUE
participant_0179,FACES,36,83.33333333333334,30,2.5282666666666667,36,83.33333333333334,30,2.5282666666666667,TRUE,TRUE
participant_0180,FACES,43,48.837209302325576,21,4.496990476190477,43,48.837209302325576,21,4.496990476190477,TRUE,TRUE
participant_0181,FACES,45,71.11111111111111,32,4.4634375,45,71.11111111111111,32,4.4634375,TRUE,TRUE
participant_0182,FACES,33,69.6969696969697,23,3.3856478260869567,33,69.6969696969697,23,3.3856478260869567,TRUE,TRUE
participant_0183,FACES,38,57.89473684210527,22,2.6466363636363637,38,57.89473684210527,22,2.6466363636363637,TRUE,TRUE
participant_0184,FACES,41,95.1219512195122,39,1.7989076923076923,41,95.1219512195122,39,1.7989076923076923,TRUE,TRUE
participant_0185,FACES,44,77.27272727272727,34,2.240473529411765,44,77.27272727272727,34,2.240473529411765,TRUE,TRUE
participant_0186,FACES,40,72.5,29,2.794537931034483,40,72.5,29,2.794537931034483,TRUE,TRUE
participant_0187,FACES,40,92.5,37,2.1941324324324323,40,92.5,37,2.1941324324324323,TRUE,TRUE
participant_0188,FACES,47,85.1063829787234,40,2.4276725,47,85.1063829787234,40,2.4276725,TRUE,TRUE
participant_0189,FACES,41,75.60975609756098,31,6.541087096774194,41,75.60975609756098,31,6.541087096774194,TRUE,TRUE
participant_0190,FACES,35,80,28,3.670657142857143,35,80,28,3.670657142857143,TRUE,TRUE
participant_0191,FACES,36,91.66666666666666,33,2.488872727272727,36,91.66666666666666,33,2.488872727272727,TRUE,TRUE
participant_0192,FACES,34,52.94117647058824,18,2.585061111111111,34,52.94117647058824,18,2.585061111111111,TRUE,TRUE
participant_0193,FACES,34,88.23529411764706,30,2.4781566666666666,34,88.23529411764706,30,2.4781566666666666,TRUE,TRUE
participant_0194,FACES,43,88.37209302325581,38,3.292465789473684,43,88.37209302325581,38,3.292465789473684,TRUE,TRUE
participant_0195,FACES,42,61.904761904761905,26,2.5949615384615385,42,61.904761904761905,26,2.5949615384615385,TRUE,TRUE
participant_0196,FACES,52,67.3076923076923,35,4.6570857142857145,52,67.3076923076923,35,4.6570857142857145,TRUE,TRUE
participant_0197,FACES,47,59.57446808510638,28,2.5351142857142857,47,59.57446808510638,28,2.5351142857142857,TRUE,TRUE
participant_0198,FACES,37,81.08108108108108,30,2.87508,37,81.08108108108108,30,2.87508,TRUE,TRUE
participant_0199,FACES,35,85.71428571428571,29,6.368468965517241,35,85.71428571428571,29,6.368468965517241,TRUE,TRUE
participant_0200,FACES,38,81.57894736842105,31,2.299451612903226,38,81.57894736842105,31,2.299451612903226,TRUE,TRUE
participant_0201,FACES,40,65,26,2.3929423076923078,40,65,26,2.3929423076923078,TRUE,TRUE
participant_0202,FACES,43,83.72093023255815,36,2.3894305555555557,43,83.72093023255815,36,2.3894305555555557,TRUE,TRUE
participant_0203,FACES,37,89.1891891891892,33,4.083581818181818,37,89.1891891891892,33,4.083581818181818,TRUE,TRUE
participant_0204,FACES,36,75,27,2.6946481481481483,36,75,27,2.6946481481481483,TRUE,TRUE
participant_0205,FACES,29,65.51724137931035,17,6.707570588235294,29,65.51724137931035,17,6.707570588235294,TRUE,TRUE
participant_0206,FACES,38,68.42105263157895,26,4.0596,38,68.42105263157895,26,4.0596,TRUE,TRUE
participant_0207,FACES,42,42.857142857142854,18,3.3786666666666667,42,42.857142857142854,18,3.3786666666666667,TRUE,TRUE
participant_0208,FACES,43,83.72093023255815,36,4.315641666666667,43,83.72093023255815,36,4.315641666666667,TRUE,TRUE
participant_0209,FACES,36,88.88888888888889,32,2.220321875,36,88.88888888888889,32,2.220321875,TRUE,TRUE
participant_0210,FACES,41,82.92682926829268,34,2.8667588235294117,41,82.92682926829268,34,2.8667588235294117,TRUE,TRUE
participant_0211,FACES,35,62.857142857142854,22,4.10565,35,62.857142857142854,22,4.10565,TRUE,TRUE
participant_0212,FACES,43,72.09302325581395,31,3.295125806451613,43,72.09302325581395,31,3.295125806451613,TRUE,TRUE
participant_0213,FACES,41,85.36585365853658,35,2.42626,41,85.36585365853658,35,2.42626,TRUE,TRUE
participant_0214,FACES,32,71.875,23,4.5422782608695655,32,71.875,23,4.5422782608695655,TRUE,TRUE
participant_0215,FACES,35,85.71428571428571,30,3.28792,35,85.71428571428571,30,3.28792,TRUE,TRUE
participant_0216,FACES,43,86.04651162790698,36,3.712388888888889,43,86.04651162790698,36,3.712388888888889,TRUE,TRUE
participant_0217,FACES,34,85.29411764705883,29,3.243413793103448,34,85.29411764705883,29,3.243413793103448,TRUE,TRUE
participant_0218,FACES,39,69.23076923076923,27,2.475096296296296,39,69.23076923076923,27,2.475096296296296,TRUE,TRUE
participant_0219,FACES,41,78.04878048780488,32,3.86923125,41,78.04878048780488,32,3.86923125,TRUE,TRUE
participant_0220,FACES,41,68.29268292682927,28,2.214992857142857,41,68.29268292682927,28,2.214992857142857,TRUE,TRUE
participant_0221,FACES,35,65.71428571428571,23,2.2975652173913046,35,65.71428571428571,23,2.2975652173913046,TRUE,TRUE
participant_0222,FACES,42,78.57142857142857,33,4.576878787878788,42,78.57142857142857,33,4.576878787878788,TRUE,TRUE
participant_0223,FACES,47,87.2340425531915,41,3.021448780487805,47,87.2340425531915,41,3.021448780487805,TRUE,TRUE
participant_0225,FACES,40,77.5,31,2.528822580645161,40,77.5,31,2.528822580645161,TRUE,TRUE
participant_0226,FACES,33,93.93939393939394,31,1.676974193548387,33,93.93939393939394,31,1.676974193548387,TRUE,TRUE
participant_0227,FACES,33,69.6969696969697,23,2.4334608695652173,33,69.6969696969697,23,2.4334608695652173,TRUE,TRUE
participant_0228,FACES,30,93.33333333333333,28,2.144542857142857,30,93.33333333333333,28,2.144542857142857,TRUE,TRUE
participant_0229,FACES,43,81.3953488372093,35,2.7753914285714285,43,81.3953488372093,35,2.7753914285714285,TRUE,TRUE
participant_0230,FACES,36,80.55555555555556,29,3.3515620689655172,36,80.55555555555556,29,3.3515620689655172,TRUE,TRUE
participant_0231,FACES,31,74.19354838709677,23,2.1730782608695653,31,74.19354838709677,23,2.1730782608695653,TRUE,TRUE
participant_0232,FACES,42,73.80952380952381,31,2.7188,42,73.80952380952381,31,2.7188,TRUE,TRUE
participant_0233,FACES,36,66.66666666666666,24,2.3017916666666665,36,66.66666666666666,24,2.3017916666666665,TRUE,TRUE
participant_0234,FACES,43,74.4186046511628,32,2.8415,43,74.4186046511628,32,2.8415,TRUE,TRUE
participant_0235,FACES,40,82.5,33,2.468581818181818,40,82.5,33,2.468581818181818,TRUE,TRUE
participant_0236,FACES,35,77.14285714285715,27,2.2165,35,77.14285714285715,27,2.2165,TRUE,TRUE
participant_0237,FACES,43,60.46511627906976,26,2.4393153846153846,43,60.46511627906976,26,2.4393153846153846,TRUE,TRUE
participant_0238,FACES,42,57.14285714285714,24,4.0516375,42,57.14285714285714,24,4.0516375,TRUE,TRUE
participant_0239,FACES,40,87.5,35,1.8648857142857143,40,87.5,35,1.8648857142857143,TRUE,TRUE
participant_0240,FACES,33,78.78787878787878,25,4.851832,33,78.78787878787878,25,4.851832,TRUE,TRUE
participant_0241,FACES,41,92.6829268292683,38,4.20078947368421,41,92.6829268292683,38,4.20078947368421,TRUE,TRUE
participant_0242,FACES,45,73.33333333333333,33,2.201363636363636,45,73.33333333333333,33,2.201363636363636,TRUE,TRUE
participant_0243,FACES,41,78.04878048780488,32,2.21353125,41,78.04878048780488,32,2.21353125,TRUE,TRUE
participant_0244,FACES,38,76.31578947368422,29,4.256337931034483,38,76.31578947368422,29,4.256337931034483,TRUE,TRUE
participant_0245,FACES,37,59.45945945945946,22,2.2076818181818183,37,59.45945945945946,22,2.2076818181818183,TRUE,TRUE
participant_0246,FACES,36,69.44444444444444,25,1.7976079999999999,36,69.44444444444444,25,1.7976079999999999,TRUE,TRUE
participant_0247,FACES,37,89.1891891891892,33,2.9307939393939395,37,89.1891891891892,33,2.9307939393939395,TRUE,TRUE
participant_0248,FACES,38,63.1578947368421,23,2.9427608695652174,38,63.1578947368421,23,2.9427608695652174,TRUE,TRUE
participant_0249,FACES,30,86.66666666666667,26,4.224211538461539,30,86.66666666666667,26,4.224211538461539,TRUE,TRUE
participant_0250,FACES,43,83.72093023255815,34,4.536217647058823,43,83.72093023255815,34,4.536217647058823,TRUE,TRUE
participant_0251,FACES,42,73.80952380952381,31,2.3050870967741934,42,73.80952380952381,31,2.3050870967741934,TRUE,TRUE
participant_0252,FACES,40,95,38,2.3838263157894737,40,95,38,2.3838263157894737,TRUE,TRUE
participant_0253,FACES,40,62.5,25,4.02276,40,62.5,25,4.02276,TRUE,TRUE
participant_0254,FACES,41,80.48780487804879,33,4.456215151515152,41,80.48780487804879,33,4.456215151515152,TRUE,TRUE
participant_0255,FACES,41,68.29268292682927,27,2.8680222222222223,41,68.29268292682927,27,2.8680222222222223,TRUE,TRUE
participant_0256,FACES,39,76.92307692307693,30,2.9819566666666666,39,76.92307692307693,30,2.9819566666666666,TRUE,TRUE
participant_0257,FACES,38,78.94736842105263,29,2.923103448275862,38,78.94736842105263,29,2.923103448275862,TRUE,TRUE
participant_0258,FACES,44,75,33,1.5697272727272726,44,75,33,1.5697272727272726,TRUE,TRUE
participant_0259,FACES,39,71.7948717948718,28,2.404,39,71.7948717948718,28,2.404,TRUE,TRUE
participant_0260,FACES,45,73.33333333333333,33,2.7780454545454547,45,73.33333333333333,33,2.7780454545454547,TRUE,TRUE
participant_0262,FACES,37,78.37837837837837,29,2.309448275862069,37,78.37837837837837,29,2.309448275862069,TRUE,TRUE
participant_0263,FACES,42,64.28571428571429,27,5.1564703703703705,42,64.28571428571429,27,5.1564703703703705,TRUE,TRUE
participant_0264,FACES,37,70.27027027027027,26,1.9150076923076922,37,70.27027027027027,26,1.9150076923076922,TRUE,TRUE
participant_0265,FACES,37,78.37837837837837,29,2.950565517241379,37,78.37837837837837,29,2.950565517241379,TRUE,TRUE
participant_0266,FACES,43,83.72093023255815,36,2.9257083333333336,43,83.72093023255815,36,2.9257083333333336,TRUE,TRUE
participant_0267,FACES,39,87.17948717948718,32,6.0292625,39,87.17948717948718,32,6.0292625,TRUE,TRUE
participant_0268,FACES,39,69.23076923076923,27,3.68117037037037,39,69.23076923076923,27,3.68117037037037,TRUE,TRUE
participant_0269,FACES,38,94.73684210526315,36,3.83585,38,94.73684210526315,36,3.83585,TRUE,TRUE
participant_0270,FACES,47,89.36170212765957,42,2.6088309523809525,47,89.36170212765957,42,2.6088309523809525,TRUE,TRUE
participant_0271,FACES,37,83.78378378378379,31,2.231167741935484,37,83.78378378378379,31,2.231167741935484,TRUE,TRUE
participant_0272,FACES,41,73.17073170731707,30,3.00252,41,73.17073170731707,30,3.00252,TRUE,TRUE
participant_0273,FACES,43,86.04651162790698,37,2.1855351351351353,43,86.04651162790698,37,2.1855351351351353,TRUE,TRUE
participant_0274,FACES,40,80,32,1.92140625,40,80,32,1.92140625,TRUE,TRUE
participant_0275,FACES,38,76.31578947368422,28,3.6589642857142857,38,76.31578947368422,28,3.6589642857142857,TRUE,TRUE
participant_0276,FACES,41,90.2439024390244,37,2.016905405405405,41,90.2439024390244,37,2.016905405405405,TRUE,TRUE
participant_0277,FACES,43,83.72093023255815,36,3.5441083333333334,43,83.72093023255815,36,3.5441083333333334,TRUE,TRUE
participant_0278,FACES,38,81.57894736842105,31,3.4450322580645163,38,81.57894736842105,31,3.4450322580645163,TRUE,TRUE
participant_0279,FACES,45,84.44444444444444,38,2.5046447368421054,45,84.44444444444444,38,2.5046447368421054,TRUE,TRUE
participant_0280,FACES,40,82.5,33,2.584812121212121,40,82.5,33,2.584812121212121,TRUE,TRUE
participant_0281,FACES,43,65.11627906976744,28,2.2672392857142856,43,65.11627906976744,28,2.2672392857142856,TRUE,TRUE
participant_0282,FACES,45,77.77777777777779,35,2.889542857142857,45,77.77777777777779,35,2.889542857142857,TRUE,TRUE
participant_0283,FACES,36,61.111111111111114,22,3.4806636363636363,36,61.111111111111114,22,3.4806636363636363,TRUE,TRUE
participant_0284,FACES,48,87.5,42,2.866192857142857,48,87.5,42,2.866192857142857,TRUE,TRUE
participant_0285,FACES,53,79.24528301886792,42,3.02125,53,79.24528301886792,42,3.02125,TRUE,TRUE
participant_0286,FACES,53,62.264150943396224,33,2.1284848484848484,53,62.264150943396224,33,2.1284848484848484,TRUE,TRUE
participant_0287,FACES,47,85.1063829787234,40,1.84805,47,85.1063829787234,40,1.84805,TRUE,TRUE
participant_0288,FACES,39,89.74358974358975,35,2.5213457142857143,39,89.74358974358975,35,2.5213457142857143,TRUE,TRUE
participant_0289,FACES,42,95.23809523809523,40,3.7730725,42,95.23809523809523,40,3.7730725,TRUE,TRUE
participant_0290,FACES,41,78.04878048780488,31,3.5233032258064516,41,78.04878048780488,31,3.5233032258064516,TRUE,TRUE
participant_0291,FACES,43,76.74418604651163,33,2.3628181818181817,43,76.74418604651163,33,2.3628181818181817,TRUE,TRUE
participant_0292,FACES,40,77.5,31,2.418216129032258,40,77.5,31,2.418216129032258,TRUE,TRUE
participant_0293,FACES,32,62.5,20,3.34185,32,62.5,20,3.34185,TRUE,TRUE
participant_0294,FACES,32,81.25,26,2.0795384615384616,32,81.25,26,2.0795384615384616,TRUE,TRUE
participant_0295,FACES,47,93.61702127659575,44,3.0880318181818183,47,93.61702127659575,44,3.0880318181818183,TRUE,TRUE
participant_0296,FACES,42,88.09523809523809,37,2.718575675675676,42,88.09523809523809,37,2.718575675675676,TRUE,TRUE
participant_0297,FACES,41,65.85365853658537,27,4.746555555555555,41,65.85365853658537,27,4.746555555555555,TRUE,TRUE
participant_0298,FACES,44,77.27272727272727,34,3.878685294117647,44,77.27272727272727,34,3.878685294117647,TRUE,TRUE
participant_0309,FACES,46,73.91304347826086,34,1.2420382352941177,46,73.91304347826086,34,1.2420382352941177,TRUE,TRUE
participant_0314,FACES,43,79.06976744186046,34,2.1314911764705884,43,79.06976744186046,34,2.1314911764705884,TRUE,TRUE
participant_0332,FACES,43,69.76744186046511,30,2.8793,43,69.76744186046511,30,2.8793,TRUE,TRUE
participant_0341,FACES,14,78.57142857142857,11,3.0274,14,78.57142857142857,11,3.0274,FALSE,TRUE
participant_0342,FACES,37,86.48648648648648,32,3.664171875,37,86.48648648648648,32,3.664171875,TRUE,TRUE
participant_0347,FACES,44,59.09090909090909,22,7.4614,44,59.09090909090909,22,7.4614,TRUE,TRUE
participant_0349,FACES,41,87.8048780487805,36,4.506986111111111,41,87.8048780487805,36,4.506986111111111,TRUE,TRUE
participant_0352,FACES,48,89.58333333333334,43,3.9855767441860466,48,89.58333333333334,43,3.9855767441860466,TRUE,TRUE
participant_0358,FACES,37,75.67567567567568,28,2.227692857142857,37,75.67567567567568,28,2.227692857142857,TRUE,TRUE
participant_0366,FACES,47,70.2127659574468,32,3.854865625,47,70.2127659574468,32,3.854865625,TRUE,TRUE
participant_0368,FACES,35,80,28,2.246325,35,80,28,2.246325,TRUE,TRUE
participant_0376,FACES,38,81.57894736842105,31,3.729093548387097,38,81.57894736842105,31,3.729093548387097,TRUE,TRUE
participant_0377,FACES,38,86.8421052631579,33,2.0642424242424244,38,86.8421052631579,33,2.0642424242424244,TRUE,TRUE
participant_0379,FACES,50,90,45,3.2488244444444443,50,90,45,3.2488244444444443,TRUE,TRUE
participant_0381,FACES,40,85,34,3.326579411764706,40,85,34,3.326579411764706,TRUE,TRUE
participant_0384,FACES,35,91.42857142857143,30,4.7571,35,91.42857142857143,30,4.7571,TRUE,TRUE
participant_0386,FACES,46,65.21739130434783,29,6.402551724137931,46,65.21739130434783,29,6.402551724137931,TRUE,TRUE
participant_0392,FACES,38,92.10526315789474,35,3.164085714285714,38,92.10526315789474,35,3.164085714285714,TRUE,TRUE
participant_0394,FACES,37,72.97297297297297,27,2.588048148148148,37,72.97297297297297,27,2.588048148148148,TRUE,TRUE
participant_0400,FACES,38,78.94736842105263,30,2.5418433333333335,38,78.94736842105263,30,2.5418433333333335,TRUE,TRUE
participant_0401,FACES,41,90.2439024390244,37,2.987537837837838,41,90.2439024390244,37,2.987537837837838,TRUE,TRUE
participant_0406,FACES,34,82.35294117647058,28,2.1776285714285715,34,82.35294117647058,28,2.1776285714285715,TRUE,TRUE
participant_0407,FACES,38,50,19,1.9304000000000001,38,50,19,1.9304000000000001,TRUE,TRUE
participant_0408,FACES,42,78.57142857142857,33,4.069481818181818,42,78.57142857142857,33,4.069481818181818,TRUE,TRUE
participant_0409,FACES,36,88.88888888888889,32,2.217396875,36,88.88888888888889,32,2.217396875,TRUE,TRUE
participant_0410,FACES,35,82.85714285714286,29,3.0620413793103447,35,82.85714285714286,29,3.0620413793103447,TRUE,TRUE
participant_0411,FACES,34,85.29411764705883,29,2.5380689655172413,34,85.29411764705883,29,2.5380689655172413,TRUE,TRUE
participant_0412,FACES,49,59.183673469387756,29,2.3625310344827586,49,59.183673469387756,29,2.3625310344827586,TRUE,TRUE
participant_0413,FACES,45,62.22222222222222,28,3.3452,45,62.22222222222222,28,3.3452,TRUE,TRUE
participant_0414,FACES,41,85.36585365853658,35,2.4193828571428573,41,85.36585365853658,35,2.4193828571428573,TRUE,TRUE
participant_0415,FACES,34,26.47058823529412,5,1.26624,34,26.47058823529412,5,1.26624,TRUE,FALSE
participant_0416,FACES,37,78.37837837837837,29,2.073758620689655,37,78.37837837837837,29,2.073758620689655,TRUE,TRUE
participant_0417,FACES,39,89.74358974358975,35,2.2769514285714285,39,89.74358974358975,35,2.2769514285714285,TRUE,TRUE
participant_0418,FACES,47,82.97872340425532,39,3.6598128205128204,47,82.97872340425532,39,3.6598128205128204,TRUE,TRUE
participant_0419,FACES,37,81.08108108108108,30,2.2605166666666667,37,81.08108108108108,30,2.2605166666666667,TRUE,TRUE
participant_0420,FACES,41,63.41463414634146,26,1.981803846153846,41,63.41463414634146,26,1.981803846153846,TRUE,TRUE
participant_0421,FACES,42,83.33333333333334,35,3.12106,42,83.33333333333334,35,3.12106,TRUE,TRUE
participant_0422,FACES,35,71.42857142857143,25,4.402572,35,71.42857142857143,25,4.402572,TRUE,TRUE
participant_0423,FACES,54,70.37037037037037,38,2.407563157894737,54,70.37037037037037,38,2.407563157894737,TRUE,TRUE
participant_0424,FACES,45,51.11111111111111,23,2.7042739130434783,45,51.11111111111111,23,2.7042739130434783,TRUE,TRUE
participant_0425,FACES,39,87.17948717948718,34,2.497144117647059,39,87.17948717948718,34,2.497144117647059,TRUE,TRUE
participant_0426,FACES,49,61.224489795918366,30,3.4561666666666664,49,61.224489795918366,30,3.4561666666666664,TRUE,TRUE
participant_0427,FACES,40,62.5,25,2.126752,40,62.5,25,2.126752,TRUE,TRUE
participant_0428,FACES,42,83.33333333333334,35,2.797922857142857,42,83.33333333333334,35,2.797922857142857,TRUE,TRUE
participant_0429,FACES,38,68.42105263157895,26,2.3049461538461538,38,68.42105263157895,26,2.3049461538461538,TRUE,TRUE
participant_0430,FACES,40,75,30,1.9073566666666666,40,75,30,1.9073566666666666,TRUE,TRUE
participant_0431,FACES,35,80,28,4.271610714285714,35,80,28,4.271610714285714,TRUE,TRUE
participant_0432,FACES,43,79.06976744186046,34,3.010108823529412,43,79.06976744186046,34,3.010108823529412,TRUE,TRUE
participant_0433,FACES,40,77.5,31,3.049448387096774,40,77.5,31,3.049448387096774,TRUE,TRUE
participant_0434,FACES,39,89.74358974358975,35,3.824757142857143,39,89.74358974358975,35,3.824757142857143,TRUE,TRUE
participant_0435,FACES,46,89.13043478260869,41,3.876448780487805,46,89.13043478260869,41,3.876448780487805,TRUE,TRUE
participant_0436,FACES,41,65.85365853658537,27,5.613896296296296,41,65.85365853658537,27,5.613896296296296,TRUE,TRUE
participant_0437,FACES,31,64.51612903225806,20,1.850195,31,64.51612903225806,20,1.850195,TRUE,TRUE
participant_0438,FACES,40,50,17,3.0474117647058825,40,50,17,3.0474117647058825,TRUE,TRUE
participant_0439,FACES,37,64.86486486486487,24,2.0485416666666665,37,64.86486486486487,24,2.0485416666666665,TRUE,TRUE
participant_0440,FACES,36,77.77777777777779,28,2.552832142857143,36,77.77777777777779,28,2.552832142857143,TRUE,TRUE
participant_0441,FACES,46,76.08695652173914,35,3.5213457142857143,46,76.08695652173914,35,3.5213457142857143,TRUE,TRUE
participant_0442,FACES,37,83.78378378378379,31,2.555709677419355,37,83.78378378378379,31,2.555709677419355,TRUE,TRUE
participant_0443,FACES,35,85.71428571428571,30,2.8363366666666665,35,85.71428571428571,30,2.8363366666666665,TRUE,TRUE
participant_0444,FACES,35,62.857142857142854,22,2.6305681818181816,35,62.857142857142854,22,2.6305681818181816,TRUE,TRUE
participant_0445,FACES,40,87.5,35,2.982677142857143,40,87.5,35,2.982677142857143,TRUE,TRUE
participant_0446,FACES,34,73.52941176470588,22,6.629772727272727,34,73.52941176470588,22,6.629772727272727,TRUE,TRUE
participant_0447,FACES,46,97.82608695652173,45,2.7437022222222223,46,97.82608695652173,45,2.7437022222222223,TRUE,TRUE
participant_0448,FACES,43,93.02325581395348,40,2.4892225,43,93.02325581395348,40,2.4892225,TRUE,TRUE
participant_0449,FACES,42,59.523809523809526,25,2.350948,42,59.523809523809526,25,2.350948,TRUE,TRUE
participant_0450,FACES,47,93.61702127659575,44,2.4426227272727274,47,93.61702127659575,44,2.4426227272727274,TRUE,TRUE
participant_0451,FACES,32,78.125,24,3.8050833333333336,32,78.125,24,3.8050833333333336,TRUE,TRUE
participant_0452,FACES,34,61.76470588235294,21,1.8829666666666667,34,61.76470588235294,21,1.8829666666666667,TRUE,TRUE
participant_0453,FACES,43,72.09302325581395,31,2.252758064516129,43,72.09302325581395,31,2.252758064516129,TRUE,TRUE
participant_0454,FACES,45,26.666666666666668,12,1.0696166666666667,45,26.666666666666668,12,1.0696166666666667,TRUE,TRUE
participant_0455,FACES,39,79.48717948717949,31,2.119606451612903,39,79.48717948717949,31,2.119606451612903,TRUE,TRUE
participant_0456,FACES,41,80.48780487804879,33,5.247742424242424,41,80.48780487804879,33,5.247742424242424,TRUE,TRUE
participant_0457,FACES,34,70.58823529411765,19,4.946484210526315,34,70.58823529411765,19,4.946484210526315,TRUE,TRUE
participant_0458,FACES,38,73.68421052631578,28,1.9828428571428571,38,73.68421052631578,28,1.9828428571428571,TRUE,TRUE
participant_0459,FACES,44,84.0909090909091,37,2.655483783783784,44,84.0909090909091,37,2.655483783783784,TRUE,TRUE
participant_0461,FACES,39,74.35897435897436,29,2.9616103448275863,39,74.35897435897436,29,2.9616103448275863,TRUE,TRUE
participant_0462,FACES,43,86.04651162790698,37,4.046227027027027,43,86.04651162790698,37,4.046227027027027,TRUE,TRUE
participant_0464,FACES,49,75.51020408163265,37,2.3975324324324325,49,75.51020408163265,37,2.3975324324324325,TRUE,TRUE
participant_0465,FACES,32,68.75,22,2.692840909090909,32,68.75,22,2.692840909090909,TRUE,TRUE
participant_0466,FACES,37,89.1891891891892,33,1.879181818181818,37,89.1891891891892,33,1.879181818181818,TRUE,TRUE
participant_0467,FACES,46,91.30434782608695,42,2.2953571428571427,46,91.30434782608695,42,2.2953571428571427,TRUE,TRUE
participant_0468,FACES,39,74.35897435897436,29,2.810686206896552,39,74.35897435897436,29,2.810686206896552,TRUE,TRUE
participant_0469,FACES,39,76.92307692307693,29,2.4115310344827585,39,76.92307692307693,29,2.4115310344827585,TRUE,TRUE
participant_0470,FACES,33,75.75757575757575,25,3.562084,33,75.75757575757575,25,3.562084,TRUE,TRUE
participant_0471,FACES,41,70.73170731707317,29,2.5129448275862067,41,70.73170731707317,29,2.5129448275862067,TRUE,TRUE
participant_0472,FACES,39,66.66666666666666,26,3.822596153846154,39,66.66666666666666,26,3.822596153846154,TRUE,TRUE
participant_0473,FACES,34,76.47058823529412,26,2.100280769230769,34,76.47058823529412,26,2.100280769230769,TRUE,TRUE
participant_0474,FACES,37,83.78378378378379,31,3.5942903225806453,37,83.78378378378379,31,3.5942903225806453,TRUE,TRUE
participant_0475,FACES,37,64.86486486486487,24,2.9240625,37,64.86486486486487,24,2.9240625,TRUE,TRUE
participant_0476,FACES,37,62.16216216216216,23,4.6833347826086955,37,62.16216216216216,23,4.6833347826086955,TRUE,TRUE
participant_0477,FACES,35,74.28571428571429,26,2.06605,35,74.28571428571429,26,2.06605,TRUE,TRUE
participant_0478,FACES,37,81.08108108108108,30,3.8995033333333335,37,81.08108108108108,30,3.8995033333333335,TRUE,TRUE
participant_0479,FACES,37,67.56756756756756,25,2.960932,37,67.56756756756756,25,2.960932,TRUE,TRUE
participant_0480,FACES,39,66.66666666666666,26,2.672053846153846,39,66.66666666666666,26,2.672053846153846,TRUE,TRUE
participant_0481,FACES,42,78.57142857142857,33,2.7554424242424242,42,78.57142857142857,33,2.7554424242424242,TRUE,TRUE
participant_0482,FACES,46,73.91304347826086,33,2.230057575757576,46,73.91304347826086,33,2.230057575757576,TRUE,TRUE
participant_0483,FACES,38,44.73684210526316,17,1.8477058823529413,38,44.73684210526316,17,1.8477058823529413,TRUE,TRUE
participant_0484,FACES,37,81.08108108108108,29,2.8771379310344827,37,81.08108108108108,29,2.8771379310344827,TRUE,TRUE
participant_0485,FACES,39,74.35897435897436,29,1.7615206896551725,39,74.35897435897436,29,1.7615206896551725,TRUE,TRUE
participant_0486,FACES,46,82.6086956521739,38,2.7355947368421054,46,82.6086956521739,38,2.7355947368421054,TRUE,TRUE
participant_0487,FACES,39,76.92307692307693,30,2.021376666666667,39,76.92307692307693,30,2.021376666666667,TRUE,TRUE
participant_0488,FACES,37,67.56756756756756,25,4.001532,37,67.56756756756756,25,4.001532,TRUE,TRUE
participant_0489,FACES,44,81.81818181818183,36,2.7839638888888887,44,81.81818181818183,36,2.7839638888888887,TRUE,TRUE
participant_0490,FACES,41,78.04878048780488,32,2.445190625,41,78.04878048780488,32,2.445190625,TRUE,TRUE
participant_0491,FACES,38,78.94736842105263,30,2.6809533333333335,38,78.94736842105263,30,2.6809533333333335,TRUE,TRUE
participant_0492,FACES,39,69.23076923076923,27,2.264037037037037,39,69.23076923076923,27,2.264037037037037,TRUE,TRUE
participant_0493,FACES,43,81.3953488372093,34,3.423320588235294,43,81.3953488372093,34,3.423320588235294,TRUE,TRUE
participant_0494,FACES,38,94.73684210526315,36,3.0352805555555555,38,94.73684210526315,36,3.0352805555555555,TRUE,TRUE
participant_0495,FACES,43,65.11627906976744,28,2.2498214285714284,43,65.11627906976744,28,2.2498214285714284,TRUE,TRUE
participant_0496,FACES,42,78.57142857142857,33,2.2304878787878786,42,78.57142857142857,33,2.2304878787878786,TRUE,TRUE
participant_0497,FACES,43,74.4186046511628,32,2.5540374999999997,43,74.4186046511628,32,2.5540374999999997,TRUE,TRUE
participant_0498,FACES,36,77.77777777777779,27,4.802003703703703,36,77.77777777777779,27,4.802003703703703,TRUE,TRUE
participant_0500,FACES,41,80.48780487804879,33,2.7144969696969694,41,80.48780487804879,33,2.7144969696969694,TRUE,TRUE
participant_0501,FACES,38,71.05263157894737,27,2.836651851851852,38,71.05263157894737,27,2.836651851851852,TRUE,TRUE
participant_0502,FACES,44,79.54545454545455,35,2.462682857142857,44,79.54545454545455,35,2.462682857142857,TRUE,TRUE
participant_0503,FACES,40,65,26,2.766553846153846,40,65,26,2.766553846153846,TRUE,TRUE
participant_0504,FACES,35,71.42857142857143,25,3.296004,35,71.42857142857143,25,3.296004,TRUE,TRUE
participant_0505,FACES,40,90,36,3.3038055555555554,40,90,36,3.3038055555555554,TRUE,TRUE
participant_0507,FACES,35,85.71428571428571,30,2.483233333333333,35,85.71428571428571,30,2.483233333333333,TRUE,TRUE
participant_0508,FACES,39,74.35897435897436,29,2.6207103448275864,39,74.35897435897436,29,2.6207103448275864,TRUE,TRUE
participant_0509,FACES,30,70,20,3.870085,30,70,20,3.870085,TRUE,TRUE
participant_0510,FACES,38,84.21052631578947,32,3.964171875,38,84.21052631578947,32,3.964171875,TRUE,TRUE
participant_0511,FACES,38,71.05263157894737,27,4.036711111111111,38,71.05263157894737,27,4.036711111111111,TRUE,TRUE
participant_0512,FACES,37,75.67567567567568,28,3.3676464285714287,37,75.67567567567568,28,3.3676464285714287,TRUE,TRUE
participant_0513,FACES,38,81.57894736842105,31,2.664216129032258,38,81.57894736842105,31,2.664216129032258,TRUE,TRUE
participant_0514,FACES,42,85.71428571428571,36,3.007608333333333,42,85.71428571428571,36,3.007608333333333,TRUE,TRUE
participant_0515,FACES,39,69.23076923076923,27,2.9869962962962964,39,69.23076923076923,27,2.9869962962962964,TRUE,TRUE
participant_0516,FACES,36,66.66666666666666,24,3.515616666666667,36,66.66666666666666,24,3.515616666666667,TRUE,TRUE
participant_0517,FACES,38,71.05263157894737,27,1.6979481481481482,38,71.05263157894737,27,1.6979481481481482,TRUE,TRUE
participant_0518,FACES,43,76.74418604651163,33,2.635442424242424,43,76.74418604651163,33,2.635442424242424,TRUE,TRUE
participant_0519,FACES,41,75.60975609756098,31,2.351916129032258,41,75.60975609756098,31,2.351916129032258,TRUE,TRUE
participant_0520,FACES,34,76.47058823529412,26,1.923769230769231,34,76.47058823529412,26,1.923769230769231,TRUE,TRUE
participant_0522,FACES,40,72.5,29,1.6943103448275862,40,72.5,29,1.6943103448275862,TRUE,TRUE
participant_0523,FACES,39,58.97435897435898,23,1.9685652173913044,39,58.97435897435898,23,1.9685652173913044,TRUE,TRUE
participant_0524,FACES,43,72.09302325581395,31,2.370322580645161,43,72.09302325581395,31,2.370322580645161,TRUE,TRUE
participant_0525,FACES,44,79.54545454545455,35,3.3646857142857143,44,79.54545454545455,35,3.3646857142857143,TRUE,TRUE
participant_0526,FACES,31,70.96774193548387,22,2.7509318181818183,31,70.96774193548387,22,2.7509318181818183,TRUE,TRUE
participant_0527,FACES,34,76.47058823529412,26,2.539846153846154,34,76.47058823529412,26,2.539846153846154,TRUE,TRUE
participant_0528,FACES,42,69.04761904761905,25,4.398156,42,69.04761904761905,25,4.398156,TRUE,TRUE
participant_0529,FACES,42,92.85714285714286,39,1.9167307692307693,42,92.85714285714286,39,1.9167307692307693,TRUE,TRUE
participant_0530,FACES,43,60.46511627906976,26,2.4714423076923078,43,60.46511627906976,26,2.4714423076923078,TRUE,TRUE
participant_0531,FACES,44,75,33,2.7054969696969695,44,75,33,2.7054969696969695,TRUE,TRUE
participant_0532,FACES,42,78.57142857142857,33,1.8093242424242424,42,78.57142857142857,33,1.8093242424242424,TRUE,TRUE
participant_0533,FACES,41,82.92682926829268,34,2.5705382352941175,41,82.92682926829268,34,2.5705382352941175,TRUE,TRUE
participant_0534,FACES,32,90.625,29,2.1657793103448277,32,90.625,29,2.1657793103448277,TRUE,TRUE
participant_0535,FACES,45,86.66666666666667,39,3.5907153846153848,45,86.66666666666667,39,3.5907153846153848,TRUE,TRUE
participant_0536,FACES,43,74.4186046511628,32,1.94581875,43,74.4186046511628,32,1.94581875,TRUE,TRUE
participant_0537,FACES,38,89.47368421052632,34,2.7461470588235293,38,89.47368421052632,34,2.7461470588235293,TRUE,TRUE
participant_0538,FACES,43,86.04651162790698,37,4.141208108108108,43,86.04651162790698,37,4.141208108108108,TRUE,TRUE
participant_0539,FACES,39,69.23076923076923,27,2.7908925925925927,39,69.23076923076923,27,2.7908925925925927,TRUE,TRUE
participant_0540,FACES,37,64.86486486486487,24,3.23145,37,64.86486486486487,24,3.23145,TRUE,TRUE
participant_0541,FACES,45,88.88888888888889,40,2.589035,45,88.88888888888889,40,2.589035,TRUE,TRUE
participant_0542,FACES,38,92.10526315789474,35,2.5498257142857144,38,92.10526315789474,35,2.5498257142857144,TRUE,TRUE
participant_0543,FACES,50,86,43,2.2129883720930232,50,86,43,2.2129883720930232,TRUE,TRUE
participant_0544,FACES,48,83.33333333333334,40,2.40214,48,83.33333333333334,40,2.40214,TRUE,TRUE
participant_0545,FACES,43,69.76744186046511,30,2.7074866666666666,43,69.76744186046511,30,2.7074866666666666,TRUE,TRUE
participant_0546,FACES,47,87.2340425531915,41,2.6416536585365855,47,87.2340425531915,41,2.6416536585365855,TRUE,TRUE
participant_0547,FACES,43,72.09302325581395,31,3.84258064516129,43,72.09302325581395,31,3.84258064516129,TRUE,TRUE
participant_0548,FACES,42,80.95238095238095,34,3.020088235294118,42,80.95238095238095,34,3.020088235294118,TRUE,TRUE
participant_0549,FACES,38,94.73684210526315,36,2.5747722222222222,38,94.73684210526315,36,2.5747722222222222,TRUE,TRUE
participant_0550,FACES,42,59.523809523809526,25,1.89088,42,59.523809523809526,25,1.89088,TRUE,TRUE
participant_0552,FACES,42,83.33333333333334,35,3.222737142857143,42,83.33333333333334,35,3.222737142857143,TRUE,TRUE
participant_0553,FACES,45,71.11111111111111,32,4.24840625,45,71.11111111111111,32,4.24840625,TRUE,TRUE
participant_0554,FACES,37,83.78378378378379,31,2.2218129032258065,37,83.78378378378379,31,2.2218129032258065,TRUE,TRUE
participant_0555,FACES,41,73.17073170731707,30,3.28474,41,73.17073170731707,30,3.28474,TRUE,TRUE
participant_0556,FACES,43,67.44186046511628,29,1.8899344827586206,43,67.44186046511628,29,1.8899344827586206,TRUE,TRUE
participant_0557,FACES,40,75,30,2.02588,40,75,30,2.02588,TRUE,TRUE
participant_0558,FACES,31,74.19354838709677,23,2.361817391304348,31,74.19354838709677,23,2.361817391304348,TRUE,TRUE
participant_0559,FACES,38,78.94736842105263,30,3.2933666666666666,38,78.94736842105263,30,3.2933666666666666,TRUE,TRUE
participant_0560,FACES,42,66.66666666666666,28,1.8120571428571428,42,66.66666666666666,28,1.8120571428571428,TRUE,TRUE
participant_0561,FACES,40,87.5,35,2.258528571428571,40,87.5,35,2.258528571428571,TRUE,TRUE
participant_0563,FACES,46,91.30434782608695,42,3.163447619047619,46,91.30434782608695,42,3.163447619047619,TRUE,TRUE
participant_0564,FACES,43,86.04651162790698,37,1.7837567567567567,43,86.04651162790698,37,1.7837567567567567,TRUE,TRUE
participant_0565,FACES,32,78.125,25,4.49466,32,78.125,25,4.49466,TRUE,TRUE
participant_0566,FACES,46,71.73913043478261,33,2.1967151515151517,46,71.73913043478261,33,2.1967151515151517,TRUE,TRUE
participant_0567,FACES,39,82.05128205128204,32,2.07166875,39,82.05128205128204,32,2.07166875,TRUE,TRUE
participant_0568,FACES,45,57.77777777777777,26,1.5139423076923078,45,57.77777777777777,26,1.5139423076923078,TRUE,TRUE
participant_0569,FACES,47,74.46808510638297,35,2.1248428571428573,47,74.46808510638297,35,2.1248428571428573,TRUE,TRUE
participant_0570,FACES,36,77.77777777777779,28,2.762960714285714,36,77.77777777777779,28,2.762960714285714,TRUE,TRUE
participant_0571,FACES,46,76.08695652173914,35,3.51354,46,76.08695652173914,35,3.51354,TRUE,TRUE
participant_0572,FACES,43,74.4186046511628,32,2.04758125,43,74.4186046511628,32,2.04758125,TRUE,TRUE
participant_0573,FACES,43,79.06976744186046,34,2.1214411764705883,43,79.06976744186046,34,2.1214411764705883,TRUE,TRUE
participant_0574,FACES,33,81.81818181818183,27,1.7974074074074073,33,81.81818181818183,27,1.7974074074074073,TRUE,TRUE
participant_0575,FACES,35,71.42857142857143,25,2.285012,35,71.42857142857143,25,2.285012,TRUE,TRUE
participant_0576,FACES,36,77.77777777777779,28,2.5307142857142857,36,77.77777777777779,28,2.5307142857142857,TRUE,TRUE
participant_0577,FACES,39,79.48717948717949,31,2.1375032258064515,39,79.48717948717949,31,2.1375032258064515,TRUE,TRUE
participant_0578,FACES,30,83.33333333333334,25,2.60274,30,83.33333333333334,25,2.60274,TRUE,TRUE
participant_0580,FACES,40,92.5,37,3.697427027027027,40,92.5,37,3.697427027027027,TRUE,TRUE
participant_0581,FACES,48,77.08333333333334,37,3.3738108108108107,48,77.08333333333334,37,3.3738108108108107,TRUE,TRUE
participant_0582,FACES,36,77.77777777777779,28,2.3654,36,77.77777777777779,28,2.3654,TRUE,TRUE
participant_0583,FACES,41,78.04878048780488,32,3.383684375,41,78.04878048780488,32,3.383684375,TRUE,TRUE
participant_0584,FACES,39,79.48717948717949,30,9.88599,39,79.48717948717949,30,9.88599,TRUE,TRUE
participant_0585,FACES,38,73.68421052631578,28,3.0664785714285716,38,73.68421052631578,28,3.0664785714285716,TRUE,TRUE
participant_0586,FACES,41,90.2439024390244,37,2.6091351351351353,41,90.2439024390244,37,2.6091351351351353,TRUE,TRUE
participant_0587,FACES,34,64.70588235294117,22,2.8572545454545453,34,64.70588235294117,22,2.8572545454545453,TRUE,TRUE
participant_0588,FACES,48,81.25,39,3.0365846153846157,48,81.25,39,3.0365846153846157,TRUE,TRUE
participant_0589,FACES,41,75.60975609756098,31,2.149816129032258,41,75.60975609756098,31,2.149816129032258,TRUE,TRUE
participant_0590,FACES,39,69.23076923076923,26,3.088392307692308,39,69.23076923076923,26,3.088392307692308,TRUE,TRUE
participant_0591,FACES,39,97.43589743589743,38,3.4981605263157896,39,97.43589743589743,38,3.4981605263157896,TRUE,TRUE
participant_0592,FACES,42,80.95238095238095,34,3.159676470588235,42,80.95238095238095,34,3.159676470588235,TRUE,TRUE
participant_0593,FACES,40,87.5,35,3.517382857142857,40,87.5,35,3.517382857142857,TRUE,TRUE
participant_0594,FACES,44,77.27272727272727,34,2.001894117647059,44,77.27272727272727,34,2.001894117647059,TRUE,TRUE
participant_0595,FACES,31,77.41935483870968,24,2.50725,31,77.41935483870968,24,2.50725,TRUE,TRUE
participant_0596,FACES,38,89.47368421052632,34,2.3731470588235295,38,89.47368421052632,34,2.3731470588235295,TRUE,TRUE
participant_0597,FACES,41,70.73170731707317,29,2.9247275862068967,41,70.73170731707317,29,2.9247275862068967,TRUE,TRUE
participant_0598,FACES,35,71.42857142857143,25,2.434784,35,71.42857142857143,25,2.434784,TRUE,TRUE
participant_0599,FACES,38,84.21052631578947,32,3.163609375,38,84.21052631578947,32,3.163609375,TRUE,TRUE
participant_0601,FACES,37,86.48648648648648,32,2.1295,37,86.48648648648648,32,2.1295,TRUE,TRUE
participant_0602,FACES,42,66.66666666666666,28,3.4614857142857143,42,66.66666666666666,28,3.4614857142857143,TRUE,TRUE
participant_0603,FACES,46,80.43478260869566,37,1.8850594594594594,46,80.43478260869566,37,1.8850594594594594,TRUE,TRUE
participant_0604,FACES,33,69.6969696969697,20,4.210275,33,69.6969696969697,20,4.210275,TRUE,TRUE
participant_0605,FACES,35,68.57142857142857,24,2.5121083333333334,35,68.57142857142857,24,2.5121083333333334,TRUE,TRUE
participant_0606,FACES,37,81.08108108108108,29,3.2158275862068963,37,81.08108108108108,29,3.2158275862068963,TRUE,TRUE
participant_0607,FACES,37,72.97297297297297,27,2.9083740740740742,37,72.97297297297297,27,2.9083740740740742,TRUE,TRUE
participant_0608,FACES,31,93.54838709677419,29,3.7908620689655175,31,93.54838709677419,29,3.7908620689655175,TRUE,TRUE
participant_0609,FACES,42,71.42857142857143,29,2.1336758620689653,42,71.42857142857143,29,2.1336758620689653,TRUE,TRUE
participant_0610,FACES,36,75,27,2.275914814814815,36,75,27,2.275914814814815,TRUE,TRUE
participant_0611,FACES,34,70.58823529411765,24,4.1701875,34,70.58823529411765,24,4.1701875,TRUE,TRUE
participant_0612,FACES,36,86.11111111111111,31,3.3183483870967745,36,86.11111111111111,31,3.3183483870967745,TRUE,TRUE
participant_0613,FACES,36,69.44444444444444,25,2.188668,36,69.44444444444444,25,2.188668,TRUE,TRUE
participant_0614,FACES,37,75.67567567567568,28,2.9146,37,75.67567567567568,28,2.9146,TRUE,TRUE
participant_0615,FACES,42,90.47619047619048,38,2.500394736842105,42,90.47619047619048,38,2.500394736842105,TRUE,TRUE
participant_0616,FACES,40,72.5,29,2.246220689655172,40,72.5,29,2.246220689655172,TRUE,TRUE
participant_0617,FACES,36,77.77777777777779,28,3.159167857142857,36,77.77777777777779,28,3.159167857142857,TRUE,TRUE
participant_0618,FACES,38,81.57894736842105,31,2.402316129032258,38,81.57894736842105,31,2.402316129032258,TRUE,TRUE
participant_0619,FACES,34,73.52941176470588,24,2.055245833333333,34,73.52941176470588,24,2.055245833333333,TRUE,TRUE
participant_0620,FACES,44,68.18181818181817,29,2.8985620689655174,44,68.18181818181817,29,2.8985620689655174,TRUE,TRUE
participant_0621,FACES,41,82.92682926829268,34,2.5159823529411764,41,82.92682926829268,34,2.5159823529411764,TRUE,TRUE
participant_0622,FACES,41,85.36585365853658,35,2.87774,41,85.36585365853658,35,2.87774,TRUE,TRUE
participant_0623,FACES,48,91.66666666666666,44,3.8632545454545455,48,91.66666666666666,44,3.8632545454545455,TRUE,TRUE
participant_0624,FACES,32,81.25,26,2.0969615384615383,32,81.25,26,2.0969615384615383,TRUE,TRUE
participant_0625,FACES,43,86.04651162790698,37,3.276027027027027,43,86.04651162790698,37,3.276027027027027,TRUE,TRUE
participant_0626,FACES,40,87.5,35,4.44782,40,87.5,35,4.44782,TRUE,TRUE
participant_0627,FACES,34,58.82352941176471,20,2.6932549999999997,34,58.82352941176471,20,2.6932549999999997,TRUE,TRUE
participant_0629,FACES,42,78.57142857142857,33,2.9769515151515153,42,78.57142857142857,33,2.9769515151515153,TRUE,TRUE
participant_0631,FACES,41,87.8048780487805,36,1.8662583333333334,41,87.8048780487805,36,1.8662583333333334,TRUE,TRUE
participant_0632,FACES,37,81.08108108108108,30,3.1847,37,81.08108108108108,30,3.1847,TRUE,TRUE
participant_0633,FACES,45,84.44444444444444,38,3.4229236842105264,45,84.44444444444444,38,3.4229236842105264,TRUE,TRUE
participant_0634,FACES,29,79.3103448275862,23,2.7007,29,79.3103448275862,23,2.7007,TRUE,TRUE
participant_0635,FACES,44,93.18181818181817,39,3.2570153846153844,44,93.18181818181817,39,3.2570153846153844,TRUE,TRUE
participant_0636,FACES,41,70.73170731707317,29,3.6269689655172415,41,70.73170731707317,29,3.6269689655172415,TRUE,TRUE
participant_0638,FACES,46,65.21739130434783,30,3.3202000000000003,46,65.21739130434783,30,3.3202000000000003,TRUE,TRUE
participant_0639,FACES,45,60,27,3.3989777777777777,45,60,27,3.3989777777777777,TRUE,TRUE
participant_0640,FACES,39,89.74358974358975,35,3.556777142857143,39,89.74358974358975,35,3.556777142857143,TRUE,TRUE
participant_0641,FACES,49,87.75510204081633,43,3.3708,49,87.75510204081633,43,3.3708,TRUE,TRUE
participant_0642,FACES,42,88.09523809523809,37,4.126337837837838,42,88.09523809523809,37,4.126337837837838,TRUE,TRUE
participant_0643,FACES,42,85.71428571428571,36,3.045427777777778,42,85.71428571428571,36,3.045427777777778,TRUE,TRUE
participant_0644,FACES,41,68.29268292682927,28,2.299960714285714,41,68.29268292682927,28,2.299960714285714,TRUE,TRUE
participant_0645,FACES,46,73.91304347826086,34,3.62115,46,73.91304347826086,34,3.62115,TRUE,TRUE
participant_0646,FACES,31,96.7741935483871,30,2.70449,31,96.7741935483871,30,2.70449,TRUE,TRUE
participant_0647,FACES,43,69.76744186046511,30,2.9444533333333336,43,69.76744186046511,30,2.9444533333333336,TRUE,TRUE
participant_0648,FACES,36,66.66666666666666,23,3.4304347826086956,36,66.66666666666666,23,3.4304347826086956,TRUE,TRUE
participant_0649,FACES,43,76.74418604651163,33,2.159960606060606,43,76.74418604651163,33,2.159960606060606,TRUE,TRUE
participant_0651,FACES,39,56.41025641025641,22,1.8288272727272727,39,56.41025641025641,22,1.8288272727272727,TRUE,TRUE
participant_0652,FACES,42,57.14285714285714,24,2.0167166666666665,42,57.14285714285714,24,2.0167166666666665,TRUE,TRUE
participant_0653,FACES,38,86.8421052631579,33,2.9196545454545455,38,86.8421052631579,33,2.9196545454545455,TRUE,TRUE
participant_0654,FACES,37,89.1891891891892,31,4.461809677419355,37,89.1891891891892,31,4.461809677419355,TRUE,TRUE
participant_0655,FACES,35,74.28571428571429,21,3.6570095238095237,35,74.28571428571429,21,3.6570095238095237,TRUE,TRUE
participant_0656,FACES,37,81.08108108108108,30,4.066966666666667,37,81.08108108108108,30,4.066966666666667,TRUE,TRUE
participant_0657,FACES,42,66.66666666666666,27,4.393325925925926,42,66.66666666666666,27,4.393325925925926,TRUE,TRUE
participant_0658,FACES,48,75,36,2.2947777777777776,48,75,36,2.2947777777777776,TRUE,TRUE
participant_0659,FACES,38,78.94736842105263,30,1.8127166666666668,38,78.94736842105263,30,1.8127166666666668,TRUE,TRUE
participant_0660,FACES,45,17.77777777777778,2,0.5972,45,17.77777777777778,2,0.5972,TRUE,FALSE
participant_0661,FACES,45,77.77777777777779,35,5.061328571428572,45,77.77777777777779,35,5.061328571428572,TRUE,TRUE
participant_0662,FACES,35,71.42857142857143,25,2.726092,35,71.42857142857143,25,2.726092,TRUE,TRUE
participant_0663,FACES,40,87.5,35,3.147542857142857,40,87.5,35,3.147542857142857,TRUE,TRUE
participant_0664,FACES,29,62.06896551724138,18,4.701044444444444,29,62.06896551724138,18,4.701044444444444,TRUE,TRUE
participant_0665,FACES,49,55.10204081632652,27,3.0005074074074076,49,55.10204081632652,27,3.0005074074074076,TRUE,TRUE
participant_0667,FACES,36,88.88888888888889,32,5.833403125,36,88.88888888888889,32,5.833403125,TRUE,TRUE
participant_0668,FACES,32,84.375,27,3.6393703703703704,32,84.375,27,3.6393703703703704,TRUE,TRUE
participant_0669,FACES,34,91.17647058823529,31,3.064806451612903,34,91.17647058823529,31,3.064806451612903,TRUE,TRUE
participant_0670,FACES,34,79.41176470588235,27,4.963825925925926,34,79.41176470588235,27,4.963825925925926,TRUE,TRUE
participant_0673,FACES,42,76.19047619047619,32,3.021453125,42,76.19047619047619,32,3.021453125,TRUE,TRUE
participant_0674,FACES,35,74.28571428571429,26,3.2318884615384618,35,74.28571428571429,26,3.2318884615384618,TRUE,TRUE
participant_0675,FACES,42,71.42857142857143,30,2.8850333333333333,42,71.42857142857143,30,2.8850333333333333,TRUE,TRUE
participant_0676,FACES,40,62.5,25,4.15266,40,62.5,25,4.15266,TRUE,TRUE
participant_0677,FACES,40,95,38,3.4093368421052634,40,95,38,3.4093368421052634,TRUE,TRUE
participant_0678,FACES,45,88.88888888888889,40,2.7201625,45,88.88888888888889,40,2.7201625,TRUE,TRUE
participant_0679,FACES,37,72.97297297297297,27,3.080414814814815,37,72.97297297297297,27,3.080414814814815,TRUE,TRUE
participant_0680,FACES,39,51.28205128205128,19,4.9145473684210526,39,51.28205128205128,19,4.9145473684210526,TRUE,TRUE
participant_0681,FACES,44,84.0909090909091,37,3.7244864864864864,44,84.0909090909091,37,3.7244864864864864,TRUE,TRUE
participant_0682,FACES,41,85.36585365853658,35,5.2398171428571425,41,85.36585365853658,35,5.2398171428571425,TRUE,TRUE
participant_0683,FACES,42,73.80952380952381,31,2.1786967741935483,42,73.80952380952381,31,2.1786967741935483,TRUE,TRUE
participant_0684,FACES,35,68.57142857142857,24,5.1305958333333335,35,68.57142857142857,24,5.1305958333333335,TRUE,TRUE
participant_0686,FACES,45,93.33333333333333,41,4.2100682926829265,45,93.33333333333333,41,4.2100682926829265,TRUE,TRUE
participant_0687,FACES,40,80,32,2.943590625,40,80,32,2.943590625,TRUE,TRUE
participant_0688,FACES,40,85,34,2.9807323529411764,40,85,34,2.9807323529411764,TRUE,TRUE
participant_0689,FACES,43,93.02325581395348,40,3.4593925,43,93.02325581395348,40,3.4593925,TRUE,TRUE
participant_0690,FACES,40,80,32,2.769625,40,80,32,2.769625,TRUE,TRUE
participant_0691,FACES,45,84.44444444444444,38,4.1003842105263155,45,84.44444444444444,38,4.1003842105263155,TRUE,TRUE
participant_0692,FACES,40,72.5,29,1.9242793103448275,40,72.5,29,1.9242793103448275,TRUE,TRUE
participant_0693,FACES,35,88.57142857142857,31,4.383016129032258,35,88.57142857142857,31,4.383016129032258,TRUE,TRUE
participant_0694,FACES,37,78.37837837837837,29,3.0546344827586207,37,78.37837837837837,29,3.0546344827586207,TRUE,TRUE
participant_0695,FACES,35,82.85714285714286,28,6.638757142857143,35,82.85714285714286,28,6.638757142857143,TRUE,TRUE
participant_0696,FACES,43,81.3953488372093,35,2.3917142857142855,43,81.3953488372093,35,2.3917142857142855,TRUE,TRUE
participant_0697,FACES,39,82.05128205128204,32,2.76726875,39,82.05128205128204,32,2.76726875,TRUE,TRUE
participant_0699,FACES,43,81.3953488372093,35,2.3055285714285714,43,81.3953488372093,35,2.3055285714285714,TRUE,TRUE
participant_0702,FACES,1,100,1,3.5635,1,100,1,3.5635,FALSE,FALSE
participant_0703,FACES,14,50,6,6.761383333333334,14,50,6,6.761383333333334,FALSE,FALSE
participant_0704,FACES,42,85.71428571428571,36,2.123502777777778,42,85.71428571428571,36,2.123502777777778,TRUE,TRUE
participant_0705,FACES,38,76.31578947368422,29,2.198,38,76.31578947368422,29,2.198,TRUE,TRUE
participant_0706,FACES,45,60,27,3.076174074074074,45,60,27,3.076174074074074,TRUE,TRUE
participant_0708,FACES,35,85.71428571428571,30,2.6734566666666666,35,85.71428571428571,30,2.6734566666666666,TRUE,TRUE
participant_0709,FACES,39,69.23076923076923,27,2.319014814814815,39,69.23076923076923,27,2.319014814814815,TRUE,TRUE
participant_0710,FACES,38,76.31578947368422,29,4.696851724137931,38,76.31578947368422,29,4.696851724137931,TRUE,TRUE
participant_0711,FACES,44,79.54545454545455,34,2.456120588235294,44,79.54545454545455,34,2.456120588235294,TRUE,TRUE
participant_0712,FACES,45,82.22222222222221,37,2.8734702702702704,45,82.22222222222221,37,2.8734702702702704,TRUE,TRUE
participant_0713,FACES,35,65.71428571428571,23,3.4100217391304346,35,65.71428571428571,23,3.4100217391304346,TRUE,TRUE
participant_0714,FACES,44,86.36363636363636,37,2.956316216216216,44,86.36363636363636,37,2.956316216216216,TRUE,TRUE
participant_0715,FACES,38,76.31578947368422,29,2.3584206896551723,38,76.31578947368422,29,2.3584206896551723,TRUE,TRUE
participant_0716,FACES,41,97.5609756097561,40,4.48806,41,97.5609756097561,40,4.48806,TRUE,TRUE
participant_0718,FACES,40,77.5,31,3.483003225806452,40,77.5,31,3.483003225806452,TRUE,TRUE
participant_0719,FACES,41,70.73170731707317,28,3.3308285714285715,41,70.73170731707317,28,3.3308285714285715,TRUE,TRUE
participant_0722,FACES,41,75.60975609756098,31,2.0745806451612903,41,75.60975609756098,31,2.0745806451612903,TRUE,TRUE
participant_0723,FACES,39,66.66666666666666,26,2.1971846153846153,39,66.66666666666666,26,2.1971846153846153,TRUE,TRUE
participant_0725,FACES,38,68.42105263157895,26,3.1896653846153846,38,68.42105263157895,26,3.1896653846153846,TRUE,TRUE
participant_0726,FACES,39,74.35897435897436,29,3.2120103448275863,39,74.35897435897436,29,3.2120103448275863,TRUE,TRUE
participant_0727,FACES,40,75,30,6.194266666666667,40,75,30,6.194266666666667,TRUE,TRUE
participant_0728,FACES,44,79.54545454545455,35,4.4184,44,79.54545454545455,35,4.4184,TRUE,TRUE
participant_0730,FACES,32,84.375,27,2.103514814814815,32,84.375,27,2.103514814814815,TRUE,TRUE
participant_0732,FACES,40,72.5,29,2.7206206896551723,40,72.5,29,2.7206206896551723,TRUE,TRUE
participant_0733,FACES,39,82.05128205128204,32,3.4529187500000003,39,82.05128205128204,32,3.4529187500000003,TRUE,TRUE
participant_0734,FACES,50,82,39,2.9506358974358973,50,82,39,2.9506358974358973,TRUE,TRUE
participant_0735,FACES,36,91.66666666666666,32,2.455765625,36,91.66666666666666,32,2.455765625,TRUE,TRUE
participant_0736,FACES,41,60.97560975609756,22,3.942613636363636,41,60.97560975609756,22,3.942613636363636,TRUE,TRUE
participant_0740,FACES,34,82.35294117647058,28,2.25685,34,82.35294117647058,28,2.25685,TRUE,TRUE
participant_0741,FACES,38,78.94736842105263,30,2.25533,38,78.94736842105263,30,2.25533,TRUE,TRUE
participant_0742,FACES,41,78.04878048780488,32,3.352590625,41,78.04878048780488,32,3.352590625,TRUE,TRUE
participant_0743,FACES,41,65.85365853658537,27,2.532837037037037,41,65.85365853658537,27,2.532837037037037,TRUE,TRUE
participant_0744,FACES,41,68.29268292682927,28,1.9036392857142859,41,68.29268292682927,28,1.9036392857142859,TRUE,TRUE
participant_0745,FACES,38,86.8421052631579,33,3.074063636363636,38,86.8421052631579,33,3.074063636363636,TRUE,TRUE
participant_0747,FACES,41,85.36585365853658,33,2.1620757575757574,41,85.36585365853658,33,2.1620757575757574,TRUE,TRUE
participant_0752,FACES,40,85,34,2.6424176470588234,40,85,34,2.6424176470588234,TRUE,TRUE
participant_0753,FACES,47,82.97872340425532,39,4.1927641025641025,47,82.97872340425532,39,4.1927641025641025,TRUE,TRUE
participant_0761,FACES,40,75,30,3.951833333333333,40,75,30,3.951833333333333,TRUE,TRUE
participant_0763,FACES,37,64.86486486486487,24,2.2062291666666667,37,64.86486486486487,24,2.2062291666666667,TRUE,TRUE
participant_0764,FACES,42,90.47619047619048,37,3.209845945945946,42,90.47619047619048,37,3.209845945945946,TRUE,TRUE
participant_0765,FACES,38,76.31578947368422,29,3.788403448275862,38,76.31578947368422,29,3.788403448275862,TRUE,TRUE
participant_0766,FACES,3,66.66666666666666,2,8.87105,3,66.66666666666666,2,8.87105,FALSE,FALSE
participant_0768,FACES,36,86.11111111111111,31,2.845977419354839,36,86.11111111111111,31,2.845977419354839,TRUE,TRUE
participant_0770,FACES,39,58.97435897435898,23,2.1738652173913042,39,58.97435897435898,23,2.1738652173913042,TRUE,TRUE
participant_0771,FACES,41,85.36585365853658,35,2.4057742857142856,41,85.36585365853658,35,2.4057742857142856,TRUE,TRUE
participant_0772,FACES,37,83.78378378378379,31,4.094796774193548,37,83.78378378378379,31,4.094796774193548,TRUE,TRUE
participant_0773,FACES,1,0,0,,1,0,0,,FALSE,FALSE
participant_0775,FACES,34,73.52941176470588,25,3.654096,34,73.52941176470588,25,3.654096,TRUE,TRUE
participant_0776,FACES,38,86.8421052631579,33,2.2677666666666667,38,86.8421052631579,33,2.2677666666666667,TRUE,TRUE
participant_0777,FACES,35,68.57142857142857,24,2.483379166666667,35,68.57142857142857,24,2.483379166666667,TRUE,TRUE
participant_0778,FACES,39,48.717948717948715,17,2.4101,39,48.717948717948715,17,2.4101,TRUE,TRUE
participant_0779,FACES,37,70.27027027027027,26,2.133953846153846,37,70.27027027027027,26,2.133953846153846,TRUE,TRUE
participant_0780,FACES,39,66.66666666666666,25,7.040712,39,66.66666666666666,25,7.040712,TRUE,TRUE
participant_0781,FACES,26,69.23076923076923,8,7.686675,26,69.23076923076923,8,7.686675,TRUE,FALSE
participant_0783,FACES,38,92.10526315789474,35,4.618948571428572,38,92.10526315789474,35,4.618948571428572,TRUE,TRUE
participant_0784,FACES,42,80.95238095238095,34,2.1703029411764705,42,80.95238095238095,34,2.1703029411764705,TRUE,TRUE
participant_0785,FACES,37,70.27027027027027,26,3.175507692307692,37,70.27027027027027,26,3.175507692307692,TRUE,TRUE
participant_0787,FACES,32,71.875,23,7.068808695652174,32,71.875,23,7.068808695652174,TRUE,TRUE
participant_0788,FACES,40,80,32,3.555884375,40,80,32,3.555884375,TRUE,TRUE
participant_0789,FACES,38,60.526315789473685,23,4.322478260869565,38,60.526315789473685,23,4.322478260869565,TRUE,TRUE
participant_0790,FACES,41,75.60975609756098,31,2.548341935483871,41,75.60975609756098,31,2.548341935483871,TRUE,TRUE
participant_0792,FACES,31,93.54838709677419,29,2.1780068965517243,31,93.54838709677419,29,2.1780068965517243,TRUE,TRUE
participant_0793,FACES,37,81.08108108108108,30,3.38067,37,81.08108108108108,30,3.38067,TRUE,TRUE
participant_0794,FACES,43,74.4186046511628,32,5.0805125,43,74.4186046511628,32,5.0805125,TRUE,TRUE
participant_0795,FACES,44,88.63636363636364,39,1.4712666666666667,44,88.63636363636364,39,1.4712666666666667,TRUE,TRUE
participant_0796,FACES,41,78.04878048780488,32,2.057071875,41,78.04878048780488,32,2.057071875,TRUE,TRUE
participant_0797,FACES,47,74.46808510638297,35,2.3674857142857144,47,74.46808510638297,35,2.3674857142857144,TRUE,TRUE
participant_0798,FACES,39,82.05128205128204,32,3.076984375,39,82.05128205128204,32,3.076984375,TRUE,TRUE
participant_0800,FACES,35,82.85714285714286,29,3.631089655172414,35,82.85714285714286,29,3.631089655172414,TRUE,TRUE
participant_0801,FACES,32,75,24,3.7846125,32,75,24,3.7846125,TRUE,TRUE
participant_0802,FACES,40,60,24,2.793325,40,60,24,2.793325,TRUE,TRUE
participant_0803,FACES,42,73.80952380952381,31,3.4350129032258065,42,73.80952380952381,31,3.4350129032258065,TRUE,TRUE
participant_0804,FACES,37,78.37837837837837,29,3.322937931034483,37,78.37837837837837,29,3.322937931034483,TRUE,TRUE
participant_0807,FACES,43,74.4186046511628,32,2.748615625,43,74.4186046511628,32,2.748615625,TRUE,TRUE
participant_0808,FACES,36,77.77777777777779,28,2.3232142857142857,36,77.77777777777779,28,2.3232142857142857,TRUE,TRUE
participant_0809,FACES,32,75,24,3.923245833333333,32,75,24,3.923245833333333,TRUE,TRUE
participant_0810,FACES,39,74.35897435897436,29,2.3769310344827588,39,74.35897435897436,29,2.3769310344827588,TRUE,TRUE
participant_0811,FACES,38,73.68421052631578,28,2.959460714285714,38,73.68421052631578,28,2.959460714285714,TRUE,TRUE
participant_0812,FACES,47,76.59574468085107,36,3.066397222222222,47,76.59574468085107,36,3.066397222222222,TRUE,TRUE
participant_0813,FACES,39,84.61538461538461,33,3.321769696969697,39,84.61538461538461,33,3.321769696969697,TRUE,TRUE
participant_0814,FACES,39,74.35897435897436,29,2.82568275862069,39,74.35897435897436,29,2.82568275862069,TRUE,TRUE
participant_0815,FACES,42,73.80952380952381,31,3.4591548387096775,42,73.80952380952381,31,3.4591548387096775,TRUE,TRUE
participant_0816,FACES,48,75,36,2.5635055555555555,48,75,36,2.5635055555555555,TRUE,TRUE
participant_0817,FACES,39,84.61538461538461,33,2.5754848484848485,39,84.61538461538461,33,2.5754848484848485,TRUE,TRUE
participant_0818,FACES,43,69.76744186046511,30,3.7843033333333334,43,69.76744186046511,30,3.7843033333333334,TRUE,TRUE
participant_0819,FACES,42,71.42857142857143,30,3.20681,42,71.42857142857143,30,3.20681,TRUE,TRUE
participant_0820,FACES,48,68.75,32,4.325540625,48,68.75,32,4.325540625,TRUE,TRUE
participant_0821,FACES,26,69.23076923076923,18,4.1523,26,69.23076923076923,18,4.1523,TRUE,TRUE
participant_0822,FACES,39,64.1025641025641,25,6.25274,39,64.1025641025641,25,6.25274,TRUE,TRUE
participant_0823,FACES,32,56.25,18,2.054666666666667,32,56.25,18,2.054666666666667,TRUE,TRUE
participant_0824,FACES,42,76.19047619047619,32,4.589884375,42,76.19047619047619,32,4.589884375,TRUE,TRUE
participant_0825,FACES,37,83.78378378378379,29,2.760541379310345,37,83.78378378378379,29,2.760541379310345,TRUE,TRUE
participant_0826,FACES,49,51.02040816326531,25,2.9226680000000003,49,51.02040816326531,25,2.9226680000000003,TRUE,TRUE
participant_0827,FACES,39,69.23076923076923,27,2.8732925925925925,39,69.23076923076923,27,2.8732925925925925,TRUE,TRUE
participant_0828,FACES,39,66.66666666666666,26,1.8749153846153845,39,66.66666666666666,26,1.8749153846153845,TRUE,TRUE
participant_0829,FACES,34,88.23529411764706,30,1.5413066666666666,34,88.23529411764706,30,1.5413066666666666,TRUE,TRUE
participant_0830,FACES,44,75,33,2.4392424242424244,44,75,33,2.4392424242424244,TRUE,TRUE
participant_0831,FACES,40,85,34,1.7385088235294117,40,85,34,1.7385088235294117,TRUE,TRUE
participant_0832,FACES,48,83.33333333333334,40,3.2774925,48,83.33333333333334,40,3.2774925,TRUE,TRUE
participant_0833,FACES,42,78.57142857142857,33,2.108187878787879,42,78.57142857142857,33,2.108187878787879,TRUE,TRUE
participant_0834,FACES,40,85,34,2.6057264705882353,40,85,34,2.6057264705882353,TRUE,TRUE
participant_0835,FACES,39,61.53846153846154,24,2.8627083333333334,39,61.53846153846154,24,2.8627083333333334,TRUE,TRUE
participant_0836,FACES,36,77.77777777777779,28,2.6981571428571427,36,77.77777777777779,28,2.6981571428571427,TRUE,TRUE
participant_0837,FACES,41,78.04878048780488,32,2.64124375,41,78.04878048780488,32,2.64124375,TRUE,TRUE
participant_0838,FACES,47,78.72340425531915,37,2.6288054054054055,47,78.72340425531915,37,2.6288054054054055,TRUE,TRUE
participant_0839,FACES,43,81.3953488372093,35,2.797942857142857,43,81.3953488372093,35,2.797942857142857,TRUE,TRUE
participant_0840,FACES,37,75.67567567567568,28,3.9498857142857142,37,75.67567567567568,28,3.9498857142857142,TRUE,TRUE
participant_0841,FACES,37,86.48648648648648,32,2.616984375,37,86.48648648648648,32,2.616984375,TRUE,TRUE
participant_0842,FACES,44,93.18181818181817,41,3.2738756097560975,44,93.18181818181817,41,3.2738756097560975,TRUE,TRUE
participant_0843,FACES,39,69.23076923076923,27,3.688188888888889,39,69.23076923076923,27,3.688188888888889,TRUE,TRUE
participant_0844,FACES,47,82.97872340425532,39,1.7174871794871795,47,82.97872340425532,39,1.7174871794871795,TRUE,TRUE
participant_0845,FACES,37,86.48648648648648,32,2.076334375,37,86.48648648648648,32,2.076334375,TRUE,TRUE
participant_0846,FACES,45,82.22222222222221,37,2.357827027027027,45,82.22222222222221,37,2.357827027027027,TRUE,TRUE
participant_0847,FACES,41,53.65853658536586,22,1.49365,41,53.65853658536586,22,1.49365,TRUE,TRUE
participant_0848,FACES,38,78.94736842105263,30,2.4657233333333335,38,78.94736842105263,30,2.4657233333333335,TRUE,TRUE
participant_0849,FACES,43,48.837209302325576,20,2.799675,43,48.837209302325576,20,2.799675,TRUE,TRUE
participant_0850,FACES,42,88.09523809523809,37,2.0878378378378377,42,88.09523809523809,37,2.0878378378378377,TRUE,TRUE
participant_0851,FACES,43,76.74418604651163,33,1.9518090909090908,43,76.74418604651163,33,1.9518090909090908,TRUE,TRUE
participant_0852,FACES,44,70.45454545454545,31,3.2845935483870967,44,70.45454545454545,31,3.2845935483870967,TRUE,TRUE
participant_0853,FACES,46,84.78260869565217,38,2.9208210526315788,46,84.78260869565217,38,2.9208210526315788,TRUE,TRUE
participant_0854,FACES,46,82.6086956521739,38,2.503007894736842,46,82.6086956521739,38,2.503007894736842,TRUE,TRUE
participant_0855,FACES,41,78.04878048780488,32,2.59931875,41,78.04878048780488,32,2.59931875,TRUE,TRUE
participant_0856,FACES,44,81.81818181818183,36,3.3788444444444443,44,81.81818181818183,36,3.3788444444444443,TRUE,TRUE
participant_0857,FACES,43,67.44186046511628,29,2.865944827586207,43,67.44186046511628,29,2.865944827586207,TRUE,TRUE
participant_0858,FACES,43,81.3953488372093,35,2.5340942857142856,43,81.3953488372093,35,2.5340942857142856,TRUE,TRUE
participant_0859,FACES,33,90.9090909090909,30,3.2433366666666665,33,90.9090909090909,30,3.2433366666666665,TRUE,TRUE
participant_0860,FACES,33,75.75757575757575,25,3.559256,33,75.75757575757575,25,3.559256,TRUE,TRUE
participant_0861,FACES,39,82.05128205128204,32,2.0249375,39,82.05128205128204,32,2.0249375,TRUE,TRUE
participant_0862,FACES,38,63.1578947368421,24,2.5153583333333334,38,63.1578947368421,24,2.5153583333333334,TRUE,TRUE
participant_0863,FACES,39,71.7948717948718,28,1.8948607142857143,39,71.7948717948718,28,1.8948607142857143,TRUE,TRUE
participant_0864,FACES,41,65.85365853658537,27,3.088074074074074,41,65.85365853658537,27,3.088074074074074,TRUE,TRUE
participant_0865,FACES,45,80,36,2.601758333333333,45,80,36,2.601758333333333,TRUE,TRUE
participant_0866,FACES,38,71.05263157894737,27,2.8984814814814817,38,71.05263157894737,27,2.8984814814814817,TRUE,TRUE
participant_0867,FACES,45,75.55555555555556,34,2.6881794117647058,45,75.55555555555556,34,2.6881794117647058,TRUE,TRUE
participant_0868,FACES,42,71.42857142857143,30,3.00365,42,71.42857142857143,30,3.00365,TRUE,TRUE
participant_0869,FACES,37,94.5945945945946,35,2.4037457142857144,37,94.5945945945946,35,2.4037457142857144,TRUE,TRUE
participant_0870,FACES,38,86.8421052631579,33,1.7065151515151515,38,86.8421052631579,33,1.7065151515151515,TRUE,TRUE
participant_0871,FACES,43,79.06976744186046,34,3.2299882352941176,43,79.06976744186046,34,3.2299882352941176,TRUE,TRUE
participant_0872,FACES,43,60.46511627906976,26,3.402042307692308,43,60.46511627906976,26,3.402042307692308,TRUE,TRUE
participant_0873,FACES,40,90,36,2.999216666666667,40,90,36,2.999216666666667,TRUE,TRUE
participant_0874,FACES,39,94.87179487179486,37,3.3880405405405405,39,94.87179487179486,37,3.3880405405405405,TRUE,TRUE
participant_0875,FACES,40,70,28,3.4814392857142855,40,70,28,3.4814392857142855,TRUE,TRUE
participant_0876,FACES,44,90.9090909090909,40,2.3512075,44,90.9090909090909,40,2.3512075,TRUE,TRUE
participant_0877,FACES,46,89.13043478260869,37,2.450754054054054,46,89.13043478260869,37,2.450754054054054,TRUE,TRUE
participant_0878,FACES,40,72.5,29,2.9080068965517243,40,72.5,29,2.9080068965517243,TRUE,TRUE
participant_0879,FACES,49,87.75510204081633,43,2.629204651162791,49,87.75510204081633,43,2.629204651162791,TRUE,TRUE
participant_0880,FACES,40,87.5,35,3.185977142857143,40,87.5,35,3.185977142857143,TRUE,TRUE
participant_0881,FACES,40,60,24,2.502470833333333,40,60,24,2.502470833333333,TRUE,TRUE
participant_0882,FACES,34,88.23529411764706,30,2.79638,34,88.23529411764706,30,2.79638,TRUE,TRUE
participant_0883,FACES,39,84.61538461538461,33,3.110121212121212,39,84.61538461538461,33,3.110121212121212,TRUE,TRUE
participant_0884,FACES,39,71.7948717948718,28,2.8452107142857144,39,71.7948717948718,28,2.8452107142857144,TRUE,TRUE
participant_0885,FACES,38,71.05263157894737,27,3.4250592592592595,38,71.05263157894737,27,3.4250592592592595,TRUE,TRUE
participant_0886,FACES,43,81.3953488372093,35,3.1493114285714285,43,81.3953488372093,35,3.1493114285714285,TRUE,TRUE
participant_0887,FACES,33,66.66666666666666,22,4.852836363636364,33,66.66666666666666,22,4.852836363636364,TRUE,TRUE
participant_0888,FACES,37,81.08108108108108,30,2.9528233333333334,37,81.08108108108108,30,2.9528233333333334,TRUE,TRUE
participant_0889,FACES,35,80,27,3.012922222222222,35,80,27,3.012922222222222,TRUE,TRUE
participant_0890,FACES,41,92.6829268292683,38,3.150478947368421,41,92.6829268292683,38,3.150478947368421,TRUE,TRUE
participant_0891,FACES,46,78.26086956521739,36,2.5245333333333333,46,78.26086956521739,36,2.5245333333333333,TRUE,TRUE
participant_0892,FACES,42,61.904761904761905,26,2.9534115384615385,42,61.904761904761905,26,2.9534115384615385,TRUE,TRUE
participant_0893,FACES,36,83.33333333333334,30,2.607336666666667,36,83.33333333333334,30,2.607336666666667,TRUE,TRUE
participant_0894,FACES,39,71.7948717948718,28,1.8261928571428572,39,71.7948717948718,28,1.8261928571428572,TRUE,TRUE
participant_0895,FACES,33,72.72727272727273,24,2.09615,33,72.72727272727273,24,2.09615,TRUE,TRUE
participant_0896,FACES,39,76.92307692307693,30,2.266573333333333,39,76.92307692307693,30,2.266573333333333,TRUE,TRUE
participant_0897,FACES,32,87.5,28,3.287464285714286,32,87.5,28,3.287464285714286,TRUE,TRUE
participant_0898,FACES,42,66.66666666666666,28,2.906110714285714,42,66.66666666666666,28,2.906110714285714,TRUE,TRUE
participant_0899,FACES,47,59.57446808510638,28,2.3914178571428573,47,59.57446808510638,28,2.3914178571428573,TRUE,TRUE
participant_0900,FACES,44,65.9090909090909,29,2.3108310344827587,44,65.9090909090909,29,2.3108310344827587,TRUE,TRUE
participant_0901,FACES,27,70.37037037037037,19,2.0572894736842104,27,70.37037037037037,19,2.0572894736842104,TRUE,TRUE
participant_0902,FACES,46,82.6086956521739,38,2.2042105263157894,46,82.6086956521739,38,2.2042105263157894,TRUE,TRUE
participant_0903,FACES,42,80.95238095238095,33,3.3679060606060607,42,80.95238095238095,33,3.3679060606060607,TRUE,TRUE
participant_0904,FACES,42,85.71428571428571,34,2.5177029411764704,42,85.71428571428571,34,2.5177029411764704,TRUE,TRUE
participant_0905,FACES,40,75,30,2.287943333333333,40,75,30,2.287943333333333,TRUE,TRUE
participant_0906,FACES,36,61.111111111111114,22,2.8387363636363636,36,61.111111111111114,22,2.8387363636363636,TRUE,TRUE
participant_0907,FACES,40,72.5,29,3.2579931034482756,40,72.5,29,3.2579931034482756,TRUE,TRUE
participant_0908,FACES,40,85,34,2.1981323529411765,40,85,34,2.1981323529411765,TRUE,TRUE
participant_0909,FACES,37,72.97297297297297,27,4.163574074074074,37,72.97297297297297,27,4.163574074074074,TRUE,TRUE
participant_0910,FACES,42,83.33333333333334,35,2.875585714285714,42,83.33333333333334,35,2.875585714285714,TRUE,TRUE
participant_0911,FACES,35,51.42857142857142,18,3.149122222222222,35,51.42857142857142,18,3.149122222222222,TRUE,TRUE
participant_0912,FACES,45,82.22222222222221,36,4.1464083333333335,45,82.22222222222221,36,4.1464083333333335,TRUE,TRUE
participant_0913,FACES,36,77.77777777777779,28,2.1798928571428573,36,77.77777777777779,28,2.1798928571428573,TRUE,TRUE
participant_0914,FACES,38,97.36842105263158,37,4.70927027027027,38,97.36842105263158,37,4.70927027027027,TRUE,TRUE
participant_0915,FACES,42,80.95238095238095,34,2.7528882352941175,42,80.95238095238095,34,2.7528882352941175,TRUE,TRUE
participant_0917,FACES,39,69.23076923076923,27,2.5712925925925925,39,69.23076923076923,27,2.5712925925925925,TRUE,TRUE
participant_0918,FACES,33,66.66666666666666,22,2.7495727272727275,33,66.66666666666666,22,2.7495727272727275,TRUE,TRUE
participant_0920,FACES,39,69.23076923076923,27,2.790566666666667,39,69.23076923076923,27,2.790566666666667,TRUE,TRUE
participant_0921,FACES,36,83.33333333333334,29,3.1542206896551725,36,83.33333333333334,29,3.1542206896551725,TRUE,TRUE
participant_0922,FACES,45,84.44444444444444,38,3.51205,45,84.44444444444444,38,3.51205,TRUE,TRUE
participant_0923,FACES,42,64.28571428571429,27,3.3867185185185185,42,64.28571428571429,27,3.3867185185185185,TRUE,TRUE
participant_0924,FACES,46,82.6086956521739,38,2.260273684210526,46,82.6086956521739,38,2.260273684210526,TRUE,TRUE
participant_0925,FACES,38,92.10526315789474,35,3.8657314285714284,38,92.10526315789474,35,3.8657314285714284,TRUE,TRUE
participant_0926,FACES,44,77.27272727272727,34,1.9997647058823529,44,77.27272727272727,34,1.9997647058823529,TRUE,TRUE
participant_0928,FACES,49,71.42857142857143,35,3.399714285714286,49,71.42857142857143,35,3.399714285714286,TRUE,TRUE
participant_0929,FACES,46,82.6086956521739,38,2.4515105263157895,46,82.6086956521739,38,2.4515105263157895,TRUE,TRUE
participant_0930,FACES,37,83.78378378378379,31,7.957709677419355,37,83.78378378378379,31,7.957709677419355,TRUE,TRUE
participant_0931,FACES,47,63.829787234042556,30,3.4696366666666667,47,63.829787234042556,30,3.4696366666666667,TRUE,TRUE
participant_0933,FACES,35,91.42857142857143,32,4.046609375,35,91.42857142857143,32,4.046609375,TRUE,TRUE
participant_0934,FACES,36,69.44444444444444,25,1.42714,36,69.44444444444444,25,1.42714,TRUE,TRUE
participant_0935,FACES,48,83.33333333333334,38,2.842657894736842,48,83.33333333333334,38,2.842657894736842,TRUE,TRUE
participant_0939,FACES,38,57.89473684210527,22,2.7391272727272726,38,57.89473684210527,22,2.7391272727272726,TRUE,TRUE
participant_0940,FACES,44,65.9090909090909,29,3.3948275862068966,44,65.9090909090909,29,3.3948275862068966,TRUE,TRUE
participant_0941,FACES,41,75.60975609756098,31,2.814758064516129,41,75.60975609756098,31,2.814758064516129,TRUE,TRUE
participant_0942,FACES,40,75,30,2.81071,40,75,30,2.81071,TRUE,TRUE
participant_0943,FACES,33,78.78787878787878,26,2.201653846153846,33,78.78787878787878,26,2.201653846153846,TRUE,TRUE
participant_0944,FACES,37,83.78378378378379,31,1.8450354838709677,37,83.78378378378379,31,1.8450354838709677,TRUE,TRUE
participant_0945,FACES,42,90.47619047619048,38,2.004947368421053,42,90.47619047619048,38,2.004947368421053,TRUE,TRUE
participant_0947,FACES,37,81.08108108108108,30,2.2497433333333334,37,81.08108108108108,30,2.2497433333333334,TRUE,TRUE
participant_0948,FACES,45,77.77777777777779,35,2.229562857142857,45,77.77777777777779,35,2.229562857142857,TRUE,TRUE
participant_0951,FACES,35,62.857142857142854,22,1.9258727272727274,35,62.857142857142854,22,1.9258727272727274,TRUE,TRUE
participant_0952,FACES,43,88.37209302325581,38,2.8954842105263157,43,88.37209302325581,38,2.8954842105263157,TRUE,TRUE
participant_0953,FACES,34,76.47058823529412,26,3.650603846153846,34,76.47058823529412,26,3.650603846153846,TRUE,TRUE
participant_0954,FACES,39,82.05128205128204,32,2.898371875,39,82.05128205128204,32,2.898371875,TRUE,TRUE
participant_0956,FACES,45,82.22222222222221,37,3.078445945945946,45,82.22222222222221,37,3.078445945945946,TRUE,TRUE
participant_0957,FACES,43,83.72093023255815,36,3.4646555555555554,43,83.72093023255815,36,3.4646555555555554,TRUE,TRUE
participant_0958,FACES,46,63.04347826086957,29,3.174151724137931,46,63.04347826086957,29,3.174151724137931,TRUE,TRUE
participant_0959,FACES,42,78.57142857142857,33,3.0340666666666665,42,78.57142857142857,33,3.0340666666666665,TRUE,TRUE
participant_0960,FACES,44,75,33,3.3126969696969697,44,75,33,3.3126969696969697,TRUE,TRUE
participant_0961,FACES,41,63.41463414634146,26,1.8817038461538462,41,63.41463414634146,26,1.8817038461538462,TRUE,TRUE
participant_0962,FACES,39,53.84615384615385,21,4.8322095238095235,39,53.84615384615385,21,4.8322095238095235,TRUE,TRUE
participant_0963,FACES,47,82.97872340425532,39,3.3434564102564104,47,82.97872340425532,39,3.3434564102564104,TRUE,TRUE
participant_0964,FACES,34,79.41176470588235,27,2.0493444444444444,34,79.41176470588235,27,2.0493444444444444,TRUE,TRUE
participant_0965,FACES,47,74.46808510638297,35,2.2796285714285713,47,74.46808510638297,35,2.2796285714285713,TRUE,TRUE
participant_0966,FACES,43,60.46511627906976,26,2.8324115384615385,43,60.46511627906976,26,2.8324115384615385,TRUE,TRUE
participant_0967,FACES,38,89.47368421052632,34,3.9593323529411766,38,89.47368421052632,34,3.9593323529411766,TRUE,TRUE
participant_0968,FACES,36,66.66666666666666,24,2.15645,36,66.66666666666666,24,2.15645,TRUE,TRUE
participant_0969,FACES,39,71.7948717948718,28,2.6228571428571428,39,71.7948717948718,28,2.6228571428571428,TRUE,TRUE
participant_0970,FACES,39,94.87179487179486,37,2.587818918918919,39,94.87179487179486,37,2.587818918918919,TRUE,TRUE
participant_0972,FACES,41,73.17073170731707,30,2.22528,41,73.17073170731707,30,2.22528,TRUE,TRUE
participant_0973,FACES,37,64.86486486486487,24,1.7260916666666666,37,64.86486486486487,24,1.7260916666666666,TRUE,TRUE
participant_0975,FACES,34,79.41176470588235,25,2.747172,34,79.41176470588235,25,2.747172,TRUE,TRUE
participant_0976,FACES,43,67.44186046511628,29,2.1848137931034484,43,67.44186046511628,29,2.1848137931034484,TRUE,TRUE
participant_0977,FACES,43,58.139534883720934,25,1.991388,43,58.139534883720934,25,1.991388,TRUE,TRUE
participant_0978,FACES,39,64.1025641025641,25,2.925356,39,64.1025641025641,25,2.925356,TRUE,TRUE
participant_0979,FACES,38,65.78947368421053,25,2.508532,38,65.78947368421053,25,2.508532,TRUE,TRUE
participant_0980,FACES,37,72.97297297297297,27,3.8819555555555554,37,72.97297297297297,27,3.8819555555555554,TRUE,TRUE
participant_0981,FACES,36,69.44444444444444,25,2.19952,36,69.44444444444444,25,2.19952,TRUE,TRUE
participant_0984,FACES,45,71.11111111111111,30,5.35113,45,71.11111111111111,30,5.35113,TRUE,TRUE
participant_0985,FACES,39,84.61538461538461,33,3.027727272727273,39,84.61538461538461,33,3.027727272727273,TRUE,TRUE
participant_0986,FACES,39,61.53846153846154,24,1.5827625,39,61.53846153846154,24,1.5827625,TRUE,TRUE
participant_0989,FACES,36,72.22222222222221,26,1.7313423076923078,36,72.22222222222221,26,1.7313423076923078,TRUE,TRUE
participant_0990,FACES,34,67.64705882352942,23,1.721821739130435,34,67.64705882352942,23,1.721821739130435,TRUE,TRUE
participant_0992,FACES,10,60,6,4.332966666666667,10,60,6,4.332966666666667,FALSE,FALSE
participant_0994,FACES,35,71.42857142857143,25,3.3772759999999997,35,71.42857142857143,25,3.3772759999999997,TRUE,TRUE
participant_0995,FACES,40,70,28,3.726857142857143,40,70,28,3.726857142857143,TRUE,TRUE
participant_0996,FACES,35,62.857142857142854,22,1.8131454545454546,35,62.857142857142854,22,1.8131454545454546,TRUE,TRUE
participant_0997,FACES,27,77.77777777777779,20,4.242385,27,77.77777777777779,20,4.242385,TRUE,TRUE
participant_0998,FACES,40,77.5,31,2.1947129032258066,40,77.5,31,2.1947129032258066,TRUE,TRUE
participant_1000,FACES,39,64.1025641025641,25,2.53776,39,64.1025641025641,25,2.53776,TRUE,TRUE
participant_1001,FACES,46,73.91304347826086,34,3.072794117647059,46,73.91304347826086,34,3.072794117647059,TRUE,TRUE
participant_1002,FACES,39,82.05128205128204,32,2.120890625,39,82.05128205128204,32,2.120890625,TRUE,TRUE
participant_1003,FACES,32,81.25,26,4.163319230769231,32,81.25,26,4.163319230769231,TRUE,TRUE
participant_1004,FACES,40,90,36,2.7175555555555557,40,90,36,2.7175555555555557,TRUE,TRUE
participant_1005,FACES,49,67.3469387755102,33,1.713230303030303,49,67.3469387755102,33,1.713230303030303,TRUE,TRUE
participant_1006,FACES,48,81.25,34,3.1155176470588235,48,81.25,34,3.1155176470588235,TRUE,TRUE
participant_1007,FACES,34,70.58823529411765,24,3.92745,34,70.58823529411765,24,3.92745,TRUE,TRUE
participant_1008,FACES,45,46.666666666666664,21,3.8623333333333334,45,46.666666666666664,21,3.8623333333333334,TRUE,TRUE
participant_1009,FACES,42,88.09523809523809,37,2.882527027027027,42,88.09523809523809,37,2.882527027027027,TRUE,TRUE
participant_1011,FACES,39,53.84615384615385,21,2.4143190476190477,39,53.84615384615385,21,2.4143190476190477,TRUE,TRUE
participant_1012,FACES,39,71.7948717948718,28,1.7961392857142857,39,71.7948717948718,28,1.7961392857142857,TRUE,TRUE
participant_1015,FACES,46,84.78260869565217,39,4.216871794871795,46,84.78260869565217,39,4.216871794871795,TRUE,TRUE
participant_1017,FACES,39,89.74358974358975,34,3.8306764705882355,39,89.74358974358975,34,3.8306764705882355,TRUE,TRUE
participant_1018,FACES,36,80.55555555555556,28,2.8615857142857144,36,80.55555555555556,28,2.8615857142857144,TRUE,TRUE
participant_1019,FACES,46,89.13043478260869,41,3.763039024390244,46,89.13043478260869,41,3.763039024390244,TRUE,TRUE
participant_1020,FACES,41,53.65853658536586,22,3.729909090909091,41,53.65853658536586,22,3.729909090909091,TRUE,TRUE
participant_1021,FACES,30,93.33333333333333,28,3.714617857142857,30,93.33333333333333,28,3.714617857142857,TRUE,TRUE
participant_1022,FACES,44,70.45454545454545,31,2.5281258064516128,44,70.45454545454545,31,2.5281258064516128,TRUE,TRUE
participant_1024,FACES,40,70,28,3.0031392857142856,40,70,28,3.0031392857142856,TRUE,TRUE
participant_1025,FACES,41,82.92682926829268,34,2.2951264705882353,41,82.92682926829268,34,2.2951264705882353,TRUE,TRUE
participant_1026,FACES,34,73.52941176470588,25,1.773772,34,73.52941176470588,25,1.773772,TRUE,TRUE
participant_1028,FACES,50,66,33,2.382221212121212,50,66,33,2.382221212121212,TRUE,TRUE
participant_1029,FACES,35,68.57142857142857,24,2.5829166666666667,35,68.57142857142857,24,2.5829166666666667,TRUE,TRUE
participant_1031,FACES,32,84.375,27,5.32537037037037,32,84.375,27,5.32537037037037,TRUE,TRUE
participant_1033,FACES,47,74.46808510638297,35,2.5382228571428573,47,74.46808510638297,35,2.5382228571428573,TRUE,TRUE
participant_1034,FACES,37,78.37837837837837,29,3.416413793103448,37,78.37837837837837,29,3.416413793103448,TRUE,TRUE
participant_1036,FACES,40,70,28,3.156789285714286,40,70,28,3.156789285714286,TRUE,TRUE
participant_1037,FACES,35,88.57142857142857,31,2.5788032258064515,35,88.57142857142857,31,2.5788032258064515,TRUE,TRUE
participant_1038,FACES,34,64.70588235294117,22,3.5346818181818183,34,64.70588235294117,22,3.5346818181818183,TRUE,TRUE
participant_1039,FACES,38,84.21052631578947,31,3.1592,38,84.21052631578947,31,3.1592,TRUE,TRUE
participant_1041,FACES,44,84.0909090909091,37,2.6800891891891894,44,84.0909090909091,37,2.6800891891891894,TRUE,TRUE
participant_1042,FACES,29,82.75862068965517,24,3.2117958333333334,29,82.75862068965517,24,3.2117958333333334,TRUE,TRUE
participant_1043,FACES,49,75.51020408163265,37,1.924645945945946,49,75.51020408163265,37,1.924645945945946,TRUE,TRUE
participant_1044,FACES,43,74.4186046511628,32,3.230465625,43,74.4186046511628,32,3.230465625,TRUE,TRUE
participant_1046,FACES,44,70.45454545454545,31,3.4940774193548387,44,70.45454545454545,31,3.4940774193548387,TRUE,TRUE
participant_1047,FACES,43,60.46511627906976,26,3.6473423076923077,43,60.46511627906976,26,3.6473423076923077,TRUE,TRUE
participant_1050,FACES,41,63.41463414634146,26,2.2160384615384614,41,63.41463414634146,26,2.2160384615384614,TRUE,TRUE
participant_1051,FACES,41,87.8048780487805,36,4.652744444444444,41,87.8048780487805,36,4.652744444444444,TRUE,TRUE
participant_1052,FACES,40,85,34,2.3664705882352943,40,85,34,2.3664705882352943,TRUE,TRUE
participant_1053,FACES,42,73.80952380952381,28,4.163685714285714,42,73.80952380952381,28,4.163685714285714,TRUE,TRUE
participant_1054,FACES,32,65.625,21,1.9706666666666668,32,65.625,21,1.9706666666666668,TRUE,TRUE
participant_1055,FACES,41,82.92682926829268,34,3.7440882352941176,41,82.92682926829268,34,3.7440882352941176,TRUE,TRUE
participant_1056,FACES,41,87.8048780487805,36,2.1953583333333335,41,87.8048780487805,36,2.1953583333333335,TRUE,TRUE
participant_1057,FACES,40,85,34,2.3948617647058823,40,85,34,2.3948617647058823,TRUE,TRUE
participant_1058,FACES,43,55.81395348837209,24,1.646225,43,55.81395348837209,24,1.646225,TRUE,TRUE
participant_1059,FACES,46,78.26086956521739,36,2.962833333333333,46,78.26086956521739,36,2.962833333333333,TRUE,TRUE
participant_1060,FACES,36,63.888888888888886,23,2.8014347826086956,36,63.888888888888886,23,2.8014347826086956,TRUE,TRUE
participant_1061,FACES,36,66.66666666666666,24,2.3093,36,66.66666666666666,24,2.3093,TRUE,TRUE
participant_1062,FACES,39,69.23076923076923,27,2.189566666666667,39,69.23076923076923,27,2.189566666666667,TRUE,TRUE
participant_1063,FACES,45,97.77777777777777,44,2.155840909090909,45,97.77777777777777,44,2.155840909090909,TRUE,TRUE
participant_1064,FACES,35,65.71428571428571,23,2.725017391304348,35,65.71428571428571,23,2.725017391304348,TRUE,TRUE
participant_1065,FACES,40,77.5,31,4.428235483870968,40,77.5,31,4.428235483870968,TRUE,TRUE
participant_1066,FACES,43,69.76744186046511,30,3.8843666666666667,43,69.76744186046511,30,3.8843666666666667,TRUE,TRUE
participant_1067,FACES,39,71.7948717948718,28,2.1424607142857144,39,71.7948717948718,28,2.1424607142857144,TRUE,TRUE
participant_1068,FACES,47,76.59574468085107,36,2.3232222222222223,47,76.59574468085107,36,2.3232222222222223,TRUE,TRUE
participant_1069,FACES,40,75,30,2.60582,40,75,30,2.60582,TRUE,TRUE
participant_1072,FACES,43,74.4186046511628,32,2.063840625,43,74.4186046511628,32,2.063840625,TRUE,TRUE
participant_1073,FACES,36,80.55555555555556,29,2.474648275862069,36,80.55555555555556,29,2.474648275862069,TRUE,TRUE
participant_1074,FACES,40,82.5,33,2.0463363636363634,40,82.5,33,2.0463363636363634,TRUE,TRUE
participant_1075,FACES,32,65.625,21,2.4588714285714284,32,65.625,21,2.4588714285714284,TRUE,TRUE
participant_1076,FACES,46,86.95652173913044,40,2.12535,46,86.95652173913044,40,2.12535,TRUE,TRUE
participant_1077,FACES,29,65.51724137931035,19,4.094321052631579,29,65.51724137931035,19,4.094321052631579,TRUE,TRUE
participant_1080,FACES,45,75.55555555555556,34,3.671035294117647,45,75.55555555555556,34,3.671035294117647,TRUE,TRUE
participant_1082,FACES,37,75.67567567567568,28,3.175135714285714,37,75.67567567567568,28,3.175135714285714,TRUE,TRUE
participant_1083,FACES,35,71.42857142857143,25,2.717112,35,71.42857142857143,25,2.717112,TRUE,TRUE
participant_1084,FACES,38,76.31578947368422,29,3.339541379310345,38,76.31578947368422,29,3.339541379310345,TRUE,TRUE
participant_1085,FACES,40,75,29,5.649944827586207,40,75,29,5.649944827586207,TRUE,TRUE
participant_1087,FACES,34,79.41176470588235,27,4.412014814814815,34,79.41176470588235,27,4.412014814814815,TRUE,TRUE
participant_1089,FACES,35,77.14285714285715,27,5.420992592592593,35,77.14285714285715,27,5.420992592592593,TRUE,TRUE
participant_1090,FACES,42,76.19047619047619,32,2.162790625,42,76.19047619047619,32,2.162790625,TRUE,TRUE
participant_1091,FACES,37,29.72972972972973,11,3.3515454545454544,37,29.72972972972973,11,3.3515454545454544,TRUE,TRUE
participant_1092,FACES,38,76.31578947368422,29,2.4348241379310345,38,76.31578947368422,29,2.4348241379310345,TRUE,TRUE
participant_1093,FACES,45,75.55555555555556,34,2.469238235294118,45,75.55555555555556,34,2.469238235294118,TRUE,TRUE
participant_1094,FACES,40,87.5,35,3.1084285714285715,40,87.5,35,3.1084285714285715,TRUE,TRUE
participant_1095,FACES,45,86.66666666666667,39,2.165776923076923,45,86.66666666666667,39,2.165776923076923,TRUE,TRUE
participant_1096,FACES,32,84.375,27,2.649748148148148,32,84.375,27,2.649748148148148,TRUE,TRUE
participant_1097,FACES,39,64.1025641025641,25,4.248212,39,64.1025641025641,25,4.248212,TRUE,TRUE
participant_1098,FACES,35,54.285714285714285,19,4.081726315789473,35,54.285714285714285,19,4.081726315789473,TRUE,TRUE
participant_1099,FACES,37,81.08108108108108,30,2.895086666666667,37,81.08108108108108,30,2.895086666666667,TRUE,TRUE
participant_1100,FACES,35,71.42857142857143,25,2.109156,35,71.42857142857143,25,2.109156,TRUE,TRUE
participant_1101,FACES,44,88.63636363636364,39,2.338776923076923,44,88.63636363636364,39,2.338776923076923,TRUE,TRUE
participant_1102,FACES,36,61.111111111111114,22,3.6246590909090908,36,61.111111111111114,22,3.6246590909090908,TRUE,TRUE
participant_1103,FACES,46,78.26086956521739,34,2.5016470588235293,46,78.26086956521739,34,2.5016470588235293,TRUE,TRUE
participant_1104,FACES,32,50,16,2.2165624999999998,32,50,16,2.2165624999999998,TRUE,TRUE
participant_1105,FACES,45,73.33333333333333,33,4.823724242424243,45,73.33333333333333,33,4.823724242424243,TRUE,TRUE
participant_1106,FACES,28,78.57142857142857,22,4.130345454545455,28,78.57142857142857,22,4.130345454545455,TRUE,TRUE
participant_1107,FACES,43,72.09302325581395,31,2.483716129032258,43,72.09302325581395,31,2.483716129032258,TRUE,TRUE
participant_1109,FACES,37,75.67567567567568,28,1.7397642857142857,37,75.67567567567568,28,1.7397642857142857,TRUE,TRUE
participant_1110,FACES,37,89.1891891891892,33,2.1740666666666666,37,89.1891891891892,33,2.1740666666666666,TRUE,TRUE
participant_1111,FACES,44,86.36363636363636,38,2.388657894736842,44,86.36363636363636,38,2.388657894736842,TRUE,TRUE
participant_1112,FACES,44,65.9090909090909,29,1.426151724137931,44,65.9090909090909,29,1.426151724137931,TRUE,TRUE
participant_1113,FACES,41,73.17073170731707,30,2.2538,41,73.17073170731707,30,2.2538,TRUE,TRUE
participant_1115,FACES,38,76.31578947368422,29,4.797403448275862,38,76.31578947368422,29,4.797403448275862,TRUE,TRUE
participant_1117,FACES,37,81.08108108108108,30,2.6064833333333333,37,81.08108108108108,30,2.6064833333333333,TRUE,TRUE
participant_1118,FACES,37,59.45945945945946,22,1.6239363636363635,37,59.45945945945946,22,1.6239363636363635,TRUE,TRUE
participant_1119,FACES,35,71.42857142857143,25,2.61128,35,71.42857142857143,25,2.61128,TRUE,TRUE
participant_1120,FACES,42,76.19047619047619,32,2.4411312499999998,42,76.19047619047619,32,2.4411312499999998,TRUE,TRUE
participant_1122,FACES,38,73.68421052631578,28,1.9459535714285714,38,73.68421052631578,28,1.9459535714285714,TRUE,TRUE
participant_1123,FACES,36,77.77777777777779,28,1.971925,36,77.77777777777779,28,1.971925,TRUE,TRUE
participant_1124,FACES,41,73.17073170731707,30,2.5513833333333333,41,73.17073170731707,30,2.5513833333333333,TRUE,TRUE
participant_1125,FACES,43,76.74418604651163,33,2.1110121212121213,43,76.74418604651163,33,2.1110121212121213,TRUE,TRUE
participant_1128,FACES,40,75,30,3.50557,40,75,30,3.50557,TRUE,TRUE
participant_1130,FACES,34,61.76470588235294,21,2.218852380952381,34,61.76470588235294,21,2.218852380952381,TRUE,TRUE
participant_1131,FACES,39,79.48717948717949,31,3.1982709677419354,39,79.48717948717949,31,3.1982709677419354,TRUE,TRUE
participant_1132,FACES,33,84.84848484848484,28,4.101928571428571,33,84.84848484848484,28,4.101928571428571,TRUE,TRUE
participant_1133,FACES,36,61.111111111111114,22,2.6178909090909093,36,61.111111111111114,22,2.6178909090909093,TRUE,TRUE
participant_1135,FACES,40,62.5,25,3.21488,40,62.5,25,3.21488,TRUE,TRUE
participant_1136,FACES,44,77.27272727272727,34,4.7155852941176475,44,77.27272727272727,34,4.7155852941176475,TRUE,TRUE
participant_1137,FACES,35,85.71428571428571,30,3.0543299999999998,35,85.71428571428571,30,3.0543299999999998,TRUE,TRUE
participant_1138,FACES,32,78.125,25,2.351668,32,78.125,25,2.351668,TRUE,TRUE
participant_1139,FACES,40,70,28,2.933335714285714,40,70,28,2.933335714285714,TRUE,TRUE
participant_1140,FACES,39,82.05128205128204,32,1.9839375000000001,39,82.05128205128204,32,1.9839375000000001,TRUE,TRUE
participant_1141,FACES,38,63.1578947368421,24,1.5166916666666668,38,63.1578947368421,24,1.5166916666666668,TRUE,TRUE
participant_1142,FACES,42,52.38095238095239,22,2.138977272727273,42,52.38095238095239,22,2.138977272727273,TRUE,TRUE
participant_1143,FACES,43,76.74418604651163,33,6.329212121212121,43,76.74418604651163,33,6.329212121212121,TRUE,TRUE
participant_1144,FACES,34,55.88235294117647,19,2.2790263157894737,34,55.88235294117647,19,2.2790263157894737,TRUE,TRUE
participant_1145,FACES,36,66.66666666666666,24,2.3224791666666667,36,66.66666666666666,24,2.3224791666666667,TRUE,TRUE
participant_1146,FACES,40,87.5,35,2.692077142857143,40,87.5,35,2.692077142857143,TRUE,TRUE
participant_1147,FACES,36,66.66666666666666,24,3.6439291666666667,36,66.66666666666666,24,3.6439291666666667,TRUE,TRUE
participant_1148,FACES,3,100,3,3.1361333333333334,3,100,3,3.1361333333333334,FALSE,FALSE
participant_1150,FACES,40,70,27,4.427392592592593,40,70,27,4.427392592592593,TRUE,TRUE
participant_1151,FACES,45,84.44444444444444,38,2.1367105263157895,45,84.44444444444444,38,2.1367105263157895,TRUE,TRUE
participant_1152,FACES,35,80,28,2.445975,35,80,28,2.445975,TRUE,TRUE
participant_1153,FACES,45,73.33333333333333,33,3.330778787878788,45,73.33333333333333,33,3.330778787878788,TRUE,TRUE
participant_1155,FACES,42,78.57142857142857,33,3.256687878787879,42,78.57142857142857,33,3.256687878787879,TRUE,TRUE
participant_1156,FACES,39,51.28205128205128,20,5.19769,39,51.28205128205128,20,5.19769,TRUE,TRUE
participant_1157,FACES,36,77.77777777777779,28,4.412564285714286,36,77.77777777777779,28,4.412564285714286,TRUE,TRUE
participant_1158,FACES,41,63.41463414634146,26,5.390596153846154,41,63.41463414634146,26,5.390596153846154,TRUE,TRUE
participant_1160,FACES,37,86.48648648648648,32,2.907334375,37,86.48648648648648,32,2.907334375,TRUE,TRUE
participant_1161,FACES,42,76.19047619047619,32,2.23265625,42,76.19047619047619,32,2.23265625,TRUE,TRUE
participant_1162,FACES,47,63.829787234042556,30,1.9562666666666666,47,63.829787234042556,30,1.9562666666666666,TRUE,TRUE
participant_1164,FACES,43,83.72093023255815,36,5.470813888888889,43,83.72093023255815,36,5.470813888888889,TRUE,TRUE
participant_1165,FACES,41,63.41463414634146,26,2.0879384615384615,41,63.41463414634146,26,2.0879384615384615,TRUE,TRUE
participant_1166,FACES,42,76.19047619047619,32,3.2104906250000003,42,76.19047619047619,32,3.2104906250000003,TRUE,TRUE
participant_1168,FACES,37,78.37837837837837,29,3.144789655172414,37,78.37837837837837,29,3.144789655172414,TRUE,TRUE
participant_1169,FACES,34,73.52941176470588,25,3.338396,34,73.52941176470588,25,3.338396,TRUE,TRUE
participant_1170,FACES,42,85.71428571428571,36,2.596488888888889,42,85.71428571428571,36,2.596488888888889,TRUE,TRUE
participant_1171,FACES,46,63.04347826086957,29,1.5902172413793103,46,63.04347826086957,29,1.5902172413793103,TRUE,TRUE
participant_1172,FACES,41,65.85365853658537,27,2.1863703703703705,41,65.85365853658537,27,2.1863703703703705,TRUE,TRUE
participant_1175,FACES,40,90,36,2.9673861111111113,40,90,36,2.9673861111111113,TRUE,TRUE
participant_1176,FACES,44,93.18181818181817,41,2.271690243902439,44,93.18181818181817,41,2.271690243902439,TRUE,TRUE
participant_1177,FACES,43,69.76744186046511,30,2.11203,43,69.76744186046511,30,2.11203,TRUE,TRUE
participant_1179,FACES,50,40,18,3.896911111111111,50,40,18,3.896911111111111,TRUE,TRUE
participant_1181,FACES,36,66.66666666666666,24,2.8695333333333335,36,66.66666666666666,24,2.8695333333333335,TRUE,TRUE
participant_1182,FACES,34,67.64705882352942,23,4.1695652173913045,34,67.64705882352942,23,4.1695652173913045,TRUE,TRUE
participant_1183,FACES,31,83.87096774193549,26,2.4738153846153845,31,83.87096774193549,26,2.4738153846153845,TRUE,TRUE
participant_1184,FACES,35,85.71428571428571,30,3.5000666666666667,35,85.71428571428571,30,3.5000666666666667,TRUE,TRUE
participant_1185,FACES,43,62.7906976744186,27,2.8413518518518517,43,62.7906976744186,27,2.8413518518518517,TRUE,TRUE
participant_1186,FACES,39,79.48717948717949,31,1.772409677419355,39,79.48717948717949,31,1.772409677419355,TRUE,TRUE
participant_1187,FACES,27,85.18518518518519,23,1.8307739130434781,27,85.18518518518519,23,1.8307739130434781,TRUE,TRUE
participant_1188,FACES,48,70.83333333333334,34,2.312408823529412,48,70.83333333333334,34,2.312408823529412,TRUE,TRUE
participant_1189,FACES,43,88.37209302325581,38,1.8442184210526316,43,88.37209302325581,38,1.8442184210526316,TRUE,TRUE
participant_1190,FACES,43,79.06976744186046,34,2.3715088235294117,43,79.06976744186046,34,2.3715088235294117,TRUE,TRUE
participant_1191,FACES,40,67.5,27,2.0973740740740743,40,67.5,27,2.0973740740740743,TRUE,TRUE
participant_1192,FACES,47,80.85106382978722,38,2.957007894736842,47,80.85106382978722,38,2.957007894736842,TRUE,TRUE
participant_1193,FACES,39,71.7948717948718,28,3.655535714285714,39,71.7948717948718,28,3.655535714285714,TRUE,TRUE
participant_1194,FACES,42,76.19047619047619,32,1.80650625,42,76.19047619047619,32,1.80650625,TRUE,TRUE
participant_1195,FACES,42,66.66666666666666,28,1.8829142857142858,42,66.66666666666666,28,1.8829142857142858,TRUE,TRUE
participant_1196,FACES,40,72.5,29,2.85998275862069,40,72.5,29,2.85998275862069,TRUE,TRUE
participant_1197,FACES,37,56.75675675675676,21,2.0673285714285714,37,56.75675675675676,21,2.0673285714285714,TRUE,TRUE
participant_1198,FACES,43,90.69767441860465,38,4.526744736842105,43,90.69767441860465,38,4.526744736842105,TRUE,TRUE
participant_1199,FACES,29,65.51724137931035,19,7.556578947368421,29,65.51724137931035,19,7.556578947368421,TRUE,TRUE
participant_1201,FACES,40,85,34,3.8728529411764705,40,85,34,3.8728529411764705,TRUE,TRUE
participant_1202,FACES,38,76.31578947368422,29,2.193551724137931,38,76.31578947368422,29,2.193551724137931,TRUE,TRUE
participant_1204,FACES,37,70.27027027027027,22,3.5368954545454545,37,70.27027027027027,22,3.5368954545454545,TRUE,TRUE
participant_1205,FACES,48,75,36,2.494675,48,75,36,2.494675,TRUE,TRUE
participant_1206,FACES,36,91.66666666666666,33,2.190230303030303,36,91.66666666666666,33,2.190230303030303,TRUE,TRUE
participant_1208,FACES,46,86.95652173913044,40,1.834025,46,86.95652173913044,40,1.834025,TRUE,TRUE
participant_1209,FACES,33,78.78787878787878,26,2.5286653846153846,33,78.78787878787878,26,2.5286653846153846,TRUE,TRUE
participant_1211,FACES,36,52.77777777777778,19,2.1298421052631578,36,52.77777777777778,19,2.1298421052631578,TRUE,TRUE
participant_1212,FACES,33,51.515151515151516,16,4.95444375,33,51.515151515151516,16,4.95444375,TRUE,TRUE
participant_1213,FACES,44,70.45454545454545,31,2.8514451612903224,44,70.45454545454545,31,2.8514451612903224,TRUE,TRUE
participant_1215,FACES,41,78.04878048780488,32,3.149121875,41,78.04878048780488,32,3.149121875,TRUE,TRUE
participant_1216,FACES,31,54.83870967741935,17,2.064035294117647,31,54.83870967741935,17,2.064035294117647,TRUE,TRUE
participant_1217,FACES,35,85.71428571428571,30,2.458616666666667,35,85.71428571428571,30,2.458616666666667,TRUE,TRUE
participant_1218,FACES,42,61.904761904761905,26,4.291769230769231,42,61.904761904761905,26,4.291769230769231,TRUE,TRUE
participant_1219,FACES,44,63.63636363636363,28,2.0048214285714288,44,63.63636363636363,28,2.0048214285714288,TRUE,TRUE
participant_1220,FACES,47,89.36170212765957,42,2.288940476190476,47,89.36170212765957,42,2.288940476190476,TRUE,TRUE
participant_1221,FACES,34,79.41176470588235,27,2.2745592592592594,34,79.41176470588235,27,2.2745592592592594,TRUE,TRUE
participant_1222,FACES,38,78.94736842105263,30,3.542386666666667,38,78.94736842105263,30,3.542386666666667,TRUE,TRUE
participant_1223,FACES,41,68.29268292682927,28,1.8580714285714286,41,68.29268292682927,28,1.8580714285714286,TRUE,TRUE
participant_1224,FACES,37,89.1891891891892,33,2.6276272727272727,37,89.1891891891892,33,2.6276272727272727,TRUE,TRUE
participant_1226,FACES,51,41.17647058823529,21,2.135247619047619,51,41.17647058823529,21,2.135247619047619,TRUE,TRUE
participant_1227,FACES,42,52.38095238095239,22,2.108009090909091,42,52.38095238095239,22,2.108009090909091,TRUE,TRUE
participant_1228,FACES,37,75.67567567567568,28,4.68535,37,75.67567567567568,28,4.68535,TRUE,TRUE
participant_1229,FACES,49,71.42857142857143,35,2.326297142857143,49,71.42857142857143,35,2.326297142857143,TRUE,TRUE
participant_1230,FACES,42,71.42857142857143,30,3.049113333333333,42,71.42857142857143,30,3.049113333333333,TRUE,TRUE
participant_1231,FACES,44,54.54545454545454,24,3.7525291666666667,44,54.54545454545454,24,3.7525291666666667,TRUE,TRUE
participant_1232,FACES,42,88.09523809523809,37,3.3220027027027026,42,88.09523809523809,37,3.3220027027027026,TRUE,TRUE
participant_1233,FACES,34,73.52941176470588,25,2.519432,34,73.52941176470588,25,2.519432,TRUE,TRUE
participant_1235,FACES,45,75.55555555555556,34,3.3107470588235293,45,75.55555555555556,34,3.3107470588235293,TRUE,TRUE
participant_1236,FACES,47,65.95744680851064,30,6.3099533333333335,47,65.95744680851064,30,6.3099533333333335,TRUE,TRUE
participant_1238,FACES,35,85.71428571428571,30,2.15864,35,85.71428571428571,30,2.15864,TRUE,TRUE
participant_1241,FACES,42,85.71428571428571,35,2.0710085714285715,42,85.71428571428571,35,2.0710085714285715,TRUE,TRUE
participant_1242,FACES,40,67.5,27,3.128185185185185,40,67.5,27,3.128185185185185,TRUE,TRUE
participant_1243,FACES,44,84.0909090909091,37,3.4783513513513515,44,84.0909090909091,37,3.4783513513513515,TRUE,TRUE
participant_1244,FACES,38,78.94736842105263,30,4.1842966666666666,38,78.94736842105263,30,4.1842966666666666,TRUE,TRUE
participant_1245,FACES,43,69.76744186046511,29,2.31151724137931,43,69.76744186046511,29,2.31151724137931,TRUE,TRUE
participant_1246,FACES,40,87.5,35,2.7302171428571427,40,87.5,35,2.7302171428571427,TRUE,TRUE
participant_1248,FACES,38,76.31578947368422,29,2.1474172413793102,38,76.31578947368422,29,2.1474172413793102,TRUE,TRUE
participant_1249,FACES,41,75.60975609756098,31,2.0982903225806453,41,75.60975609756098,31,2.0982903225806453,TRUE,TRUE
participant_1250,FACES,41,73.17073170731707,30,2.6189533333333332,41,73.17073170731707,30,2.6189533333333332,TRUE,TRUE
participant_1251,FACES,39,71.7948717948718,28,3.9464571428571427,39,71.7948717948718,28,3.9464571428571427,TRUE,TRUE
participant_1253,FACES,49,85.71428571428571,42,2.6186904761904763,49,85.71428571428571,42,2.6186904761904763,TRUE,TRUE
participant_1254,FACES,40,72.5,29,1.5235379310344828,40,72.5,29,1.5235379310344828,TRUE,TRUE
participant_1255,FACES,48,83.33333333333334,40,2.4520325,48,83.33333333333334,40,2.4520325,TRUE,TRUE
participant_1257,FACES,40,75,30,1.7539533333333335,40,75,30,1.7539533333333335,TRUE,TRUE
participant_1258,FACES,40,82.5,33,3.72269696969697,40,82.5,33,3.72269696969697,TRUE,TRUE
participant_1259,FACES,37,86.48648648648648,32,4.44494375,37,86.48648648648648,32,4.44494375,TRUE,TRUE
participant_1260,FACES,45,53.333333333333336,23,1.8654434782608695,45,53.333333333333336,23,1.8654434782608695,TRUE,TRUE
participant_1261,FACES,38,73.68421052631578,28,1.8928642857142857,38,73.68421052631578,28,1.8928642857142857,TRUE,TRUE
participant_1262,FACES,37,78.37837837837837,29,2.0790310344827585,37,78.37837837837837,29,2.0790310344827585,TRUE,TRUE
participant_1263,FACES,40,72.5,29,2.2551724137931033,40,72.5,29,2.2551724137931033,TRUE,TRUE
participant_1264,FACES,44,77.27272727272727,34,4.5631941176470585,44,77.27272727272727,34,4.5631941176470585,TRUE,TRUE
participant_1266,FACES,40,55.00000000000001,22,3.7006045454545453,40,55.00000000000001,22,3.7006045454545453,TRUE,TRUE
participant_1267,FACES,35,80,28,2.794142857142857,35,80,28,2.794142857142857,TRUE,TRUE
participant_1273,FACES,36,75,27,4.744118518518518,36,75,27,4.744118518518518,TRUE,TRUE
participant_1274,FACES,36,83.33333333333334,30,2.429056666666667,36,83.33333333333334,30,2.429056666666667,TRUE,TRUE
participant_1275,FACES,37,83.78378378378379,31,2.1945967741935486,37,83.78378378378379,31,2.1945967741935486,TRUE,TRUE
participant_1276,FACES,42,78.57142857142857,33,2.6323,42,78.57142857142857,33,2.6323,TRUE,TRUE
participant_0003,AI-white,10,100,10,1.9822199999999999,12,100,12,2.2565666666666666,TRUE,TRUE
participant_0004,AI-white,14,92.85714285714286,13,1.865753846153846,17,94.11764705882352,16,1.8210875,TRUE,TRUE
participant_0005,AI-white,7,85.71428571428571,6,3.0095,9,88.88888888888889,8,2.72425,TRUE,TRUE
participant_0006,AI-white,9,77.77777777777779,6,2.2569,9,77.77777777777779,6,2.2569,TRUE,TRUE
participant_0007,AI-white,12,100,10,3.2141,13,100,11,3.119727272727273,TRUE,TRUE
participant_0008,AI-white,14,85.71428571428571,12,3.57475,18,88.88888888888889,16,3.484375,TRUE,TRUE
participant_0009,AI-white,12,83.33333333333334,10,2.83544,15,86.66666666666667,13,2.6321615384615384,TRUE,TRUE
participant_0010,AI-white,10,90,9,1.8213777777777778,11,90.9090909090909,10,1.77496,TRUE,TRUE
participant_0011,AI-white,13,92.3076923076923,12,1.3401,14,92.85714285714286,13,1.3952307692307693,TRUE,TRUE
participant_0012,AI-white,9,66.66666666666666,6,4.490433333333334,12,75,9,4.0399111111111115,TRUE,TRUE
participant_0013,AI-white,7,100,7,3.682457142857143,7,100,7,3.682457142857143,TRUE,TRUE
participant_0014,AI-white,14,100,14,4.064764285714285,15,100,15,3.8777666666666666,TRUE,TRUE
participant_0015,AI-white,11,81.81818181818183,9,1.696688888888889,13,84.61538461538461,11,1.6350727272727272,TRUE,TRUE
participant_0016,AI-white,11,100,11,2.6632727272727275,12,100,12,2.5648333333333335,TRUE,TRUE
participant_0017,AI-white,10,80,8,1.747425,10,80,8,1.747425,TRUE,TRUE
participant_0018,AI-white,13,100,13,3.1580538461538463,13,100,13,3.1580538461538463,TRUE,TRUE
participant_0019,AI-white,10,90,9,1.7654444444444444,11,90.9090909090909,10,1.8373,TRUE,TRUE
participant_0020,AI-white,9,88.88888888888889,8,4.461875,10,90,9,4.711111111111111,TRUE,TRUE
participant_0021,AI-white,13,53.84615384615385,7,3.7527857142857144,16,56.25,9,3.4568000000000003,TRUE,TRUE
participant_0025,AI-white,8,100,8,1.717075,9,100,9,2.2396555555555557,TRUE,TRUE
participant_0026,AI-white,12,91.66666666666666,11,2.7017272727272728,14,92.85714285714286,13,2.6404615384615386,TRUE,TRUE
participant_0031,AI-white,10,90,9,4.2864555555555555,12,91.66666666666666,11,3.7120545454545453,TRUE,TRUE
participant_0033,AI-white,10,90,9,2.2756666666666665,11,90.9090909090909,10,2.1911,TRUE,TRUE
participant_0034,AI-white,8,75,6,1.7143166666666665,9,77.77777777777779,7,1.6895857142857142,TRUE,TRUE
participant_0035,AI-white,7,100,7,2.6864285714285714,10,100,10,2.3437,TRUE,TRUE
participant_0036,AI-white,6,100,6,1.6479833333333334,10,100,10,1.70615,TRUE,TRUE
participant_0037,AI-white,8,100,8,1.477225,9,100,9,1.5694555555555556,TRUE,TRUE
participant_0038,AI-white,15,86.66666666666667,13,2.0311153846153847,16,87.5,14,1.9687071428571428,TRUE,TRUE
participant_0039,AI-white,12,83.33333333333334,10,1.59301,14,78.57142857142857,11,1.7071545454545454,TRUE,TRUE
participant_0040,AI-white,12,100,12,2.6332416666666667,14,100,14,2.5866642857142854,TRUE,TRUE
participant_0041,AI-white,9,100,9,1.7966888888888888,10,100,10,1.7852299999999999,TRUE,TRUE
participant_0042,AI-white,10,70,7,2.102642857142857,11,72.72727272727273,8,2.4286499999999998,TRUE,TRUE
participant_0043,AI-white,15,86.66666666666667,13,1.6500692307692308,15,86.66666666666667,13,1.6500692307692308,TRUE,TRUE
participant_0044,AI-white,11,100,11,2.286636363636364,12,100,12,2.3369166666666668,TRUE,TRUE
participant_0045,AI-white,11,100,11,2.1895818181818183,13,100,13,2.113823076923077,TRUE,TRUE
participant_0046,AI-white,13,92.3076923076923,12,1.4289666666666667,15,93.33333333333333,14,1.534957142857143,TRUE,TRUE
participant_0047,AI-white,10,100,10,1.559,11,100,11,1.5265454545454544,TRUE,TRUE
participant_0048,AI-white,9,55.55555555555556,5,1.27186,11,63.63636363636363,7,1.4775,TRUE,TRUE
participant_0049,AI-white,12,100,12,1.9411,13,100,13,1.9587615384615384,TRUE,TRUE
participant_0050,AI-white,10,80,8,1.861375,12,83.33333333333334,10,1.7494,TRUE,TRUE
participant_0051,AI-white,10,90,9,1.8595777777777778,10,90,9,1.8595777777777778,TRUE,TRUE
participant_0052,AI-white,11,100,11,2.221363636363636,13,100,13,2.098,TRUE,TRUE
participant_0053,AI-white,13,100,13,2.2691538461538463,14,100,14,2.286892857142857,TRUE,TRUE
participant_0054,AI-white,11,100,11,2.189609090909091,14,100,14,2.2541428571428574,TRUE,TRUE
participant_0055,AI-white,8,75,6,1.85245,10,80,8,1.825575,TRUE,TRUE
participant_0056,AI-white,9,88.88888888888889,8,1.7390875000000001,9,88.88888888888889,8,1.7390875000000001,TRUE,TRUE
participant_0057,AI-white,12,91.66666666666666,11,2.578909090909091,14,92.85714285714286,13,2.4109230769230767,TRUE,TRUE
participant_0058,AI-white,13,84.61538461538461,11,2.0236363636363635,15,86.66666666666667,13,2.0698538461538463,TRUE,TRUE
participant_0060,AI-white,10,80,8,1.8956375,10,80,8,1.8956375,TRUE,TRUE
participant_0061,AI-white,8,87.5,7,2.302857142857143,8,87.5,7,2.302857142857143,TRUE,TRUE
participant_0062,AI-white,7,57.14285714285714,4,2.26965,7,57.14285714285714,4,2.26965,TRUE,TRUE
participant_0063,AI-white,12,91.66666666666666,11,1.674490909090909,13,92.3076923076923,12,1.6683416666666666,TRUE,TRUE
participant_0064,AI-white,13,100,13,3.001669230769231,14,100,14,2.937442857142857,TRUE,TRUE
participant_0065,AI-white,15,93.33333333333333,14,1.7906071428571428,16,93.75,15,1.7971666666666666,TRUE,TRUE
participant_0066,AI-white,7,85.71428571428571,6,2.029166666666667,7,85.71428571428571,6,2.029166666666667,TRUE,TRUE
participant_0067,AI-white,6,100,6,2.0304,10,100,10,1.93484,TRUE,TRUE
participant_0068,AI-white,8,100,8,2.3395625,14,100,14,2.2517428571428573,TRUE,TRUE
participant_0069,AI-white,14,100,14,2.592692857142857,14,100,14,2.592692857142857,TRUE,TRUE
participant_0070,AI-white,15,80,12,1.796725,16,81.25,13,1.7702076923076924,TRUE,TRUE
participant_0071,AI-white,11,90.9090909090909,10,1.67226,15,93.33333333333333,14,1.77085,TRUE,TRUE
participant_0072,AI-white,7,85.71428571428571,5,1.41724,7,85.71428571428571,5,1.41724,TRUE,TRUE
participant_0073,AI-white,10,100,10,2.75714,11,100,11,3.002572727272727,TRUE,TRUE
participant_0074,AI-white,6,66.66666666666666,4,1.9715999999999998,7,71.42857142857143,5,1.9223599999999998,TRUE,TRUE
participant_0075,AI-white,11,72.72727272727273,8,1.9946125,11,72.72727272727273,8,1.9946125,TRUE,TRUE
participant_0076,AI-white,11,81.81818181818183,9,2.638111111111111,15,86.66666666666667,13,2.400376923076923,TRUE,TRUE
participant_0077,AI-white,9,88.88888888888889,8,4.336375,13,92.3076923076923,12,4.887166666666666,TRUE,TRUE
participant_0078,AI-white,11,100,11,1.6402999999999999,14,100,14,1.579,TRUE,TRUE
participant_0079,AI-white,9,100,9,1.9568555555555556,10,100,10,1.96434,TRUE,TRUE
participant_0080,AI-white,8,100,8,1.905,10,100,10,1.8735,TRUE,TRUE
participant_0081,AI-white,7,71.42857142857143,5,2.91132,9,77.77777777777779,7,3.2253714285714286,TRUE,TRUE
participant_0082,AI-white,12,91.66666666666666,9,3.714611111111111,14,85.71428571428571,10,3.63006,TRUE,TRUE
participant_0083,AI-white,11,81.81818181818183,9,1.8340555555555556,14,78.57142857142857,11,1.8477999999999999,TRUE,TRUE
participant_0084,AI-white,9,88.88888888888889,8,3.1250625,12,91.66666666666666,11,2.795681818181818,TRUE,TRUE
participant_0085,AI-white,12,91.66666666666666,11,2.291181818181818,14,92.85714285714286,13,2.481307692307692,TRUE,TRUE
participant_0086,AI-white,11,81.81818181818183,9,2.6623555555555556,14,85.71428571428571,12,2.4263583333333334,TRUE,TRUE
participant_0087,AI-white,7,85.71428571428571,6,2.286433333333333,8,87.5,7,2.3144142857142858,TRUE,TRUE
participant_0088,AI-white,10,90,9,1.7612777777777777,12,91.66666666666666,11,1.796418181818182,TRUE,TRUE
participant_0089,AI-white,9,100,9,1.8349222222222221,11,100,11,1.8816636363636363,TRUE,TRUE
participant_0090,AI-white,12,91.66666666666666,11,1.6357272727272727,12,91.66666666666666,11,1.6357272727272727,TRUE,TRUE
participant_0091,AI-white,9,100,9,4.322233333333333,11,100,11,3.8917272727272727,TRUE,TRUE
participant_0092,AI-white,13,92.3076923076923,12,3.082841666666667,16,93.75,15,2.9298,TRUE,TRUE
participant_0093,AI-white,12,66.66666666666666,8,3.49825,15,73.33333333333333,11,3.3696363636363635,TRUE,TRUE
participant_0094,AI-white,5,60,3,1.7738333333333334,9,77.77777777777779,7,1.8882142857142856,TRUE,TRUE
participant_0095,AI-white,9,100,9,2.191666666666667,10,100,10,2.24645,TRUE,TRUE
participant_0096,AI-white,8,87.5,7,2.4509,9,88.88888888888889,8,2.6046875,TRUE,TRUE
participant_0097,AI-white,10,70,7,2.0314428571428573,12,75,9,2.003388888888889,TRUE,TRUE
participant_0098,AI-white,8,62.5,4,1.778,9,66.66666666666666,5,1.6668,TRUE,TRUE
participant_0099,AI-white,10,70,7,1.5710571428571427,12,75,9,1.4502111111111111,TRUE,TRUE
participant_0100,AI-white,12,83.33333333333334,10,2.10279,16,87.5,14,1.9795714285714285,TRUE,TRUE
participant_0101,AI-white,16,87.5,14,2.622735714285714,18,88.88888888888889,16,2.5587625,TRUE,TRUE
participant_0102,AI-white,14,100,14,1.4686714285714286,15,100,15,1.51144,TRUE,TRUE
participant_0103,AI-white,9,100,9,1.8893333333333333,11,100,11,1.9418181818181819,TRUE,TRUE
participant_0104,AI-white,14,92.85714285714286,13,4.302046153846153,19,94.73684210526315,18,3.7562555555555557,TRUE,TRUE
participant_0105,AI-white,8,100,8,2.8353875,8,100,8,2.8353875,TRUE,TRUE
participant_0106,AI-white,11,100,11,1.9509636363636365,13,92.3076923076923,12,1.953825,TRUE,TRUE
participant_0107,AI-white,18,100,18,3.5609444444444445,18,100,18,3.5609444444444445,TRUE,TRUE
participant_0108,AI-white,13,100,13,2.532176923076923,13,100,13,2.532176923076923,TRUE,TRUE
participant_0109,AI-white,13,92.3076923076923,12,4.163408333333333,15,93.33333333333333,14,3.8237357142857142,TRUE,TRUE
participant_0110,AI-white,13,84.61538461538461,11,3.4905909090909093,14,85.71428571428571,12,3.385925,TRUE,TRUE
participant_0111,AI-white,9,100,9,2.928733333333333,10,100,10,2.85245,TRUE,TRUE
participant_0112,AI-white,10,70,7,2.4184285714285716,11,72.72727272727273,8,2.320125,TRUE,TRUE
participant_0113,AI-white,12,91.66666666666666,11,1.9708181818181818,13,92.3076923076923,12,1.990925,TRUE,TRUE
participant_0114,AI-white,11,90.9090909090909,10,3.83352,12,91.66666666666666,11,3.6844454545454544,TRUE,TRUE
participant_0115,AI-white,8,87.5,6,2.4083666666666668,10,90,8,2.7568,TRUE,TRUE
participant_0116,AI-white,11,100,11,2.692018181818182,15,100,15,2.5410933333333334,TRUE,TRUE
participant_0117,AI-white,12,91.66666666666666,11,1.8118181818181818,14,92.85714285714286,13,1.8229230769230769,TRUE,TRUE
participant_0118,AI-white,6,50,3,1.8111333333333333,10,60,6,1.9682499999999998,TRUE,TRUE
participant_0119,AI-white,13,84.61538461538461,11,4.2286636363636365,15,86.66666666666667,13,4.084330769230769,TRUE,TRUE
participant_0121,AI-white,5,100,5,2.00892,7,100,7,1.9905428571428572,TRUE,TRUE
participant_0122,AI-white,9,55.55555555555556,5,2.25198,9,55.55555555555556,5,2.25198,TRUE,TRUE
participant_0123,AI-white,16,81.25,13,1.42,17,82.35294117647058,14,1.4529285714285713,TRUE,TRUE
participant_0124,AI-white,10,80,8,2.4889875,10,80,8,2.4889875,TRUE,TRUE
participant_0125,AI-white,9,88.88888888888889,8,2.560675,9,88.88888888888889,8,2.560675,TRUE,TRUE
participant_0126,AI-white,15,80,12,1.4501583333333334,17,82.35294117647058,14,1.5221857142857143,TRUE,TRUE
participant_0127,AI-white,12,58.333333333333336,7,2.6572,15,66.66666666666666,10,3.6585300000000003,TRUE,TRUE
participant_0128,AI-white,8,87.5,7,1.4975,10,90,9,1.4591777777777777,TRUE,TRUE
participant_0129,AI-white,11,90.9090909090909,10,1.5454999999999999,13,92.3076923076923,12,1.5305,TRUE,TRUE
participant_0130,AI-white,7,85.71428571428571,6,1.6025,8,87.5,7,1.5664428571428572,TRUE,TRUE
participant_0131,AI-white,12,75,9,3.1803222222222223,12,75,9,3.1803222222222223,TRUE,TRUE
participant_0132,AI-white,10,90,9,2.471966666666667,14,92.85714285714286,13,2.3019307692307693,TRUE,TRUE
participant_0133,AI-white,15,93.33333333333333,14,1.7594642857142857,16,93.75,15,1.7953133333333333,TRUE,TRUE
participant_0134,AI-white,11,100,11,2.147381818181818,14,100,14,1.981342857142857,TRUE,TRUE
participant_0135,AI-white,9,100,9,1.9538666666666666,11,100,11,1.8938090909090908,TRUE,TRUE
participant_0136,AI-white,8,100,8,2.187025,10,100,10,2.09335,TRUE,TRUE
participant_0137,AI-white,10,100,10,2.0958,14,100,14,1.9147142857142856,TRUE,TRUE
participant_0138,AI-white,10,70,7,5.382671428571428,13,76.92307692307693,10,5.48151,TRUE,TRUE
participant_0139,AI-white,9,100,9,1.8063333333333333,11,100,11,1.7332727272727273,TRUE,TRUE
participant_0140,AI-white,8,87.5,7,2.3761428571428573,10,90,9,2.155666666666667,TRUE,TRUE
participant_0141,AI-white,11,90.9090909090909,10,2.88145,12,91.66666666666666,11,3.0737272727272726,TRUE,TRUE
participant_0142,AI-white,16,81.25,13,1.4849384615384615,17,82.35294117647058,14,1.6405214285714287,TRUE,TRUE
participant_0143,AI-white,8,87.5,7,2.927842857142857,10,90,9,2.7009222222222222,TRUE,TRUE
participant_0144,AI-white,9,100,9,3.8885555555555555,11,100,11,3.546509090909091,TRUE,TRUE
participant_0145,AI-white,10,70,7,2.2676,14,78.57142857142857,11,2.2086272727272727,TRUE,TRUE
participant_0146,AI-white,11,100,11,1.5658181818181818,13,100,13,1.5703153846153846,TRUE,TRUE
participant_0147,AI-white,5,100,5,3.88742,8,100,8,4.2813625,TRUE,TRUE
participant_0148,AI-white,14,85.71428571428571,12,1.705875,16,87.5,14,2.0184571428571427,TRUE,TRUE
participant_0149,AI-white,13,84.61538461538461,11,5.768363636363636,15,86.66666666666667,13,5.278538461538462,TRUE,TRUE
participant_0150,AI-white,9,88.88888888888889,8,2.8065249999999997,10,90,9,2.7794666666666665,TRUE,TRUE
participant_0151,AI-white,15,73.33333333333333,11,1.7351,17,76.47058823529412,13,1.7015153846153848,TRUE,TRUE
participant_0152,AI-white,11,81.81818181818183,9,2.297388888888889,11,81.81818181818183,9,2.297388888888889,TRUE,TRUE
participant_0153,AI-white,5,100,5,1.9304000000000001,5,100,5,1.9304000000000001,TRUE,TRUE
participant_0154,AI-white,14,92.85714285714286,13,1.1548307692307693,16,93.75,15,1.1225,TRUE,TRUE
participant_0155,AI-white,13,100,13,1.7403538461538461,13,100,13,1.7403538461538461,TRUE,TRUE
participant_0157,AI-white,9,100,9,4.337822222222222,13,100,12,4.653408333333333,TRUE,TRUE
participant_0158,AI-white,14,85.71428571428571,12,1.8862666666666668,14,85.71428571428571,12,1.8862666666666668,TRUE,TRUE
participant_0159,AI-white,17,82.35294117647058,14,4.268192857142857,18,83.33333333333334,15,4.172106666666666,TRUE,TRUE
participant_0160,AI-white,7,71.42857142857143,5,2.80232,8,62.5,5,2.80232,TRUE,TRUE
participant_0161,AI-white,14,71.42857142857143,10,2.35947,15,73.33333333333333,11,2.5427909090909093,TRUE,TRUE
participant_0162,AI-white,3,100,3,2.195,5,100,5,2.1848,FALSE,TRUE
participant_0163,AI-white,8,100,8,2.16725,10,100,10,4.4317,TRUE,TRUE
participant_0164,AI-white,12,91.66666666666666,11,1.5723090909090909,13,92.3076923076923,12,1.5641583333333333,TRUE,TRUE
participant_0165,AI-white,14,100,14,2.2387928571428573,15,100,15,2.2043466666666665,TRUE,TRUE
participant_0166,AI-white,9,100,9,1.8063666666666667,10,100,10,1.77951,TRUE,TRUE
participant_0167,AI-white,12,91.66666666666666,11,1.9830363636363635,13,92.3076923076923,12,1.9273583333333333,TRUE,TRUE
participant_0168,AI-white,6,100,6,1.7836333333333334,6,100,6,1.7836333333333334,TRUE,TRUE
participant_0169,AI-white,6,50,3,1.6173,8,50,4,1.5596,TRUE,TRUE
participant_0170,AI-white,12,100,12,2.2780833333333335,14,100,14,2.19995,TRUE,TRUE
participant_0171,AI-white,14,100,14,2.3390714285714287,15,100,15,2.3337333333333334,TRUE,TRUE
participant_0172,AI-white,9,100,9,1.906611111111111,12,100,12,1.809275,TRUE,TRUE
participant_0173,AI-white,12,91.66666666666666,11,2.032636363636364,13,92.3076923076923,12,1.9710833333333333,TRUE,TRUE
participant_0174,AI-white,11,63.63636363636363,7,1.7114285714285715,14,71.42857142857143,10,1.6119,TRUE,TRUE
participant_0175,AI-white,7,100,7,2.291914285714286,7,100,7,2.291914285714286,TRUE,TRUE
participant_0176,AI-white,10,80,8,2.1438125,11,81.81818181818183,9,2.1213333333333333,TRUE,TRUE
participant_0177,AI-white,8,87.5,7,3.6534999999999997,13,84.61538461538461,11,3.076909090909091,TRUE,TRUE
participant_0178,AI-white,11,45.45454545454545,5,1.70498,12,41.66666666666667,5,1.70498,TRUE,TRUE
participant_0179,AI-white,13,92.3076923076923,12,2.2233833333333335,16,93.75,15,2.0854866666666667,TRUE,TRUE
participant_0180,AI-white,10,50,5,2.85666,10,50,5,2.85666,TRUE,TRUE
participant_0181,AI-white,10,100,10,4.1463,14,100,14,4.674428571428572,TRUE,TRUE
participant_0182,AI-white,16,87.5,14,1.4906142857142857,17,88.23529411764706,15,1.4930533333333333,TRUE,TRUE
participant_0183,AI-white,12,100,12,1.66075,15,100,15,1.71384,TRUE,TRUE
participant_0184,AI-white,10,80,8,1.9767249999999998,12,83.33333333333334,10,1.92285,TRUE,TRUE
participant_0185,AI-white,7,85.71428571428571,6,2.3212833333333336,10,90,9,2.3072222222222223,TRUE,TRUE
participant_0186,AI-white,17,94.11764705882352,16,3.1898625,19,94.73684210526315,18,3.038811111111111,TRUE,TRUE
participant_0187,AI-white,8,100,8,1.9549375,10,100,10,2.00569,TRUE,TRUE
participant_0188,AI-white,11,100,11,1.7910000000000001,14,100,14,1.8554428571428572,TRUE,TRUE
participant_0189,AI-white,11,90.9090909090909,10,8.71959,15,86.66666666666667,13,8.546323076923077,TRUE,TRUE
participant_0190,AI-white,15,86.66666666666667,13,3.1479,16,87.5,14,3.0449785714285715,TRUE,TRUE
participant_0191,AI-white,14,85.71428571428571,12,2.4886333333333335,17,88.23529411764706,15,2.3300466666666666,TRUE,TRUE
participant_0192,AI-white,12,91.66666666666666,11,2.0207363636363636,13,92.3076923076923,12,1.9506166666666667,TRUE,TRUE
participant_0193,AI-white,10,100,10,2.05376,11,100,11,1.9800909090909091,TRUE,TRUE
participant_0194,AI-white,11,72.72727272727273,8,2.43835,11,72.72727272727273,8,2.43835,TRUE,TRUE
participant_0195,AI-white,10,90,9,1.998,11,90.9090909090909,10,1.9544,TRUE,TRUE
participant_0196,AI-white,7,85.71428571428571,6,3.216666666666667,7,85.71428571428571,6,3.216666666666667,TRUE,TRUE
participant_0197,AI-white,11,81.81818181818183,9,2.247422222222222,14,85.71428571428571,12,2.329333333333333,TRUE,TRUE
participant_0198,AI-white,10,100,10,2.21581,14,100,14,2.1203857142857143,TRUE,TRUE
participant_0199,AI-white,13,100,13,3.1129076923076924,15,100,15,3.0081666666666664,TRUE,TRUE
participant_0200,AI-white,12,83.33333333333334,10,2.18802,18,88.88888888888889,16,1.972375,TRUE,TRUE
participant_0201,AI-white,13,76.92307692307693,10,2.7062,13,76.92307692307693,10,2.7062,TRUE,TRUE
participant_0202,AI-white,11,100,11,1.7218909090909091,12,100,12,1.6825333333333334,TRUE,TRUE
participant_0203,AI-white,11,90.9090909090909,10,2.90146,13,92.3076923076923,12,2.9557166666666665,TRUE,TRUE
participant_0204,AI-white,9,100,9,2.0532666666666666,9,100,9,2.0532666666666666,TRUE,TRUE
participant_0205,AI-white,12,91.66666666666666,11,3.642309090909091,13,92.3076923076923,12,3.4953,TRUE,TRUE
participant_0206,AI-white,11,90.9090909090909,10,2.00149,14,85.71428571428571,12,2.6368,TRUE,TRUE
participant_0207,AI-white,10,70,7,2.7687285714285714,12,75,9,2.5361,TRUE,TRUE
participant_0208,AI-white,6,100,6,4.975316666666667,10,100,10,4.26664,TRUE,TRUE
participant_0209,AI-white,7,85.71428571428571,6,2.39975,9,88.88888888888889,8,2.64855,TRUE,TRUE
participant_0210,AI-white,11,81.81818181818183,9,2.0887000000000002,11,81.81818181818183,9,2.0887000000000002,TRUE,TRUE
participant_0211,AI-white,9,100,9,4.649188888888889,13,100,13,3.963607692307692,TRUE,TRUE
participant_0212,AI-white,10,80,8,1.6057875,13,84.61538461538461,11,1.5799818181818182,TRUE,TRUE
participant_0213,AI-white,9,88.88888888888889,8,3.00265,11,90.9090909090909,10,3.0688999999999997,TRUE,TRUE
participant_0214,AI-white,8,100,8,2.9626125,11,100,11,2.690509090909091,TRUE,TRUE
participant_0215,AI-white,9,100,9,3.2535,12,91.66666666666666,11,3.0531,TRUE,TRUE
participant_0216,AI-white,12,100,12,3.27225,13,100,13,3.7260769230769233,TRUE,TRUE
participant_0217,AI-white,9,100,9,3.1481,13,100,13,3.517753846153846,TRUE,TRUE
participant_0218,AI-white,11,90.9090909090909,10,1.84033,14,92.85714285714286,12,1.8613250000000001,TRUE,TRUE
participant_0219,AI-white,10,90,9,4.998988888888889,11,90.9090909090909,10,6.172070000000001,TRUE,TRUE
participant_0220,AI-white,10,100,10,2.04966,11,100,11,2.0101727272727272,TRUE,TRUE
participant_0221,AI-white,14,71.42857142857143,10,1.5095,17,76.47058823529412,13,1.6116923076923078,TRUE,TRUE
participant_0222,AI-white,10,90,9,5.674111111111111,11,90.9090909090909,10,5.754,TRUE,TRUE
participant_0223,AI-white,10,100,10,2.25529,13,100,13,2.0449384615384614,TRUE,TRUE
participant_0225,AI-white,6,100,6,1.95625,8,100,8,2.247775,TRUE,TRUE
participant_0226,AI-white,14,78.57142857142857,11,1.4079636363636363,19,84.21052631578947,16,2.1366125,TRUE,TRUE
participant_0227,AI-white,12,91.66666666666666,11,1.7944363636363636,13,92.3076923076923,12,1.7669666666666668,TRUE,TRUE
participant_0228,AI-white,13,100,13,2.260469230769231,16,100,16,2.11175625,TRUE,TRUE
participant_0229,AI-white,7,85.71428571428571,6,2.469666666666667,10,90,9,5.213855555555556,TRUE,TRUE
participant_0230,AI-white,11,90.9090909090909,9,2.4491666666666667,15,93.33333333333333,13,2.554276923076923,TRUE,TRUE
participant_0231,AI-white,12,100,12,1.926625,15,100,15,1.9888466666666667,TRUE,TRUE
participant_0232,AI-white,11,90.9090909090909,10,2.5271,12,91.66666666666666,11,2.5464818181818183,TRUE,TRUE
participant_0233,AI-white,9,100,9,2.2836666666666665,11,100,11,2.1192727272727274,TRUE,TRUE
participant_0234,AI-white,10,90,9,2.207222222222222,10,90,9,2.207222222222222,TRUE,TRUE
participant_0235,AI-white,12,91.66666666666666,11,2.0754363636363635,12,91.66666666666666,11,2.0754363636363635,TRUE,TRUE
participant_0236,AI-white,13,92.3076923076923,12,2.5519,14,92.85714285714286,13,2.521023076923077,TRUE,TRUE
participant_0237,AI-white,10,80,8,1.632325,10,80,8,1.632325,TRUE,TRUE
participant_0238,AI-white,11,100,11,2.4475545454545453,14,100,14,2.3129785714285713,TRUE,TRUE
participant_0239,AI-white,8,100,8,1.623375,11,100,11,1.5777272727272726,TRUE,TRUE
participant_0240,AI-white,10,80,8,2.993475,12,83.33333333333334,10,2.8275,TRUE,TRUE
participant_0241,AI-white,10,90,9,3.691,12,91.66666666666666,11,3.4913636363636362,TRUE,TRUE
participant_0242,AI-white,7,71.42857142857143,5,1.92,9,77.77777777777779,7,1.87,TRUE,TRUE
participant_0243,AI-white,12,91.66666666666666,11,1.975090909090909,12,91.66666666666666,11,1.975090909090909,TRUE,TRUE
participant_0244,AI-white,13,92.3076923076923,12,2.5787916666666666,14,92.85714285714286,13,2.5403384615384614,TRUE,TRUE
participant_0245,AI-white,12,66.66666666666666,8,2.3280499999999997,13,61.53846153846154,8,2.3280499999999997,TRUE,TRUE
participant_0246,AI-white,12,75,9,2.014777777777778,13,76.92307692307693,10,2.08074,TRUE,TRUE
participant_0247,AI-white,8,87.5,7,1.9350142857142858,11,81.81818181818183,9,1.8679777777777777,TRUE,TRUE
participant_0248,AI-white,11,90.9090909090909,9,3.9020444444444444,13,92.3076923076923,11,3.7622545454545455,TRUE,TRUE
participant_0249,AI-white,14,100,14,3.0498714285714286,15,100,15,3.0288133333333334,TRUE,TRUE
participant_0250,AI-white,10,100,10,2.78442,11,100,11,2.683590909090909,TRUE,TRUE
participant_0251,AI-white,9,88.88888888888889,8,2.3402625,9,88.88888888888889,8,2.3402625,TRUE,TRUE
participant_0252,AI-white,15,93.33333333333333,14,2.0531714285714284,15,93.33333333333333,14,2.0531714285714284,TRUE,TRUE
participant_0253,AI-white,13,84.61538461538461,11,3.1066363636363636,16,87.5,14,3.194142857142857,TRUE,TRUE
participant_0254,AI-white,10,80,8,5.99465,12,83.33333333333334,10,5.2658000000000005,TRUE,TRUE
participant_0255,AI-white,10,50,5,3.2699000000000003,11,54.54545454545454,6,3.0328,TRUE,TRUE
participant_0256,AI-white,10,90,9,2.817,13,92.3076923076923,12,3.4909666666666666,TRUE,TRUE
participant_0257,AI-white,11,100,11,2.6715454545454547,13,100,13,2.5623846153846155,TRUE,TRUE
participant_0258,AI-white,7,85.71428571428571,6,1.5465,8,87.5,7,1.5261428571428572,TRUE,TRUE
participant_0259,AI-white,10,90,9,2.0233333333333334,14,92.85714285714286,13,1.8986923076923077,TRUE,TRUE
participant_0260,AI-white,12,66.66666666666666,8,2.934425,12,66.66666666666666,8,2.934425,TRUE,TRUE
participant_0262,AI-white,5,100,5,2.4478,10,100,10,2.2258,TRUE,TRUE
participant_0263,AI-white,9,88.88888888888889,8,9.2226875,12,91.66666666666666,11,7.235127272727273,TRUE,TRUE
participant_0264,AI-white,9,88.88888888888889,8,2.6317875,11,90.9090909090909,10,2.35544,TRUE,TRUE
participant_0265,AI-white,8,87.5,7,2.2018857142857144,11,90.9090909090909,10,2.05245,TRUE,TRUE
participant_0266,AI-white,6,66.66666666666666,4,2.328925,7,71.42857142857143,5,2.84626,TRUE,TRUE
participant_0267,AI-white,12,83.33333333333334,9,4.2597,15,86.66666666666667,11,4.727154545454545,TRUE,TRUE
participant_0268,AI-white,13,92.3076923076923,12,3.30825,14,92.85714285714286,13,3.5341923076923076,TRUE,TRUE
participant_0269,AI-white,13,100,13,2.8648307692307693,13,100,13,2.8648307692307693,TRUE,TRUE
participant_0270,AI-white,10,80,8,1.7368000000000001,10,80,8,1.7368000000000001,TRUE,TRUE
participant_0271,AI-white,10,90,9,1.8729222222222224,11,81.81818181818183,9,1.8729222222222224,TRUE,TRUE
participant_0272,AI-white,6,83.33333333333334,5,4.14314,9,88.88888888888889,8,3.7230374999999998,TRUE,TRUE
participant_0273,AI-white,12,100,12,2.0960666666666667,14,100,14,2.10875,TRUE,TRUE
participant_0274,AI-white,13,84.61538461538461,11,2.218909090909091,16,87.5,14,2.1752142857142855,TRUE,TRUE
participant_0275,AI-white,9,66.66666666666666,6,5.289666666666666,12,75,9,4.716777777777778,TRUE,TRUE
participant_0276,AI-white,7,100,7,1.8660142857142856,8,100,8,1.7471375,TRUE,TRUE
participant_0277,AI-white,11,100,11,3.1432545454545453,14,100,14,3.4224571428571426,TRUE,TRUE
participant_0278,AI-white,11,81.81818181818183,9,2.1024444444444446,12,83.33333333333334,10,2.0492,TRUE,TRUE
participant_0279,AI-white,14,92.85714285714286,13,1.7795923076923077,17,94.11764705882352,16,1.8037375,TRUE,TRUE
participant_0280,AI-white,12,100,12,1.6923,13,100,13,1.6605076923076922,TRUE,TRUE
participant_0281,AI-white,11,100,11,2.601918181818182,12,100,12,2.5273083333333335,TRUE,TRUE
participant_0282,AI-white,12,100,12,1.996,12,100,12,1.996,TRUE,TRUE
participant_0283,AI-white,10,60,6,3.8370166666666665,13,69.23076923076923,9,3.8115555555555556,TRUE,TRUE
participant_0284,AI-white,5,100,5,1.82754,6,100,6,1.7314166666666666,TRUE,TRUE
participant_0285,AI-white,7,100,7,2.557114285714286,8,100,8,2.9261625000000002,TRUE,TRUE
participant_0286,AI-white,9,100,9,1.8797777777777778,9,100,9,1.8797777777777778,TRUE,TRUE
participant_0287,AI-white,5,100,5,2.5302000000000002,7,100,7,2.3728571428571428,TRUE,TRUE
participant_0288,AI-white,9,88.88888888888889,8,2.0752625,11,90.9090909090909,10,2.2005,TRUE,TRUE
participant_0289,AI-white,12,91.66666666666666,11,2.307872727272727,12,91.66666666666666,11,2.307872727272727,TRUE,TRUE
participant_0290,AI-white,10,80,8,6.1327875,12,83.33333333333334,10,5.74506,TRUE,TRUE
participant_0291,AI-white,8,100,8,2.1967499999999998,10,100,10,2.029,TRUE,TRUE
participant_0292,AI-white,8,87.5,7,4.120528571428571,12,91.66666666666666,11,3.115927272727273,TRUE,TRUE
participant_0293,AI-white,18,94.44444444444444,17,2.391,20,95,19,2.353578947368421,TRUE,TRUE
participant_0294,AI-white,14,71.42857142857143,10,1.5339,16,75,12,1.5098333333333334,TRUE,TRUE
participant_0295,AI-white,7,100,7,2.4849571428571426,9,100,9,2.4141222222222223,TRUE,TRUE
participant_0296,AI-white,10,100,10,2.6267,11,100,11,2.5981272727272726,TRUE,TRUE
participant_0297,AI-white,11,72.72727272727273,8,3.884,12,75,9,4.088222222222222,TRUE,TRUE
participant_0298,AI-white,9,77.77777777777779,7,3.691114285714286,10,80,8,3.4090625,TRUE,TRUE
participant_0309,AI-white,14,78.57142857142857,11,1.2536272727272728,16,75,12,1.3271916666666668,TRUE,TRUE
participant_0314,AI-white,8,75,6,1.6800833333333334,9,77.77777777777779,7,1.614342857142857,TRUE,TRUE
participant_0332,AI-white,8,87.5,7,2.801857142857143,11,90.9090909090909,10,2.4856,TRUE,TRUE
participant_0341,AI-white,2,100,2,1.8687,2,100,2,1.8687,FALSE,FALSE
participant_0342,AI-white,10,70,7,3.0790571428571427,12,66.66666666666666,8,3.0002375,TRUE,TRUE
participant_0347,AI-white,11,54.54545454545454,5,4.96568,12,58.333333333333336,6,4.564233333333333,TRUE,TRUE
participant_0349,AI-white,10,80,8,3.4905,13,84.61538461538461,11,3.673281818181818,TRUE,TRUE
participant_0352,AI-white,11,90.9090909090909,10,2.81127,12,91.66666666666666,11,2.7470181818181816,TRUE,TRUE
participant_0358,AI-white,8,87.5,7,2.0463428571428572,10,90,9,1.8878,TRUE,TRUE
participant_0366,AI-white,11,90.9090909090909,9,3.1293555555555557,13,92.3076923076923,11,2.783981818181818,TRUE,TRUE
participant_0368,AI-white,7,85.71428571428571,6,3.2898333333333336,8,87.5,7,3.054042857142857,TRUE,TRUE
participant_0376,AI-white,7,100,7,3.442628571428571,9,100,9,3.332988888888889,TRUE,TRUE
participant_0377,AI-white,9,100,9,1.6006666666666667,11,90.9090909090909,10,1.5925,TRUE,TRUE
participant_0379,AI-white,8,100,8,2.5587125,9,100,9,2.4681777777777776,TRUE,TRUE
participant_0381,AI-white,12,83.33333333333334,10,2.7357,15,86.66666666666667,13,2.6140538461538463,TRUE,TRUE
participant_0384,AI-white,12,100,12,2.7426666666666666,16,100,16,2.4765,TRUE,TRUE
participant_0386,AI-white,7,85.71428571428571,6,6.805816666666667,9,88.88888888888889,8,6.8309500000000005,TRUE,TRUE
participant_0392,AI-white,6,100,6,2.5777,9,100,9,2.4710888888888887,TRUE,TRUE
participant_0394,AI-white,11,90.9090909090909,10,2.51152,15,93.33333333333333,14,2.2320714285714285,TRUE,TRUE
participant_0400,AI-white,9,100,9,2.9150555555555555,12,100,12,2.59,TRUE,TRUE
participant_0401,AI-white,9,100,9,2.6755555555555555,11,100,11,2.5810454545454546,TRUE,TRUE
participant_0406,AI-white,9,100,9,1.5631333333333333,12,100,12,1.6294583333333332,TRUE,TRUE
participant_0407,AI-white,9,33.33333333333333,3,1.4294,13,30.76923076923077,4,1.763275,TRUE,TRUE
participant_0408,AI-white,10,100,10,2.38367,13,100,13,2.458469230769231,TRUE,TRUE
participant_0409,AI-white,11,100,11,1.9958272727272728,13,100,13,1.9239230769230768,TRUE,TRUE
participant_0410,AI-white,15,93.33333333333333,14,2.570992857142857,17,94.11764705882352,16,2.57453125,TRUE,TRUE
participant_0411,AI-white,14,85.71428571428571,12,2.85125,16,87.5,14,2.7862785714285714,TRUE,TRUE
participant_0412,AI-white,6,66.66666666666666,4,2.3236499999999998,6,66.66666666666666,4,2.3236499999999998,TRUE,TRUE
participant_0413,AI-white,10,80,8,2.8963625,10,80,8,2.8963625,TRUE,TRUE
participant_0414,AI-white,11,81.81818181818183,9,1.7894444444444444,13,84.61538461538461,11,1.6980545454545455,TRUE,TRUE
participant_0415,AI-white,14,7.142857142857142,1,2.9744,17,5.88235294117647,1,2.9744,TRUE,FALSE
participant_0416,AI-white,11,90.9090909090909,10,1.87643,15,93.33333333333333,14,1.9517642857142856,TRUE,TRUE
participant_0417,AI-white,11,100,11,1.5382272727272728,13,100,13,1.4499461538461538,TRUE,TRUE
participant_0418,AI-white,9,77.77777777777779,7,3.1262285714285714,10,80,8,2.98935,TRUE,TRUE
participant_0419,AI-white,13,100,13,1.714576923076923,14,100,14,1.7036857142857142,TRUE,TRUE
participant_0420,AI-white,10,70,7,2.1068571428571428,10,70,7,2.1068571428571428,TRUE,TRUE
participant_0421,AI-white,5,100,5,5.185239999999999,5,100,5,5.185239999999999,TRUE,TRUE
participant_0422,AI-white,6,100,6,4.91245,8,100,8,4.2077625,TRUE,TRUE
participant_0423,AI-white,11,54.54545454545454,6,2.6682166666666665,12,58.333333333333336,7,2.586557142857143,TRUE,TRUE
participant_0424,AI-white,3,100,3,1.8857666666666668,6,100,6,1.9779,FALSE,TRUE
participant_0425,AI-white,13,92.3076923076923,12,2.6988916666666665,14,92.85714285714286,13,2.608061538461538,TRUE,TRUE
participant_0426,AI-white,11,54.54545454545454,6,3.1496,14,64.28571428571429,9,3.141277777777778,TRUE,TRUE
participant_0427,AI-white,9,77.77777777777779,7,2.790342857142857,12,83.33333333333334,10,2.47036,TRUE,TRUE
participant_0428,AI-white,9,77.77777777777779,7,2.2441999999999998,12,83.33333333333334,10,2.18975,TRUE,TRUE
participant_0429,AI-white,12,100,12,2.0058,14,100,14,1.9492214285714287,TRUE,TRUE
participant_0430,AI-white,8,75,6,1.9678833333333334,10,80,8,1.841675,TRUE,TRUE
participant_0431,AI-white,15,86.66666666666667,13,2.4894153846153846,16,87.5,14,2.4375785714285714,TRUE,TRUE
participant_0432,AI-white,13,84.61538461538461,11,1.9992454545454545,15,86.66666666666667,13,2.101423076923077,TRUE,TRUE
participant_0433,AI-white,8,100,8,2.401775,11,100,11,2.2009363636363637,TRUE,TRUE
participant_0434,AI-white,11,72.72727272727273,8,2.1560875,14,78.57142857142857,11,2.287009090909091,TRUE,TRUE
participant_0435,AI-white,9,100,9,3.324722222222222,9,100,9,3.324722222222222,TRUE,TRUE
participant_0436,AI-white,8,87.5,7,4.7723571428571425,9,88.88888888888889,8,5.3753375,TRUE,TRUE
participant_0437,AI-white,16,87.5,14,1.7350642857142857,17,88.23529411764706,15,1.7091399999999999,TRUE,TRUE
participant_0438,AI-white,8,50,4,6.599349999999999,12,66.66666666666666,8,3.9117125,TRUE,TRUE
participant_0439,AI-white,10,90,9,2.4314444444444443,11,90.9090909090909,10,2.3499,TRUE,TRUE
participant_0440,AI-white,7,100,7,2.2055857142857143,8,100,8,2.65285,TRUE,TRUE
participant_0441,AI-white,12,100,12,3.1547083333333332,15,100,15,3.3019933333333333,TRUE,TRUE
participant_0442,AI-white,9,100,9,1.9367777777777777,12,91.66666666666666,11,1.912,TRUE,TRUE
participant_0443,AI-white,10,100,10,2.23524,14,100,14,2.065457142857143,TRUE,TRUE
participant_0444,AI-white,13,100,13,1.9214846153846155,13,100,13,1.9214846153846155,TRUE,TRUE
participant_0445,AI-white,9,100,9,2.3305333333333333,11,100,11,2.2665727272727274,TRUE,TRUE
participant_0446,AI-white,7,85.71428571428571,6,3.8446499999999997,9,88.88888888888889,8,3.557825,TRUE,TRUE
participant_0447,AI-white,9,100,9,1.6643666666666668,10,100,10,1.67059,TRUE,TRUE
participant_0448,AI-white,10,100,10,2.05611,11,100,11,1.9827454545454546,TRUE,TRUE
participant_0449,AI-white,7,71.42857142857143,5,2.7128,10,60,6,2.99735,TRUE,TRUE
participant_0450,AI-white,7,85.71428571428571,6,2.8087999999999997,8,87.5,7,2.6339714285714284,TRUE,TRUE
participant_0451,AI-white,11,100,11,3.921027272727273,13,100,13,3.8727923076923076,TRUE,TRUE
participant_0452,AI-white,15,60,9,2.1475333333333335,15,60,9,2.1475333333333335,TRUE,TRUE
participant_0453,AI-white,12,100,12,2.3623333333333334,14,100,14,2.2747285714285717,TRUE,TRUE
participant_0454,AI-white,8,12.5,1,0.4447,11,9.090909090909092,1,0.4447,TRUE,FALSE
participant_0455,AI-white,5,100,5,2.03384,7,100,7,1.986357142857143,TRUE,TRUE
participant_0456,AI-white,10,90,9,2.318922222222222,11,90.9090909090909,10,2.26277,TRUE,TRUE
participant_0457,AI-white,11,72.72727272727273,7,3.468785714285714,11,72.72727272727273,7,3.468785714285714,TRUE,TRUE
participant_0458,AI-white,9,77.77777777777779,7,1.6485857142857143,12,83.33333333333334,10,1.58385,TRUE,TRUE
participant_0459,AI-white,11,90.9090909090909,10,2.80637,14,92.85714285714286,13,2.579284615384615,TRUE,TRUE
participant_0461,AI-white,15,86.66666666666667,13,3.935046153846154,17,88.23529411764706,15,3.8941600000000003,TRUE,TRUE
participant_0462,AI-white,7,85.71428571428571,6,4.342016666666667,8,87.5,7,4.3648428571428575,TRUE,TRUE
participant_0464,AI-white,8,100,8,2.6727,8,100,8,2.6727,TRUE,TRUE
participant_0465,AI-white,11,100,11,1.9010818181818183,12,100,12,1.8955833333333334,TRUE,TRUE
participant_0466,AI-white,12,91.66666666666666,11,1.7481181818181817,14,92.85714285714286,13,1.8595846153846154,TRUE,TRUE
participant_0467,AI-white,6,100,6,1.9046166666666666,8,100,8,1.8966625,TRUE,TRUE
participant_0468,AI-white,12,91.66666666666666,11,2.466309090909091,13,92.3076923076923,12,2.3544916666666666,TRUE,TRUE
participant_0469,AI-white,11,90.9090909090909,10,3.02621,13,92.3076923076923,12,2.9679583333333333,TRUE,TRUE
participant_0470,AI-white,12,100,12,2.9425833333333333,13,100,13,2.8720153846153846,TRUE,TRUE
participant_0471,AI-white,8,100,8,2.016875,9,100,9,1.9418666666666666,TRUE,TRUE
participant_0472,AI-white,11,72.72727272727273,8,3.432425,12,75,9,3.298033333333333,TRUE,TRUE
participant_0473,AI-white,13,92.3076923076923,12,1.9897333333333334,14,92.85714285714286,13,1.949023076923077,TRUE,TRUE
participant_0474,AI-white,14,85.71428571428571,12,2.0381666666666667,18,88.88888888888889,16,1.9334375,TRUE,TRUE
participant_0475,AI-white,5,40,2,1.57775,10,70,7,1.9866142857142859,TRUE,FALSE
participant_0476,AI-white,12,75,9,3.5905222222222224,15,80,12,5.205575,TRUE,TRUE
participant_0477,AI-white,13,100,13,2.2530076923076923,15,100,15,2.13708,TRUE,TRUE
participant_0478,AI-white,8,62.5,5,5.23824,9,66.66666666666666,6,4.839166666666666,TRUE,TRUE
participant_0479,AI-white,8,75,6,2.782783333333333,11,81.81818181818183,9,2.676922222222222,TRUE,TRUE
participant_0480,AI-white,13,92.3076923076923,12,2.3470666666666666,15,93.33333333333333,14,2.2383785714285716,TRUE,TRUE
participant_0481,AI-white,10,90,9,2.5064777777777776,12,91.66666666666666,11,2.2905454545454544,TRUE,TRUE
participant_0482,AI-white,11,90.9090909090909,10,2.1335800000000003,11,90.9090909090909,10,2.1335800000000003,TRUE,TRUE
participant_0483,AI-white,6,83.33333333333334,5,2.43072,7,85.71428571428571,6,2.5876833333333336,TRUE,TRUE
participant_0484,AI-white,13,100,13,2.0932307692307695,14,100,14,2.054,TRUE,TRUE
participant_0485,AI-white,11,81.81818181818183,9,1.6346666666666667,11,81.81818181818183,9,1.6346666666666667,TRUE,TRUE
participant_0486,AI-white,10,100,10,2.93157,13,100,13,2.704446153846154,TRUE,TRUE
participant_0487,AI-white,8,87.5,7,2.2641714285714283,10,90,9,2.0126444444444442,TRUE,TRUE
participant_0488,AI-white,12,100,11,2.4578545454545453,13,100,12,2.3887916666666666,TRUE,TRUE
participant_0489,AI-white,14,92.85714285714286,13,1.9061307692307692,14,92.85714285714286,13,1.9061307692307692,TRUE,TRUE
participant_0490,AI-white,9,100,9,1.537,12,100,12,1.6613083333333334,TRUE,TRUE
participant_0491,AI-white,10,90,9,2.0089555555555556,11,90.9090909090909,10,1.92838,TRUE,TRUE
participant_0492,AI-white,15,93.33333333333333,14,2.011,18,94.44444444444444,17,1.9188235294117646,TRUE,TRUE
participant_0493,AI-white,8,100,8,3.2245875,9,100,9,3.167955555555556,TRUE,TRUE
participant_0494,AI-white,11,100,11,2.8029272727272727,11,100,11,2.8029272727272727,TRUE,TRUE
participant_0495,AI-white,8,100,8,1.906125,11,100,11,1.8298181818181818,TRUE,TRUE
participant_0496,AI-white,10,90,9,2.183666666666667,13,92.3076923076923,12,1.9196,TRUE,TRUE
participant_0497,AI-white,11,100,11,3.059409090909091,11,100,11,3.059409090909091,TRUE,TRUE
participant_0498,AI-white,8,62.5,5,5.83674,11,72.72727272727273,8,5.3363,TRUE,TRUE
participant_0500,AI-white,11,90.9090909090909,10,1.65917,13,92.3076923076923,12,1.7711999999999999,TRUE,TRUE
participant_0501,AI-white,9,100,9,3.0865333333333336,11,100,11,3.339390909090909,TRUE,TRUE
participant_0502,AI-white,9,88.88888888888889,8,2.4084625,10,90,9,2.673511111111111,TRUE,TRUE
participant_0503,AI-white,8,62.5,5,1.9674,12,75,9,1.8520555555555556,TRUE,TRUE
participant_0504,AI-white,10,100,10,4.26981,12,100,12,3.9204749999999997,TRUE,TRUE
participant_0505,AI-white,12,91.66666666666666,11,2.467363636363636,12,91.66666666666666,11,2.467363636363636,TRUE,TRUE
participant_0507,AI-white,11,100,11,2.188218181818182,13,100,13,2.138692307692308,TRUE,TRUE
participant_0508,AI-white,13,92.3076923076923,12,1.955225,14,92.85714285714286,13,1.9862384615384616,TRUE,TRUE
participant_0509,AI-white,12,75,9,2.7329999999999997,13,76.92307692307693,10,3.12887,TRUE,TRUE
participant_0510,AI-white,10,100,10,1.66957,14,100,14,1.5926714285714285,TRUE,TRUE
participant_0511,AI-white,12,91.66666666666666,11,3.7903636363636366,15,93.33333333333333,14,3.780064285714286,TRUE,TRUE
participant_0512,AI-white,11,90.9090909090909,10,3.034,12,91.66666666666666,11,3.0259272727272726,TRUE,TRUE
participant_0513,AI-white,9,66.66666666666666,6,3.0292666666666666,11,72.72727272727273,8,2.9154,TRUE,TRUE
participant_0514,AI-white,12,91.66666666666666,11,2.396990909090909,13,92.3076923076923,12,2.3758416666666666,TRUE,TRUE
participant_0515,AI-white,15,86.66666666666667,13,2.738923076923077,17,88.23529411764706,15,2.64138,TRUE,TRUE
participant_0516,AI-white,11,90.9090909090909,10,2.24825,13,92.3076923076923,12,2.2172916666666667,TRUE,TRUE
participant_0517,AI-white,9,88.88888888888889,8,1.5918,10,90,9,2.0348333333333333,TRUE,TRUE
participant_0518,AI-white,12,66.66666666666666,8,1.6824875000000001,13,69.23076923076923,9,1.6637333333333333,TRUE,TRUE
participant_0519,AI-white,11,72.72727272727273,8,2.8187625,13,76.92307692307693,10,2.56191,TRUE,TRUE
participant_0520,AI-white,10,100,10,1.37559,15,100,15,1.3095066666666666,TRUE,TRUE
participant_0522,AI-white,12,100,12,1.8796416666666667,12,100,12,1.8796416666666667,TRUE,TRUE
participant_0523,AI-white,12,83.33333333333334,10,1.9444000000000001,16,87.5,14,1.8137142857142858,TRUE,TRUE
participant_0524,AI-white,12,83.33333333333334,10,1.7575,13,84.61538461538461,11,1.9631818181818181,TRUE,TRUE
participant_0525,AI-white,10,80,8,2.72675,11,81.81818181818183,9,2.5825555555555555,TRUE,TRUE
participant_0526,AI-white,15,80,12,1.9415416666666667,17,82.35294117647058,14,1.9099357142857143,TRUE,TRUE
participant_0527,AI-white,10,90,9,1.3871111111111112,11,90.9090909090909,10,1.45767,TRUE,TRUE
participant_0528,AI-white,10,90,9,3.7813,12,91.66666666666666,11,3.4409454545454548,TRUE,TRUE
participant_0529,AI-white,10,80,8,1.728875,13,84.61538461538461,11,1.6809818181818181,TRUE,TRUE
participant_0530,AI-white,9,100,9,1.8177555555555556,9,100,9,1.8177555555555556,TRUE,TRUE
participant_0531,AI-white,9,33.33333333333333,3,1.5354,13,53.84615384615385,7,1.3722714285714286,TRUE,TRUE
participant_0532,AI-white,11,90.9090909090909,10,1.75146,14,92.85714285714286,13,1.8738923076923077,TRUE,TRUE
participant_0533,AI-white,10,80,7,2.281814285714286,11,81.81818181818183,8,2.1736375,TRUE,TRUE
participant_0534,AI-white,18,94.44444444444444,17,2.7031882352941174,21,95.23809523809523,20,2.8849,TRUE,TRUE
participant_0535,AI-white,9,77.77777777777779,7,5.477628571428571,11,81.81818181818183,9,4.681988888888889,TRUE,TRUE
participant_0536,AI-white,9,100,9,1.987011111111111,11,90.9090909090909,10,1.93557,TRUE,TRUE
participant_0537,AI-white,11,90.9090909090909,10,2.8092,15,93.33333333333333,14,2.5462857142857143,TRUE,TRUE
participant_0538,AI-white,8,87.5,7,2.854057142857143,11,90.9090909090909,10,2.65906,TRUE,TRUE
participant_0539,AI-white,11,72.72727272727273,8,3.8225000000000002,15,80,12,3.258125,TRUE,TRUE
participant_0540,AI-white,12,66.66666666666666,8,2.14175,13,69.23076923076923,9,2.0632555555555556,TRUE,TRUE
participant_0541,AI-white,10,100,10,1.66166,10,100,10,1.66166,TRUE,TRUE
participant_0542,AI-white,14,100,14,2.4123642857142857,16,100,16,2.29883125,TRUE,TRUE
participant_0543,AI-white,8,87.5,7,2.9796428571428573,10,90,9,2.759211111111111,TRUE,TRUE
participant_0544,AI-white,9,77.77777777777779,7,2.8944428571428573,9,77.77777777777779,7,2.8944428571428573,TRUE,TRUE
participant_0545,AI-white,7,85.71428571428571,6,2.2294833333333335,8,87.5,7,2.240042857142857,TRUE,TRUE
participant_0546,AI-white,9,100,9,2.2320333333333333,10,100,10,2.21934,TRUE,TRUE
participant_0547,AI-white,11,100,11,2.852109090909091,12,100,12,2.758966666666667,TRUE,TRUE
participant_0548,AI-white,12,100,12,3.2493,13,100,13,3.330776923076923,TRUE,TRUE
participant_0549,AI-white,13,100,13,3.0696076923076925,15,100,15,2.93564,TRUE,TRUE
participant_0550,AI-white,11,90.9090909090909,10,2.69941,11,90.9090909090909,10,2.69941,TRUE,TRUE
participant_0552,AI-white,10,90,9,1.9993222222222222,13,92.3076923076923,12,1.9041666666666668,TRUE,TRUE
participant_0553,AI-white,10,70,7,1.8335714285714286,10,70,7,1.8335714285714286,TRUE,TRUE
participant_0554,AI-white,9,100,9,1.7993222222222223,12,100,12,1.835925,TRUE,TRUE
participant_0555,AI-white,8,100,8,2.3741125,10,100,10,2.29497,TRUE,TRUE
participant_0556,AI-white,7,71.42857142857143,5,1.7386000000000001,9,77.77777777777779,7,1.8027714285714287,TRUE,TRUE
participant_0557,AI-white,9,88.88888888888889,8,1.8410499999999999,9,88.88888888888889,8,1.8410499999999999,TRUE,TRUE
participant_0558,AI-white,12,91.66666666666666,11,2.139490909090909,16,93.75,15,2.6671533333333333,TRUE,TRUE
participant_0559,AI-white,14,85.71428571428571,11,2.162,16,87.5,13,2.1776153846153847,TRUE,TRUE
participant_0560,AI-white,12,91.66666666666666,11,1.5017181818181817,12,91.66666666666666,11,1.5017181818181817,TRUE,TRUE
participant_0561,AI-white,10,90,9,1.8878444444444444,13,92.3076923076923,12,1.8119666666666667,TRUE,TRUE
participant_0563,AI-white,10,90,9,2.4540555555555557,11,90.9090909090909,10,3.00056,TRUE,TRUE
participant_0564,AI-white,9,100,9,1.6372222222222221,13,92.3076923076923,12,1.6173333333333333,TRUE,TRUE
participant_0565,AI-white,15,93.33333333333333,14,4.925235714285714,18,94.44444444444444,17,4.439076470588235,TRUE,TRUE
participant_0566,AI-white,11,54.54545454545454,6,1.9067666666666667,12,58.333333333333336,7,1.774557142857143,TRUE,TRUE
participant_0567,AI-white,12,100,12,1.685975,14,100,14,1.6953142857142858,TRUE,TRUE
participant_0568,AI-white,11,81.81818181818183,9,1.5116333333333334,13,84.61538461538461,11,1.484390909090909,TRUE,TRUE
participant_0569,AI-white,9,77.77777777777779,7,2.2527857142857144,11,81.81818181818183,9,2.3052,TRUE,TRUE
participant_0570,AI-white,9,100,9,1.9001666666666666,10,100,10,1.8366,TRUE,TRUE
participant_0571,AI-white,11,100,11,3.9133636363636364,11,100,11,3.9133636363636364,TRUE,TRUE
participant_0572,AI-white,9,100,9,2.7582,12,100,12,2.7151666666666667,TRUE,TRUE
participant_0573,AI-white,7,71.42857142857143,5,1.8144,9,77.77777777777779,7,2.006,TRUE,TRUE
participant_0574,AI-white,12,91.66666666666666,11,1.929,15,93.33333333333333,14,1.927857142857143,TRUE,TRUE
participant_0575,AI-white,16,87.5,14,1.70355,19,89.47368421052632,17,1.6095117647058823,TRUE,TRUE
participant_0576,AI-white,12,83.33333333333334,10,1.7850700000000002,12,83.33333333333334,10,1.7850700000000002,TRUE,TRUE
participant_0577,AI-white,9,100,9,1.990911111111111,11,100,11,1.8456454545454546,TRUE,TRUE
participant_0578,AI-white,14,92.85714285714286,13,1.6782307692307692,15,93.33333333333333,14,1.6719428571428572,TRUE,TRUE
participant_0580,AI-white,11,90.9090909090909,10,4.06166,13,92.3076923076923,12,3.9471166666666666,TRUE,TRUE
participant_0581,AI-white,8,87.5,7,3.440057142857143,9,88.88888888888889,8,3.6503625,TRUE,TRUE
participant_0582,AI-white,15,100,15,2.543886666666667,15,100,15,2.543886666666667,TRUE,TRUE
participant_0583,AI-white,15,86.66666666666667,13,3.3636538461538463,16,87.5,14,3.2843857142857145,TRUE,TRUE
participant_0584,AI-white,8,87.5,7,8.2222,9,88.88888888888889,8,7.532475,TRUE,TRUE
participant_0585,AI-white,14,92.85714285714286,13,3.2462307692307695,14,92.85714285714286,13,3.2462307692307695,TRUE,TRUE
participant_0586,AI-white,8,100,8,2.418125,9,100,9,2.3674444444444447,TRUE,TRUE
participant_0587,AI-white,13,100,13,2.5960076923076922,15,100,15,2.90086,TRUE,TRUE
participant_0588,AI-white,9,100,9,1.9564777777777778,11,90.9090909090909,10,1.9543300000000001,TRUE,TRUE
participant_0589,AI-white,11,100,11,1.810281818181818,11,100,11,1.810281818181818,TRUE,TRUE
participant_0590,AI-white,13,84.61538461538461,11,2.548836363636364,14,85.71428571428571,12,2.4573666666666667,TRUE,TRUE
participant_0591,AI-white,8,100,8,2.857625,8,100,8,2.857625,TRUE,TRUE
participant_0592,AI-white,8,87.5,7,2.4436285714285715,10,90,9,3.0316222222222224,TRUE,TRUE
participant_0593,AI-white,11,63.63636363636363,7,2.2655285714285713,12,66.66666666666666,8,2.1291875,TRUE,TRUE
participant_0594,AI-white,12,91.66666666666666,11,1.8186545454545455,12,91.66666666666666,11,1.8186545454545455,TRUE,TRUE
participant_0595,AI-white,13,92.3076923076923,12,1.8239166666666666,13,92.3076923076923,12,1.8239166666666666,TRUE,TRUE
participant_0596,AI-white,10,90,9,1.9273333333333333,11,90.9090909090909,10,1.8693,TRUE,TRUE
participant_0597,AI-white,12,83.33333333333334,10,2.19271,13,84.61538461538461,11,2.2483272727272725,TRUE,TRUE
participant_0598,AI-white,13,92.3076923076923,12,2.0081583333333333,15,93.33333333333333,14,1.9793285714285715,TRUE,TRUE
participant_0599,AI-white,12,83.33333333333334,10,2.82641,13,84.61538461538461,11,2.877990909090909,TRUE,TRUE
participant_0601,AI-white,8,100,8,1.4409,14,92.85714285714286,13,1.7165076923076923,TRUE,TRUE
participant_0602,AI-white,10,80,8,3.49765,11,81.81818181818183,9,3.478211111111111,TRUE,TRUE
participant_0603,AI-white,11,90.9090909090909,10,2.89486,11,90.9090909090909,10,2.89486,TRUE,TRUE
participant_0604,AI-white,12,75,9,5.034544444444444,14,78.57142857142857,11,4.607290909090909,TRUE,TRUE
participant_0605,AI-white,16,87.5,14,2.197857142857143,17,88.23529411764706,15,2.1800266666666666,TRUE,TRUE
participant_0606,AI-white,13,92.3076923076923,12,3.5911666666666666,16,93.75,15,3.469533333333333,TRUE,TRUE
participant_0607,AI-white,7,100,7,2.295528571428571,9,100,9,2.3073444444444444,TRUE,TRUE
participant_0608,AI-white,11,90.9090909090909,10,2.4585,12,91.66666666666666,11,2.478727272727273,TRUE,TRUE
participant_0609,AI-white,10,70,6,1.4299333333333333,11,72.72727272727273,7,1.4851285714285714,TRUE,TRUE
participant_0610,AI-white,10,80,8,2.418975,10,80,8,2.418975,TRUE,TRUE
participant_0611,AI-white,12,83.33333333333334,10,2.32518,15,86.66666666666667,13,2.8009461538461538,TRUE,TRUE
participant_0612,AI-white,10,100,10,3.43562,10,100,10,3.43562,TRUE,TRUE
participant_0613,AI-white,11,100,11,1.9615181818181817,12,100,12,1.9835416666666665,TRUE,TRUE
participant_0614,AI-white,7,100,7,3.363857142857143,9,100,9,3.2526888888888887,TRUE,TRUE
participant_0615,AI-white,13,92.3076923076923,12,2.1245833333333333,16,93.75,15,2.1386666666666665,TRUE,TRUE
participant_0616,AI-white,8,100,8,1.9622125,10,100,10,1.96113,TRUE,TRUE
participant_0617,AI-white,8,75,6,2.2156166666666666,9,77.77777777777779,7,2.088942857142857,TRUE,TRUE
participant_0618,AI-white,9,100,9,2.0344777777777776,11,100,11,1.8869454545454545,TRUE,TRUE
participant_0619,AI-white,11,90.9090909090909,9,3.386066666666667,14,92.85714285714286,12,2.980141666666667,TRUE,TRUE
participant_0620,AI-white,13,92.3076923076923,12,4.204225,13,92.3076923076923,12,4.204225,TRUE,TRUE
participant_0621,AI-white,9,88.88888888888889,8,2.286725,10,90,9,2.159211111111111,TRUE,TRUE
participant_0622,AI-white,9,88.88888888888889,8,2.6485125,11,90.9090909090909,10,2.4989,TRUE,TRUE
participant_0623,AI-white,9,88.88888888888889,8,3.7097875,9,88.88888888888889,8,3.7097875,TRUE,TRUE
participant_0624,AI-white,15,93.33333333333333,14,2.3858642857142858,17,94.11764705882352,16,2.39405625,TRUE,TRUE
participant_0625,AI-white,8,87.5,7,3.680857142857143,9,88.88888888888889,8,3.43525,TRUE,TRUE
participant_0626,AI-white,9,77.77777777777779,7,3.7304285714285714,15,86.66666666666667,13,3.9987615384615385,TRUE,TRUE
participant_0627,AI-white,17,88.23529411764706,15,2.19682,18,88.88888888888889,16,2.22008125,TRUE,TRUE
participant_0629,AI-white,9,100,9,5.1891,13,100,13,4.067692307692307,TRUE,TRUE
participant_0631,AI-white,11,100,11,1.9261363636363638,13,100,13,1.8590153846153847,TRUE,TRUE
participant_0632,AI-white,10,90,9,3.023,10,90,9,3.023,TRUE,TRUE
participant_0633,AI-white,9,88.88888888888889,8,2.1208875,11,90.9090909090909,10,2.15003,TRUE,TRUE
participant_0634,AI-white,13,100,13,2.5132461538461537,16,100,16,2.4633,TRUE,TRUE
participant_0635,AI-white,10,80,8,3.052675,12,83.33333333333334,10,2.81906,TRUE,TRUE
participant_0636,AI-white,12,91.66666666666666,11,2.142736363636364,13,92.3076923076923,12,2.1205833333333333,TRUE,TRUE
participant_0638,AI-white,6,66.66666666666666,4,3.0367249999999997,7,71.42857142857143,5,2.77806,TRUE,TRUE
participant_0639,AI-white,11,81.81818181818183,9,3.160688888888889,12,83.33333333333334,10,3.2062,TRUE,TRUE
participant_0640,AI-white,12,91.66666666666666,11,2.914081818181818,14,92.85714285714286,13,2.9517846153846152,TRUE,TRUE
participant_0641,AI-white,8,100,8,2.7269,8,100,8,2.7269,TRUE,TRUE
participant_0642,AI-white,6,83.33333333333334,5,2.24932,7,85.71428571428571,6,2.274583333333333,TRUE,TRUE
participant_0643,AI-white,11,90.9090909090909,10,2.68302,14,92.85714285714286,13,2.743369230769231,TRUE,TRUE
participant_0644,AI-white,11,81.81818181818183,9,3.065011111111111,14,85.71428571428571,12,2.7871333333333332,TRUE,TRUE
participant_0645,AI-white,8,87.5,7,2.7389285714285716,11,90.9090909090909,10,2.55022,TRUE,TRUE
participant_0646,AI-white,12,100,12,3.2947333333333333,16,100,16,2.93235,TRUE,TRUE
participant_0647,AI-white,11,100,11,3.9939909090909094,12,100,12,3.8255666666666666,TRUE,TRUE
participant_0648,AI-white,11,81.81818181818183,9,9.539211111111111,12,83.33333333333334,10,8.823030000000001,TRUE,TRUE
participant_0649,AI-white,9,77.77777777777779,7,1.605,12,83.33333333333334,10,1.56714,TRUE,TRUE
participant_0651,AI-white,9,100,9,1.4830777777777777,11,100,11,1.5102545454545455,TRUE,TRUE
participant_0652,AI-white,9,77.77777777777779,7,2.2354285714285713,12,75,9,2.0421666666666667,TRUE,TRUE
participant_0653,AI-white,9,88.88888888888889,8,2.0251125,11,90.9090909090909,10,1.96639,TRUE,TRUE
participant_0654,AI-white,11,90.9090909090909,9,5.309166666666667,13,92.3076923076923,11,4.725709090909091,TRUE,TRUE
participant_0655,AI-white,10,70,7,1.9475,12,75,9,1.8553666666666666,TRUE,TRUE
participant_0656,AI-white,12,91.66666666666666,10,4.4702,15,80,11,4.381,TRUE,TRUE
participant_0657,AI-white,15,93.33333333333333,13,3.1602076923076923,16,87.5,13,3.1602076923076923,TRUE,TRUE
participant_0658,AI-white,4,75,3,6.4704,6,83.33333333333334,5,4.893879999999999,FALSE,TRUE
participant_0659,AI-white,11,100,11,1.7791363636363637,12,100,12,1.7215333333333334,TRUE,TRUE
participant_0660,AI-white,10,20,2,0.2784,12,16.666666666666664,2,0.2784,TRUE,FALSE
participant_0661,AI-white,12,100,12,3.832933333333333,12,100,12,3.832933333333333,TRUE,TRUE
participant_0662,AI-white,10,80,8,3.4089875000000003,12,83.33333333333334,10,3.19044,TRUE,TRUE
participant_0663,AI-white,6,100,6,2.773483333333333,8,100,8,2.4657375,TRUE,TRUE
participant_0664,AI-white,15,86.66666666666667,13,4.319530769230769,16,87.5,14,4.199607142857142,TRUE,TRUE
participant_0665,AI-white,5,60,3,2.8013333333333335,8,75,6,2.2460166666666668,TRUE,TRUE
participant_0667,AI-white,12,83.33333333333334,10,5.92943,16,81.25,13,5.43216923076923,TRUE,TRUE
participant_0668,AI-white,13,84.61538461538461,11,3.5642727272727273,14,85.71428571428571,12,3.63975,TRUE,TRUE
participant_0669,AI-white,8,87.5,7,2.2319999999999998,11,90.9090909090909,10,2.0597,TRUE,TRUE
participant_0670,AI-white,16,100,16,5.61740625,17,100,17,5.853488235294118,TRUE,TRUE
participant_0673,AI-white,10,70,7,2.0412,13,76.92307692307693,10,2.33978,TRUE,TRUE
participant_0674,AI-white,14,57.14285714285714,8,4.109025,14,57.14285714285714,8,4.109025,TRUE,TRUE
participant_0675,AI-white,13,84.61538461538461,11,2.310609090909091,14,85.71428571428571,12,2.3087166666666668,TRUE,TRUE
participant_0676,AI-white,13,100,13,4.2895,14,100,14,4.2454214285714285,TRUE,TRUE
participant_0677,AI-white,12,100,12,2.597891666666667,14,100,14,2.4603,TRUE,TRUE
participant_0678,AI-white,10,100,10,2.34535,10,100,10,2.34535,TRUE,TRUE
participant_0679,AI-white,13,84.61538461538461,11,3.4874545454545456,15,86.66666666666667,13,3.2861846153846153,TRUE,TRUE
participant_0680,AI-white,13,84.61538461538461,11,4.713418181818182,13,84.61538461538461,11,4.713418181818182,TRUE,TRUE
participant_0681,AI-white,5,100,5,2.8931400000000003,5,100,5,2.8931400000000003,TRUE,TRUE
participant_0682,AI-white,9,100,9,3.0204444444444443,11,100,11,2.9317727272727274,TRUE,TRUE
participant_0683,AI-white,14,78.57142857142857,11,1.7983090909090909,15,80,12,1.7510166666666667,TRUE,TRUE
participant_0684,AI-white,11,81.81818181818183,9,2.784222222222222,13,84.61538461538461,11,2.943972727272727,TRUE,TRUE
participant_0686,AI-white,11,90.9090909090909,10,3.94458,12,91.66666666666666,11,3.9021545454545454,TRUE,TRUE
participant_0687,AI-white,8,87.5,7,2.1404428571428573,10,90,9,1.9720777777777778,TRUE,TRUE
participant_0688,AI-white,9,77.77777777777779,7,2.2237285714285715,10,80,8,2.5858875,TRUE,TRUE
participant_0689,AI-white,11,100,11,2.7374,12,100,12,2.774675,TRUE,TRUE
participant_0690,AI-white,9,66.66666666666666,6,3.276466666666667,12,66.66666666666666,8,3.1689625,TRUE,TRUE
participant_0691,AI-white,11,100,11,3.070263636363636,12,100,12,2.9143166666666667,TRUE,TRUE
participant_0692,AI-white,16,93.75,15,1.5521133333333332,17,94.11764705882352,16,1.53765,TRUE,TRUE
participant_0693,AI-white,15,93.33333333333333,14,2.3795357142857143,16,93.75,15,3.440466666666667,TRUE,TRUE
participant_0694,AI-white,12,91.66666666666666,11,2.4238636363636363,13,92.3076923076923,12,2.3369333333333335,TRUE,TRUE
participant_0695,AI-white,15,80,12,6.849266666666667,15,80,12,6.849266666666667,TRUE,TRUE
participant_0696,AI-white,6,83.33333333333334,5,1.581,10,90,9,1.8926666666666667,TRUE,TRUE
participant_0697,AI-white,14,85.71428571428571,12,2.202358333333333,18,88.88888888888889,16,2.32835,TRUE,TRUE
participant_0699,AI-white,7,100,7,3.681342857142857,9,100,9,3.1913444444444443,TRUE,TRUE
participant_0702,AI-white,1,100,1,3.3441,2,100,2,2.5607,FALSE,FALSE
participant_0703,AI-white,3,100,3,5.8628,5,100,5,5.02264,FALSE,TRUE
participant_0704,AI-white,7,100,7,1.6139428571428571,8,100,8,1.57325,TRUE,TRUE
participant_0705,AI-white,8,87.5,7,1.8357285714285714,10,80,8,1.7917875,TRUE,TRUE
participant_0706,AI-white,11,81.81818181818183,9,2.7696,13,84.61538461538461,11,2.7543272727272727,TRUE,TRUE
participant_0708,AI-white,10,100,10,1.54654,12,100,12,1.5790666666666666,TRUE,TRUE
participant_0709,AI-white,12,91.66666666666666,11,2.150509090909091,12,91.66666666666666,11,2.150509090909091,TRUE,TRUE
participant_0710,AI-white,10,90,9,5.426733333333334,12,91.66666666666666,11,5.252545454545455,TRUE,TRUE
participant_0711,AI-white,6,83.33333333333334,5,1.9098,7,85.71428571428571,6,2.1894833333333334,TRUE,TRUE
participant_0712,AI-white,9,100,9,1.8305333333333333,9,100,9,1.8305333333333333,TRUE,TRUE
participant_0713,AI-white,13,92.3076923076923,12,2.8907,14,92.85714285714286,13,2.886807692307692,TRUE,TRUE
participant_0714,AI-white,7,85.71428571428571,6,4.562616666666667,7,85.71428571428571,6,4.562616666666667,TRUE,TRUE
participant_0715,AI-white,11,81.81818181818183,9,2.0308777777777776,13,84.61538461538461,11,2.3490272727272727,TRUE,TRUE
participant_0716,AI-white,8,100,8,5.6392125,10,100,10,5.13213,TRUE,TRUE
participant_0718,AI-white,7,85.71428571428571,6,2.4104166666666664,10,90,9,2.2000444444444445,TRUE,TRUE
participant_0719,AI-white,12,83.33333333333334,10,3.38966,14,85.71428571428571,11,3.2967454545454546,TRUE,TRUE
participant_0722,AI-white,11,81.81818181818183,9,1.8723333333333334,12,83.33333333333334,10,1.8109,TRUE,TRUE
participant_0723,AI-white,9,100,9,1.5585555555555555,14,100,14,1.6229142857142858,TRUE,TRUE
participant_0725,AI-white,12,91.66666666666666,11,3.1239454545454546,16,93.75,15,2.6709933333333336,TRUE,TRUE
participant_0726,AI-white,9,88.88888888888889,8,2.377,9,88.88888888888889,8,2.377,TRUE,TRUE
participant_0727,AI-white,13,92.3076923076923,12,3.5055916666666667,14,92.85714285714286,13,3.3929384615384617,TRUE,TRUE
participant_0728,AI-white,7,85.71428571428571,6,4.5198,9,88.88888888888889,8,4.3271749999999995,TRUE,TRUE
participant_0730,AI-white,11,90.9090909090909,10,2.29077,14,92.85714285714286,13,2.2369461538461537,TRUE,TRUE
participant_0732,AI-white,11,90.9090909090909,10,2.239,13,92.3076923076923,12,2.874791666666667,TRUE,TRUE
participant_0733,AI-white,6,100,6,2.2171166666666666,7,100,7,2.3530857142857142,TRUE,TRUE
participant_0734,AI-white,8,87.5,3,3.440733333333333,11,90.9090909090909,6,2.62735,TRUE,TRUE
participant_0735,AI-white,12,83.33333333333334,10,1.75344,15,86.66666666666667,13,1.9918076923076924,TRUE,TRUE
participant_0736,AI-white,9,66.66666666666666,6,1.5905,9,66.66666666666666,6,1.5905,TRUE,TRUE
participant_0740,AI-white,10,90,9,1.7442111111111112,11,90.9090909090909,10,1.74477,TRUE,TRUE
participant_0741,AI-white,11,100,11,1.8824909090909092,12,100,12,1.8573916666666668,TRUE,TRUE
participant_0742,AI-white,9,77.77777777777779,7,3.555957142857143,12,83.33333333333334,10,3.2526100000000002,TRUE,TRUE
participant_0743,AI-white,12,83.33333333333334,10,2.68225,15,80,12,2.5340583333333333,TRUE,TRUE
participant_0744,AI-white,9,100,9,1.8144111111111112,11,100,11,1.758318181818182,TRUE,TRUE
participant_0745,AI-white,12,100,12,2.1746916666666665,14,100,14,2.319857142857143,TRUE,TRUE
participant_0747,AI-white,8,100,8,1.35755,11,100,11,1.7737,TRUE,TRUE
participant_0752,AI-white,11,81.81818181818183,9,2.1273444444444447,11,81.81818181818183,9,2.1273444444444447,TRUE,TRUE
participant_0753,AI-white,8,100,8,2.6460624999999998,10,100,10,2.52401,TRUE,TRUE
participant_0761,AI-white,11,90.9090909090909,10,2.8809,14,92.85714285714286,13,2.8995384615384614,TRUE,TRUE
participant_0763,AI-white,10,80,8,2.2659124999999998,12,83.33333333333334,10,2.17667,TRUE,TRUE
participant_0764,AI-white,7,85.71428571428571,6,4.56835,7,85.71428571428571,6,4.56835,TRUE,TRUE
participant_0765,AI-white,10,90,9,3.139988888888889,12,91.66666666666666,11,2.990527272727273,TRUE,TRUE
participant_0768,AI-white,11,100,11,3.4944545454545453,13,100,13,3.234476923076923,TRUE,TRUE
participant_0770,AI-white,9,66.66666666666666,6,2.3383000000000003,14,78.57142857142857,11,2.7069272727272726,TRUE,TRUE
participant_0771,AI-white,12,100,12,2.36315,13,100,13,2.315523076923077,TRUE,TRUE
participant_0772,AI-white,13,92.3076923076923,12,2.2383,14,92.85714285714286,13,2.2001307692307694,TRUE,TRUE
participant_0775,AI-white,13,100,13,3.671684615384615,13,100,13,3.671684615384615,TRUE,TRUE
participant_0776,AI-white,9,77.77777777777779,7,1.413242857142857,10,80,8,1.43905,TRUE,TRUE
participant_0777,AI-white,14,78.57142857142857,11,1.984409090909091,17,82.35294117647058,14,2.158314285714286,TRUE,TRUE
participant_0778,AI-white,12,66.66666666666666,7,4.080242857142857,16,75,11,3.195418181818182,TRUE,TRUE
participant_0779,AI-white,8,87.5,7,1.6899,12,91.66666666666666,11,1.6029727272727272,TRUE,TRUE
participant_0780,AI-white,16,93.75,14,4.183628571428572,17,94.11764705882352,15,4.063213333333334,TRUE,TRUE
participant_0781,AI-white,6,83.33333333333334,3,9.560133333333333,7,85.71428571428571,4,9.721275,TRUE,TRUE
participant_0783,AI-white,17,100,17,4.492470588235294,20,100,20,4.205305,TRUE,TRUE
participant_0784,AI-white,8,87.5,7,1.4885714285714284,10,90,9,1.6090444444444445,TRUE,TRUE
participant_0785,AI-white,10,100,10,2.70925,12,100,12,2.598516666666667,TRUE,TRUE
participant_0787,AI-white,12,100,11,7.155672727272727,15,100,14,6.499271428571428,TRUE,TRUE
participant_0788,AI-white,10,100,10,3.1575699999999998,13,100,13,3.018484615384615,TRUE,TRUE
participant_0789,AI-white,10,80,8,2.6051124999999997,12,75,9,2.888911111111111,TRUE,TRUE
participant_0790,AI-white,8,100,8,2.02745,10,100,10,2.03353,TRUE,TRUE
participant_0792,AI-white,9,77.77777777777779,7,2.182657142857143,9,77.77777777777779,7,2.182657142857143,TRUE,TRUE
participant_0793,AI-white,7,100,7,2.7792714285714286,10,100,10,2.58378,TRUE,TRUE
participant_0794,AI-white,12,66.66666666666666,7,7.084485714285714,14,71.42857142857143,9,5.913466666666666,TRUE,TRUE
participant_0795,AI-white,10,100,10,1.17838,13,100,13,1.2563384615384614,TRUE,TRUE
participant_0796,AI-white,8,100,8,2.30745,8,100,8,2.30745,TRUE,TRUE
participant_0797,AI-white,4,75,3,1.8896666666666668,8,87.5,7,2.225857142857143,FALSE,TRUE
participant_0798,AI-white,10,100,10,2.73719,13,92.3076923076923,12,2.5682916666666666,TRUE,TRUE
participant_0800,AI-white,9,88.88888888888889,8,5.43415,10,90,9,5.024411111111111,TRUE,TRUE
participant_0801,AI-white,14,100,14,6.992135714285714,14,100,14,6.992135714285714,TRUE,TRUE
participant_0802,AI-white,9,33.33333333333333,3,1.8756666666666668,11,45.45454545454545,5,2.26816,TRUE,TRUE
participant_0803,AI-white,10,100,10,3.13817,11,100,11,3.0967545454545453,TRUE,TRUE
participant_0804,AI-white,10,100,10,3.03079,13,100,13,2.8856615384615383,TRUE,TRUE
participant_0807,AI-white,7,100,7,1.7224428571428572,8,100,8,1.6864,TRUE,TRUE
participant_0808,AI-white,9,100,9,2.304222222222222,10,100,10,2.2396,TRUE,TRUE
participant_0809,AI-white,11,81.81818181818183,9,4.372088888888889,13,84.61538461538461,11,3.9690909090909092,TRUE,TRUE
participant_0810,AI-white,11,90.9090909090909,10,2.2127,12,91.66666666666666,11,2.1851818181818183,TRUE,TRUE
participant_0811,AI-white,22,81.81818181818183,18,2.2252277777777776,22,81.81818181818183,18,2.2252277777777776,TRUE,TRUE
participant_0812,AI-white,5,80,4,1.678525,6,66.66666666666666,4,1.678525,TRUE,TRUE
participant_0813,AI-white,7,100,7,2.8375714285714286,9,100,9,2.8292888888888887,TRUE,TRUE
participant_0814,AI-white,11,100,11,2.732690909090909,11,100,11,2.732690909090909,TRUE,TRUE
participant_0815,AI-white,15,100,15,2.767506666666667,15,100,15,2.767506666666667,TRUE,TRUE
participant_0816,AI-white,4,75,3,3.6929,4,75,3,3.6929,FALSE,TRUE
participant_0817,AI-white,13,92.3076923076923,12,2.490725,15,93.33333333333333,14,2.405007142857143,TRUE,TRUE
participant_0818,AI-white,14,85.71428571428571,12,3.4423,16,87.5,14,3.2466785714285713,TRUE,TRUE
participant_0819,AI-white,10,70,7,2.4644,12,75,9,2.8946555555555555,TRUE,TRUE
participant_0820,AI-white,7,100,7,2.764614285714286,8,100,8,2.8392375,TRUE,TRUE
participant_0821,AI-white,14,78.57142857142857,11,2.6418636363636363,16,81.25,13,2.5178846153846153,TRUE,TRUE
participant_0822,AI-white,12,75,9,3.2532777777777775,12,75,9,3.2532777777777775,TRUE,TRUE
participant_0823,AI-white,13,92.3076923076923,12,2.20975,15,93.33333333333333,14,2.126642857142857,TRUE,TRUE
participant_0824,AI-white,9,88.88888888888889,8,4.3405249999999995,12,91.66666666666666,11,3.935381818181818,TRUE,TRUE
participant_0825,AI-white,15,80,12,4.833825,17,82.35294117647058,14,4.434457142857143,TRUE,TRUE
participant_0826,AI-white,11,36.36363636363637,4,2.707825,11,36.36363636363637,4,2.707825,TRUE,TRUE
participant_0827,AI-white,11,90.9090909090909,9,3.5850555555555554,11,90.9090909090909,9,3.5850555555555554,TRUE,TRUE
participant_0828,AI-white,11,81.81818181818183,9,1.9595666666666667,13,84.61538461538461,11,1.9660272727272727,TRUE,TRUE
participant_0829,AI-white,13,100,13,1.4220307692307692,15,100,15,1.3826333333333334,TRUE,TRUE
participant_0830,AI-white,7,100,7,2.1985714285714284,9,100,9,2.048888888888889,TRUE,TRUE
participant_0831,AI-white,10,90,9,1.2581222222222221,13,92.3076923076923,12,1.2618833333333332,TRUE,TRUE
participant_0832,AI-white,4,100,4,2.2048,5,100,5,2.21174,FALSE,TRUE
participant_0833,AI-white,11,90.9090909090909,10,2.04386,14,92.85714285714286,13,1.964753846153846,TRUE,TRUE
participant_0834,AI-white,13,84.61538461538461,11,2.495181818181818,13,84.61538461538461,11,2.495181818181818,TRUE,TRUE
participant_0835,AI-white,11,72.72727272727273,8,1.68575,14,78.57142857142857,11,1.6433636363636364,TRUE,TRUE
participant_0836,AI-white,11,90.9090909090909,10,2.47598,12,91.66666666666666,11,2.3801636363636365,TRUE,TRUE
participant_0837,AI-white,6,100,6,1.7809,7,100,7,1.898642857142857,TRUE,TRUE
participant_0838,AI-white,8,62.5,5,1.2907600000000001,8,62.5,5,1.2907600000000001,TRUE,TRUE
participant_0839,AI-white,8,100,8,3.5595,10,100,10,3.2494,TRUE,TRUE
participant_0840,AI-white,10,100,10,3.56,11,100,11,3.5164636363636363,TRUE,TRUE
participant_0841,AI-white,12,100,12,2.412975,14,100,14,2.3308785714285714,TRUE,TRUE
participant_0842,AI-white,8,87.5,7,2.2310142857142856,9,88.88888888888889,8,2.1284875,TRUE,TRUE
participant_0843,AI-white,12,75,9,2.5771555555555556,13,76.92307692307693,10,2.40456,TRUE,TRUE
participant_0844,AI-white,5,100,5,1.3818,7,100,7,2.2054285714285715,TRUE,TRUE
participant_0845,AI-white,12,83.33333333333334,10,1.44,13,84.61538461538461,11,1.5342909090909091,TRUE,TRUE
participant_0846,AI-white,9,88.88888888888889,8,2.5589875,11,90.9090909090909,10,2.84537,TRUE,TRUE
participant_0847,AI-white,11,45.45454545454545,5,1.26078,12,41.66666666666667,5,1.26078,TRUE,TRUE
participant_0848,AI-white,13,92.3076923076923,12,1.73145,14,92.85714285714286,13,1.7225307692307692,TRUE,TRUE
participant_0849,AI-white,11,72.72727272727273,8,2.425225,13,76.92307692307693,10,2.4138100000000002,TRUE,TRUE
participant_0850,AI-white,10,90,9,1.6048888888888888,14,85.71428571428571,12,1.5507499999999999,TRUE,TRUE
participant_0851,AI-white,8,75,6,1.4350833333333333,12,83.33333333333334,10,1.59052,TRUE,TRUE
participant_0852,AI-white,7,85.71428571428571,6,2.7751333333333332,8,87.5,7,2.885828571428571,TRUE,TRUE
participant_0853,AI-white,11,100,11,2.0435,12,100,12,1.9874416666666668,TRUE,TRUE
participant_0854,AI-white,7,100,7,1.6239857142857141,9,100,9,1.6742,TRUE,TRUE
participant_0855,AI-white,7,85.71428571428571,6,2.663666666666667,8,87.5,7,3.8135285714285714,TRUE,TRUE
participant_0856,AI-white,12,66.66666666666666,8,2.2924125,13,69.23076923076923,9,2.2809777777777778,TRUE,TRUE
participant_0857,AI-white,13,100,13,1.7414846153846153,13,100,13,1.7414846153846153,TRUE,TRUE
participant_0858,AI-white,10,100,10,2.10268,10,100,10,2.10268,TRUE,TRUE
participant_0859,AI-white,14,92.85714285714286,13,3.3232,16,93.75,15,3.1573,TRUE,TRUE
participant_0860,AI-white,11,90.9090909090909,10,3.1899800000000003,14,92.85714285714286,13,3.2090615384615386,TRUE,TRUE
participant_0861,AI-white,9,77.77777777777779,7,1.3835857142857144,9,77.77777777777779,7,1.3835857142857144,TRUE,TRUE
participant_0862,AI-white,9,88.88888888888889,8,1.7315,13,92.3076923076923,12,1.5595666666666668,TRUE,TRUE
participant_0863,AI-white,8,87.5,7,5.4462,12,91.66666666666666,11,3.9978363636363636,TRUE,TRUE
participant_0864,AI-white,9,100,9,3.249222222222222,10,100,10,3.069,TRUE,TRUE
participant_0865,AI-white,4,75,3,2.1283,5,80,4,2.0296749999999997,FALSE,TRUE
participant_0866,AI-white,14,78.57142857142857,11,1.7765818181818183,15,80,12,1.888525,TRUE,TRUE
participant_0867,AI-white,5,60,3,4.1864333333333335,7,71.42857142857143,5,3.9002399999999997,TRUE,TRUE
participant_0868,AI-white,9,77.77777777777779,7,2.3598285714285714,9,77.77777777777779,7,2.3598285714285714,TRUE,TRUE
participant_0869,AI-white,13,92.3076923076923,12,1.9767666666666668,15,93.33333333333333,14,1.93605,TRUE,TRUE
participant_0870,AI-white,11,81.81818181818183,9,1.4326555555555556,13,84.61538461538461,11,1.4890999999999999,TRUE,TRUE
participant_0871,AI-white,10,80,8,3.036475,11,81.81818181818183,9,2.8769444444444443,TRUE,TRUE
participant_0872,AI-white,8,100,8,3.0820125000000003,10,100,10,2.97648,TRUE,TRUE
participant_0873,AI-white,9,100,9,2.5907,10,100,10,2.6158900000000003,TRUE,TRUE
participant_0874,AI-white,7,100,7,2.4893285714285716,8,100,8,2.545025,TRUE,TRUE
participant_0875,AI-white,10,100,10,3.49651,12,91.66666666666666,11,3.3247272727272725,TRUE,TRUE
participant_0876,AI-white,11,90.9090909090909,10,1.9518,11,90.9090909090909,10,1.9518,TRUE,TRUE
participant_0877,AI-white,8,100,7,3.8707285714285713,8,100,7,3.8707285714285713,TRUE,TRUE
participant_0878,AI-white,8,87.5,7,2.007285714285714,9,88.88888888888889,8,1.9188,TRUE,TRUE
participant_0879,AI-white,6,83.33333333333334,5,2.23222,6,83.33333333333334,5,2.23222,TRUE,TRUE
participant_0880,AI-white,11,100,11,2.689636363636364,12,100,12,2.6406333333333336,TRUE,TRUE
participant_0881,AI-white,9,77.77777777777779,7,1.9689285714285714,10,80,8,1.9647999999999999,TRUE,TRUE
participant_0882,AI-white,8,87.5,7,2.376857142857143,9,88.88888888888889,8,2.4731375,TRUE,TRUE
participant_0883,AI-white,10,100,10,1.69193,11,100,11,1.6800636363636363,TRUE,TRUE
participant_0884,AI-white,10,80,8,2.7141625,11,72.72727272727273,8,2.7141625,TRUE,TRUE
participant_0885,AI-white,9,88.88888888888889,8,3.6707875,11,90.9090909090909,10,3.81305,TRUE,TRUE
participant_0886,AI-white,9,100,9,2.6754555555555553,10,100,10,2.61989,TRUE,TRUE
participant_0887,AI-white,11,81.81818181818183,9,6.1108,13,84.61538461538461,11,5.953881818181818,TRUE,TRUE
participant_0888,AI-white,11,90.9090909090909,10,3.0749999999999997,12,91.66666666666666,11,2.950690909090909,TRUE,TRUE
participant_0889,AI-white,8,87.5,7,2.5444999999999998,11,90.9090909090909,10,2.3763,TRUE,TRUE
participant_0890,AI-white,9,77.77777777777779,6,2.2018,13,84.61538461538461,10,2.18422,TRUE,TRUE
participant_0891,AI-white,10,70,7,1.579357142857143,11,72.72727272727273,8,1.5644,TRUE,TRUE
participant_0892,AI-white,7,57.14285714285714,4,2.35385,8,62.5,5,2.15146,TRUE,TRUE
participant_0893,AI-white,11,90.9090909090909,10,2.45055,14,92.85714285714286,13,2.4593,TRUE,TRUE
participant_0894,AI-white,9,88.88888888888889,8,1.7153125,12,91.66666666666666,11,1.646009090909091,TRUE,TRUE
participant_0895,AI-white,13,92.3076923076923,12,2.127975,15,93.33333333333333,14,2.131792857142857,TRUE,TRUE
participant_0896,AI-white,12,91.66666666666666,11,2.6248181818181817,13,92.3076923076923,12,2.6477333333333335,TRUE,TRUE
participant_0897,AI-white,14,85.71428571428571,12,2.9919,16,87.5,14,2.85285,TRUE,TRUE
participant_0898,AI-white,8,87.5,7,2.174585714285714,8,87.5,7,2.174585714285714,TRUE,TRUE
participant_0899,AI-white,11,90.9090909090909,10,1.8593,12,91.66666666666666,11,1.8090363636363638,TRUE,TRUE
participant_0900,AI-white,13,30.76923076923077,4,1.7167,16,43.75,7,1.9737,TRUE,TRUE
participant_0901,AI-white,11,54.54545454545454,6,1.2724,13,61.53846153846154,8,1.2444375,TRUE,TRUE
participant_0902,AI-white,12,83.33333333333334,10,1.9475,14,85.71428571428571,12,1.9226666666666665,TRUE,TRUE
participant_0903,AI-white,10,90,9,3.113022222222222,13,92.3076923076923,11,3.255590909090909,TRUE,TRUE
participant_0904,AI-white,8,100,8,1.9523125000000001,8,100,8,1.9523125000000001,TRUE,TRUE
participant_0905,AI-white,9,88.88888888888889,7,1.5857571428571429,10,90,8,1.5583375,TRUE,TRUE
participant_0906,AI-white,11,54.54545454545454,6,2.1216,13,61.53846153846154,8,2.2077625,TRUE,TRUE
participant_0907,AI-white,8,100,8,2.069325,11,90.9090909090909,10,2.3196600000000003,TRUE,TRUE
participant_0908,AI-white,14,100,14,1.5498642857142857,16,100,16,1.51421875,TRUE,TRUE
participant_0909,AI-white,10,100,10,4.13375,14,100,14,3.530414285714286,TRUE,TRUE
participant_0910,AI-white,13,69.23076923076923,9,2.647577777777778,15,73.33333333333333,11,2.4814727272727275,TRUE,TRUE
participant_0911,AI-white,7,71.42857142857143,4,4.74335,9,77.77777777777779,6,4.886266666666667,TRUE,TRUE
participant_0912,AI-white,7,100,7,2.649585714285714,9,100,9,2.5318111111111112,TRUE,TRUE
participant_0913,AI-white,13,100,13,1.7735307692307694,14,100,14,1.7663285714285715,TRUE,TRUE
participant_0914,AI-white,12,91.66666666666666,11,4.024181818181818,13,92.3076923076923,12,4.085416666666666,TRUE,TRUE
participant_0915,AI-white,11,90.9090909090909,10,1.96035,12,91.66666666666666,11,1.9245818181818182,TRUE,TRUE
participant_0917,AI-white,14,85.71428571428571,12,2.3522833333333333,15,86.66666666666667,13,2.2893538461538463,TRUE,TRUE
participant_0918,AI-white,8,75,6,2.9885833333333336,10,80,8,2.6500625,TRUE,TRUE
participant_0920,AI-white,9,88.88888888888889,8,2.3317,12,91.66666666666666,11,2.2902,TRUE,TRUE
participant_0921,AI-white,16,81.25,13,2.392476923076923,16,81.25,13,2.392476923076923,TRUE,TRUE
participant_0922,AI-white,7,85.71428571428571,6,1.7513166666666666,9,88.88888888888889,8,1.7540125,TRUE,TRUE
participant_0923,AI-white,6,66.66666666666666,4,1.9147,6,66.66666666666666,4,1.9147,TRUE,TRUE
participant_0924,AI-white,5,100,5,2.80376,7,100,7,2.441557142857143,TRUE,TRUE
participant_0925,AI-white,10,100,10,3.16542,12,100,12,2.9790833333333335,TRUE,TRUE
participant_0926,AI-white,12,83.33333333333334,10,2.51179,15,86.66666666666667,13,2.4443384615384613,TRUE,TRUE
participant_0928,AI-white,6,83.33333333333334,5,2.9346,7,85.71428571428571,6,2.6955,TRUE,TRUE
participant_0929,AI-white,6,83.33333333333334,5,2.57892,10,90,9,2.2519666666666667,TRUE,TRUE
participant_0930,AI-white,8,87.5,7,5.973171428571429,9,88.88888888888889,8,5.3834125,TRUE,TRUE
participant_0931,AI-white,3,66.66666666666666,2,2.23665,4,75,3,1.9589333333333334,FALSE,FALSE
participant_0933,AI-white,11,90.9090909090909,10,3.29655,13,92.3076923076923,12,3.158733333333333,TRUE,TRUE
participant_0934,AI-white,13,84.61538461538461,11,1.3474272727272727,15,80,12,1.3327083333333334,TRUE,TRUE
participant_0935,AI-white,9,88.88888888888889,8,3.2223,10,90,9,3.6900555555555554,TRUE,TRUE
participant_0939,AI-white,14,64.28571428571429,9,1.6709222222222222,16,68.75,11,1.7127999999999999,TRUE,TRUE
participant_0940,AI-white,14,71.42857142857143,10,4.36097,14,71.42857142857143,10,4.36097,TRUE,TRUE
participant_0941,AI-white,10,90,9,2.1965,12,91.66666666666666,11,2.2016545454545455,TRUE,TRUE
participant_0942,AI-white,10,70,7,1.9470714285714286,12,66.66666666666666,8,2.012425,TRUE,TRUE
participant_0943,AI-white,14,100,14,2.251857142857143,16,100,16,2.2264375,TRUE,TRUE
participant_0944,AI-white,12,100,12,1.4562833333333334,16,100,16,1.39511875,TRUE,TRUE
participant_0945,AI-white,12,100,12,1.7354083333333334,13,100,13,1.7505,TRUE,TRUE
participant_0947,AI-white,11,81.81818181818183,9,1.7581222222222221,13,84.61538461538461,11,1.6750454545454545,TRUE,TRUE
participant_0948,AI-white,13,100,13,4.049538461538462,14,100,14,3.8793,TRUE,TRUE
participant_0951,AI-white,8,62.5,5,1.96098,11,72.72727272727273,8,1.6013625,TRUE,TRUE
participant_0952,AI-white,11,100,11,2.0550636363636365,12,100,12,2.02615,TRUE,TRUE
participant_0953,AI-white,13,92.3076923076923,12,2.8379,15,93.33333333333333,14,2.6834142857142855,TRUE,TRUE
participant_0954,AI-white,11,72.72727272727273,8,2.2222375,14,78.57142857142857,11,1.885690909090909,TRUE,TRUE
participant_0956,AI-white,8,100,8,3.2483625,9,100,9,3.1100555555555554,TRUE,TRUE
participant_0957,AI-white,8,75,6,3.8009,8,75,6,3.8009,TRUE,TRUE
participant_0958,AI-white,9,77.77777777777779,7,2.6050714285714287,10,80,8,2.6044375,TRUE,TRUE
participant_0959,AI-white,6,100,6,2.052983333333333,8,100,8,2.3714125,TRUE,TRUE
participant_0960,AI-white,13,84.61538461538461,11,2.2016363636363634,13,84.61538461538461,11,2.2016363636363634,TRUE,TRUE
participant_0961,AI-white,9,100,9,1.8564444444444443,9,100,9,1.8564444444444443,TRUE,TRUE
participant_0962,AI-white,13,92.3076923076923,12,4.072266666666667,14,92.85714285714286,13,3.8635076923076923,TRUE,TRUE
participant_0963,AI-white,11,100,11,2.5658363636363637,11,100,11,2.5658363636363637,TRUE,TRUE
participant_0964,AI-white,14,92.85714285714286,13,2.8766076923076924,19,94.73684210526315,18,2.739088888888889,TRUE,TRUE
participant_0965,AI-white,8,87.5,7,1.7021428571428572,8,87.5,7,1.7021428571428572,TRUE,TRUE
participant_0966,AI-white,12,75,9,2.2646777777777776,13,76.92307692307693,10,2.26044,TRUE,TRUE
participant_0967,AI-white,12,100,12,2.060016666666667,13,100,13,2.0490692307692306,TRUE,TRUE
participant_0968,AI-white,16,93.75,15,1.8106266666666666,19,94.73684210526315,18,1.7562111111111112,TRUE,TRUE
participant_0969,AI-white,14,92.85714285714286,13,1.7887692307692307,15,93.33333333333333,14,1.8022857142857143,TRUE,TRUE
participant_0970,AI-white,11,90.9090909090909,10,2.89683,14,92.85714285714286,13,2.584576923076923,TRUE,TRUE
participant_0972,AI-white,10,100,10,1.83573,11,100,11,1.7994818181818182,TRUE,TRUE
participant_0973,AI-white,12,83.33333333333334,10,1.4492099999999999,13,84.61538461538461,11,1.502809090909091,TRUE,TRUE
participant_0975,AI-white,15,93.33333333333333,13,1.9105307692307691,18,94.44444444444444,16,1.988325,TRUE,TRUE
participant_0976,AI-white,8,87.5,7,2.1253,9,88.88888888888889,8,2.0615125,TRUE,TRUE
participant_0977,AI-white,10,70,7,2.0122,11,72.72727272727273,8,1.9323375,TRUE,TRUE
participant_0978,AI-white,4,75,3,3.0681333333333334,8,87.5,7,2.7395714285714288,FALSE,TRUE
participant_0979,AI-white,12,100,12,3.0988083333333334,15,100,15,2.7457933333333333,TRUE,TRUE
participant_0980,AI-white,14,100,14,2.894342857142857,20,100,20,2.5467,TRUE,TRUE
participant_0981,AI-white,13,100,13,2.612969230769231,14,100,14,2.5250214285714287,TRUE,TRUE
participant_0984,AI-white,4,100,4,3.056225,8,100,8,4.3681874999999994,FALSE,TRUE
participant_0985,AI-white,13,100,13,2.5603076923076924,13,100,13,2.5603076923076924,TRUE,TRUE
participant_0986,AI-white,9,100,9,1.8996555555555554,10,100,10,2.00624,TRUE,TRUE
participant_0989,AI-white,12,83.33333333333334,10,2.17332,13,84.61538461538461,11,2.2918818181818184,TRUE,TRUE
participant_0990,AI-white,13,92.3076923076923,12,2.4306083333333333,16,93.75,15,2.14398,TRUE,TRUE
participant_0992,AI-white,2,100,2,1.3016999999999999,2,100,2,1.3016999999999999,FALSE,FALSE
participant_0994,AI-white,8,87.5,7,3.1308285714285713,9,88.88888888888889,8,3.012,TRUE,TRUE
participant_0995,AI-white,9,66.66666666666666,6,3.75535,11,72.72727272727273,8,3.6685875,TRUE,TRUE
participant_0996,AI-white,11,72.72727272727273,8,1.5940875,13,69.23076923076923,9,1.5824111111111112,TRUE,TRUE
participant_0997,AI-white,9,88.88888888888889,8,2.7003875,10,90,9,3.2971333333333335,TRUE,TRUE
participant_0998,AI-white,12,91.66666666666666,11,2.402990909090909,14,92.85714285714286,13,2.2241923076923076,TRUE,TRUE
participant_1000,AI-white,12,50,6,1.86255,14,57.14285714285714,8,1.7555749999999999,TRUE,TRUE
participant_1001,AI-white,6,83.33333333333334,5,1.77726,8,87.5,7,1.712357142857143,TRUE,TRUE
participant_1002,AI-white,9,88.88888888888889,8,3.1485374999999998,12,91.66666666666666,11,2.987281818181818,TRUE,TRUE
participant_1003,AI-white,10,90,9,3.083277777777778,13,92.3076923076923,12,2.754775,TRUE,TRUE
participant_1004,AI-white,10,90,9,2.232,12,91.66666666666666,11,2.2205454545454546,TRUE,TRUE
participant_1005,AI-white,10,80,8,1.6279875,13,84.61538461538461,11,1.6115181818181818,TRUE,TRUE
participant_1006,AI-white,8,75,6,6.183566666666667,10,80,8,5.1994125,TRUE,TRUE
participant_1007,AI-white,12,100,12,2.9225166666666667,14,100,14,2.9977071428571427,TRUE,TRUE
participant_1008,AI-white,9,66.66666666666666,6,3.2605166666666667,13,76.92307692307693,10,3.94713,TRUE,TRUE
participant_1009,AI-white,11,90.9090909090909,10,2.08371,11,90.9090909090909,10,2.08371,TRUE,TRUE
participant_1011,AI-white,9,55.55555555555556,5,1.6566599999999998,9,55.55555555555556,5,1.6566599999999998,TRUE,TRUE
participant_1012,AI-white,10,50,5,1.87266,12,58.333333333333336,7,1.8341571428571428,TRUE,TRUE
participant_1015,AI-white,13,92.3076923076923,12,4.285933333333333,14,92.85714285714286,13,4.158915384615384,TRUE,TRUE
participant_1017,AI-white,10,100,10,2.9863,13,76.92307692307693,10,2.9863,TRUE,TRUE
participant_1018,AI-white,11,72.72727272727273,8,2.3277125,12,75,9,2.259688888888889,TRUE,TRUE
participant_1019,AI-white,12,75,9,2.2730444444444444,13,76.92307692307693,10,2.26884,TRUE,TRUE
participant_1020,AI-white,8,100,8,5.4512625,9,100,9,5.057755555555556,TRUE,TRUE
participant_1021,AI-white,10,90,9,2.7923666666666667,12,91.66666666666666,11,2.692181818181818,TRUE,TRUE
participant_1022,AI-white,10,90,9,2.5795777777777777,12,91.66666666666666,11,2.839718181818182,TRUE,TRUE
participant_1024,AI-white,9,88.88888888888889,8,1.8414625,12,91.66666666666666,11,1.9895272727272726,TRUE,TRUE
participant_1025,AI-white,11,90.9090909090909,10,3.07441,12,91.66666666666666,11,2.9811,TRUE,TRUE
participant_1026,AI-white,12,83.33333333333334,10,1.55246,12,83.33333333333334,10,1.55246,TRUE,TRUE
participant_1028,AI-white,10,90,8,1.9445625,12,91.66666666666666,10,1.9003,TRUE,TRUE
participant_1029,AI-white,15,93.33333333333333,14,2.5424571428571427,17,94.11764705882352,16,2.4688125,TRUE,TRUE
participant_1031,AI-white,18,66.66666666666666,12,6.08525,20,70,14,5.5065,TRUE,TRUE
participant_1033,AI-white,5,100,5,1.37154,7,85.71428571428571,6,1.7357,TRUE,TRUE
participant_1034,AI-white,13,100,13,2.242153846153846,16,100,16,2.5375,TRUE,TRUE
participant_1036,AI-white,7,85.71428571428571,6,3.478283333333333,10,80,8,3.8203625,TRUE,TRUE
participant_1037,AI-white,15,93.33333333333333,14,2.2402714285714285,16,93.75,15,2.175613333333333,TRUE,TRUE
participant_1038,AI-white,13,84.61538461538461,11,2.7477272727272726,15,86.66666666666667,13,2.6302307692307694,TRUE,TRUE
participant_1039,AI-white,10,70,7,2.5227714285714287,10,70,7,2.5227714285714287,TRUE,TRUE
participant_1041,AI-white,9,77.77777777777779,7,1.5318857142857143,9,77.77777777777779,7,1.5318857142857143,TRUE,TRUE
participant_1042,AI-white,14,92.85714285714286,13,2.366969230769231,16,93.75,15,2.3232466666666665,TRUE,TRUE
participant_1043,AI-white,5,100,5,2.0115,5,100,5,2.0115,TRUE,TRUE
participant_1044,AI-white,8,87.5,7,2.1393,10,90,9,2.0401444444444445,TRUE,TRUE
participant_1046,AI-white,11,100,10,2.21803,13,92.3076923076923,11,2.3671636363636366,TRUE,TRUE
participant_1047,AI-white,9,88.88888888888889,8,3.425175,10,90,9,3.213033333333333,TRUE,TRUE
participant_1050,AI-white,8,50,4,2.050825,8,50,4,2.050825,TRUE,TRUE
participant_1051,AI-white,13,76.92307692307693,10,4.12362,15,80,12,3.931583333333333,TRUE,TRUE
participant_1052,AI-white,8,87.5,7,1.8535714285714286,10,90,9,1.8202222222222222,TRUE,TRUE
participant_1053,AI-white,10,80,6,2.824683333333333,12,83.33333333333334,8,5.7605375,TRUE,TRUE
participant_1054,AI-white,17,100,17,2.3797058823529413,18,100,18,2.556388888888889,TRUE,TRUE
participant_1055,AI-white,10,100,10,2.5709,13,100,13,3.224076923076923,TRUE,TRUE
participant_1056,AI-white,10,100,10,1.89223,12,100,12,2.052591666666667,TRUE,TRUE
participant_1057,AI-white,10,90,9,1.778011111111111,14,92.85714285714286,13,1.9088538461538462,TRUE,TRUE
participant_1058,AI-white,11,90.9090909090909,10,1.42663,12,91.66666666666666,11,1.4447,TRUE,TRUE
participant_1059,AI-white,14,78.57142857142857,11,3.0120909090909094,17,82.35294117647058,14,2.7109285714285716,TRUE,TRUE
participant_1060,AI-white,14,100,14,3.116357142857143,17,100,17,2.830941176470588,TRUE,TRUE
participant_1061,AI-white,11,81.81818181818183,9,1.8526666666666667,13,84.61538461538461,11,1.7672363636363637,TRUE,TRUE
participant_1062,AI-white,7,85.71428571428571,6,1.66505,11,90.9090909090909,10,1.78658,TRUE,TRUE
participant_1063,AI-white,7,100,7,2.323957142857143,8,100,8,2.1798375,TRUE,TRUE
participant_1064,AI-white,14,92.85714285714286,13,1.875746153846154,14,92.85714285714286,13,1.875746153846154,TRUE,TRUE
participant_1065,AI-white,7,100,7,2.8267714285714285,10,100,10,2.69219,TRUE,TRUE
participant_1066,AI-white,10,90,9,2.3026666666666666,12,91.66666666666666,11,2.2273636363636364,TRUE,TRUE
participant_1067,AI-white,9,88.88888888888889,8,2.30755,13,92.3076923076923,12,1.9973083333333332,TRUE,TRUE
participant_1068,AI-white,10,70,7,1.6988571428571428,12,75,9,1.711888888888889,TRUE,TRUE
participant_1069,AI-white,14,85.71428571428571,12,2.39525,14,85.71428571428571,12,2.39525,TRUE,TRUE
participant_1072,AI-white,9,88.88888888888889,8,1.9789125,10,90,9,1.8984666666666667,TRUE,TRUE
participant_1073,AI-white,8,100,8,1.8541125,8,100,8,1.8541125,TRUE,TRUE
participant_1074,AI-white,13,92.3076923076923,12,1.66795,14,85.71428571428571,12,1.66795,TRUE,TRUE
participant_1075,AI-white,18,88.88888888888889,16,2.45871875,22,90.9090909090909,20,2.3571,TRUE,TRUE
participant_1076,AI-white,7,100,7,1.6019999999999999,7,100,7,1.6019999999999999,TRUE,TRUE
participant_1077,AI-white,11,90.9090909090909,10,3.32606,14,92.85714285714286,13,3.2679384615384617,TRUE,TRUE
participant_1080,AI-white,4,75,3,2.8167,7,85.71428571428571,6,2.3211666666666666,FALSE,TRUE
participant_1082,AI-white,12,83.33333333333334,10,2.90967,12,83.33333333333334,10,2.90967,TRUE,TRUE
participant_1083,AI-white,15,93.33333333333333,14,2.317157142857143,16,93.75,15,2.269293333333333,TRUE,TRUE
participant_1084,AI-white,12,100,12,2.5941916666666667,14,100,14,2.521007142857143,TRUE,TRUE
participant_1085,AI-white,13,92.3076923076923,12,5.534258333333334,15,93.33333333333333,14,5.138357142857143,TRUE,TRUE
participant_1087,AI-white,8,100,8,3.9377874999999998,11,100,11,3.870009090909091,TRUE,TRUE
participant_1089,AI-white,11,54.54545454545454,6,3.1342166666666667,13,61.53846153846154,8,3.099125,TRUE,TRUE
participant_1090,AI-white,9,88.88888888888889,8,2.3624,10,90,9,2.2475444444444443,TRUE,TRUE
participant_1091,AI-white,14,50,6,4.6931,15,53.333333333333336,7,4.769528571428571,TRUE,TRUE
participant_1092,AI-white,14,85.71428571428571,12,2.1190583333333333,15,86.66666666666667,13,2.0404923076923076,TRUE,TRUE
participant_1093,AI-white,9,77.77777777777779,7,1.9289571428571428,9,77.77777777777779,7,1.9289571428571428,TRUE,TRUE
participant_1094,AI-white,11,63.63636363636363,7,2.378285714285714,13,61.53846153846154,8,2.294,TRUE,TRUE
participant_1095,AI-white,9,66.66666666666666,6,2.060783333333333,12,75,9,2.6623666666666668,TRUE,TRUE
participant_1096,AI-white,12,100,12,1.9299666666666666,13,100,13,1.8883307692307691,TRUE,TRUE
participant_1097,AI-white,10,80,8,3.707875,11,81.81818181818183,9,3.527688888888889,TRUE,TRUE
participant_1098,AI-white,13,61.53846153846154,8,1.9567375,16,68.75,11,1.8113636363636365,TRUE,TRUE
participant_1099,AI-white,8,87.5,7,2.2905571428571427,10,90,9,2.1043555555555553,TRUE,TRUE
participant_1100,AI-white,12,100,12,1.972725,17,100,17,1.9016235294117647,TRUE,TRUE
participant_1101,AI-white,7,100,7,1.745242857142857,9,100,9,1.6597444444444445,TRUE,TRUE
participant_1102,AI-white,13,100,13,2.525353846153846,13,100,13,2.525353846153846,TRUE,TRUE
participant_1103,AI-white,11,72.72727272727273,8,1.7931249999999999,12,75,9,1.8128888888888888,TRUE,TRUE
participant_1104,AI-white,9,44.44444444444444,4,1.9576249999999997,11,54.54545454545454,6,1.73375,TRUE,TRUE
participant_1105,AI-white,12,91.66666666666666,11,3.663909090909091,13,92.3076923076923,12,3.5888166666666668,TRUE,TRUE
participant_1106,AI-white,14,85.71428571428571,12,4.368591666666667,15,86.66666666666667,13,4.252992307692308,TRUE,TRUE
participant_1107,AI-white,8,87.5,7,2.0844,9,88.88888888888889,8,2.1777375,TRUE,TRUE
participant_1109,AI-white,12,83.33333333333334,10,1.78564,13,84.61538461538461,11,1.726809090909091,TRUE,TRUE
participant_1110,AI-white,12,75,9,3.3500888888888887,12,75,9,3.3500888888888887,TRUE,TRUE
participant_1111,AI-white,8,100,8,1.7706624999999998,8,100,8,1.7706624999999998,TRUE,TRUE
participant_1112,AI-white,9,55.55555555555556,5,1.19658,11,54.54545454545454,6,1.2613166666666666,TRUE,TRUE
participant_1113,AI-white,8,100,8,1.625,10,100,10,1.6124,TRUE,TRUE
participant_1115,AI-white,12,91.66666666666666,11,3.0787,14,92.85714285714286,13,2.8983692307692306,TRUE,TRUE
participant_1117,AI-white,7,85.71428571428571,6,2.1535833333333336,9,88.88888888888889,8,2.0086250000000003,TRUE,TRUE
participant_1118,AI-white,8,87.5,7,1.4047714285714286,9,88.88888888888889,8,1.3814125,TRUE,TRUE
participant_1119,AI-white,11,100,11,2.668418181818182,14,100,14,2.638442857142857,TRUE,TRUE
participant_1120,AI-white,11,100,11,2.1166272727272726,13,100,13,2.0961230769230768,TRUE,TRUE
participant_1122,AI-white,10,90,9,1.8741333333333334,14,92.85714285714286,13,1.7513384615384615,TRUE,TRUE
participant_1123,AI-white,11,100,11,2.5835454545454546,12,100,12,2.4853083333333332,TRUE,TRUE
participant_1124,AI-white,7,100,7,1.6641142857142857,9,100,9,1.654388888888889,TRUE,TRUE
participant_1125,AI-white,11,45.45454545454545,5,1.61882,15,60,9,1.8443,TRUE,TRUE
participant_1128,AI-white,13,84.61538461538461,11,2.6665727272727273,14,85.71428571428571,12,2.772175,TRUE,TRUE
participant_1130,AI-white,14,92.85714285714286,13,1.7370692307692308,17,94.11764705882352,16,1.67184375,TRUE,TRUE
participant_1131,AI-white,11,90.9090909090909,10,2.3603199999999998,11,90.9090909090909,10,2.3603199999999998,TRUE,TRUE
participant_1132,AI-white,7,71.42857142857143,5,2.83294,10,80,8,3.43615,TRUE,TRUE
participant_1133,AI-white,10,30,3,1.9375,12,33.33333333333333,4,1.8512,TRUE,TRUE
participant_1135,AI-white,11,81.81818181818183,9,1.8715555555555556,13,84.61538461538461,11,2.022727272727273,TRUE,TRUE
participant_1136,AI-white,7,100,7,3.9616857142857143,9,100,9,3.9202666666666666,TRUE,TRUE
participant_1137,AI-white,12,91.66666666666666,11,2.046390909090909,13,92.3076923076923,12,2.0575083333333333,TRUE,TRUE
participant_1138,AI-white,13,84.61538461538461,10,2.8259600000000002,14,78.57142857142857,10,2.8259600000000002,TRUE,TRUE
participant_1139,AI-white,8,75,6,1.9098333333333333,11,81.81818181818183,9,1.7485777777777778,TRUE,TRUE
participant_1140,AI-white,14,78.57142857142857,11,1.7665454545454546,14,78.57142857142857,11,1.7665454545454546,TRUE,TRUE
participant_1141,AI-white,10,90,9,1.2927,12,91.66666666666666,11,1.3162,TRUE,TRUE
participant_1142,AI-white,12,91.66666666666666,11,1.6011181818181819,14,85.71428571428571,12,1.7461833333333334,TRUE,TRUE
participant_1143,AI-white,7,71.42857142857143,5,5.99,8,75,6,5.491666666666666,TRUE,TRUE
participant_1144,AI-white,11,100,11,1.9401636363636363,13,100,13,2.2216692307692307,TRUE,TRUE
participant_1145,AI-white,10,80,8,2.2210875,15,80,12,2.266366666666667,TRUE,TRUE
participant_1146,AI-white,10,90,9,1.544788888888889,11,90.9090909090909,10,1.52255,TRUE,TRUE
participant_1147,AI-white,18,83.33333333333334,15,3.04762,19,84.21052631578947,16,2.99353125,TRUE,TRUE
participant_1148,AI-white,1,100,1,1.8859,1,100,1,1.8859,FALSE,FALSE
participant_1150,AI-white,11,90.9090909090909,10,2.76938,15,93.33333333333333,14,2.542757142857143,TRUE,TRUE
participant_1151,AI-white,8,100,8,2.269875,9,100,9,2.2102222222222223,TRUE,TRUE
participant_1152,AI-white,10,100,10,2.02141,12,91.66666666666666,11,2.063527272727273,TRUE,TRUE
participant_1153,AI-white,8,100,8,2.6826875,9,100,9,2.692888888888889,TRUE,TRUE
participant_1155,AI-white,11,90.9090909090909,10,3.41918,13,92.3076923076923,12,3.279558333333333,TRUE,TRUE
participant_1156,AI-white,14,92.85714285714286,12,9.093641666666667,16,93.75,14,8.246707142857144,TRUE,TRUE
participant_1157,AI-white,8,100,8,3.94435,12,100,12,4.4760333333333335,TRUE,TRUE
participant_1158,AI-white,12,50,6,3.0081666666666664,13,46.15384615384615,6,3.0081666666666664,TRUE,TRUE
participant_1160,AI-white,11,100,11,3.449790909090909,14,100,14,2.9604642857142855,TRUE,TRUE
participant_1161,AI-white,9,77.77777777777779,7,1.927857142857143,11,81.81818181818183,9,1.850088888888889,TRUE,TRUE
participant_1162,AI-white,7,42.857142857142854,3,1.4736,11,54.54545454545454,6,1.3092833333333334,TRUE,TRUE
participant_1164,AI-white,10,80,8,3.2420625,15,80,12,3.46045,TRUE,TRUE
participant_1165,AI-white,12,91.66666666666666,11,1.8526636363636364,12,91.66666666666666,11,1.8526636363636364,TRUE,TRUE
participant_1166,AI-white,8,100,8,2.2245375,10,100,10,2.1526899999999998,TRUE,TRUE
participant_1168,AI-white,6,100,6,1.8821,7,100,7,1.7966428571428572,TRUE,TRUE
participant_1169,AI-white,8,100,8,2.979075,11,100,11,2.9016,TRUE,TRUE
participant_1170,AI-white,9,100,9,2.514388888888889,10,100,10,2.62694,TRUE,TRUE
participant_1171,AI-white,10,60,6,1.9912,12,58.333333333333336,7,2.0435857142857143,TRUE,TRUE
participant_1172,AI-white,9,88.88888888888889,8,2.503,9,88.88888888888889,8,2.503,TRUE,TRUE
participant_1175,AI-white,11,81.81818181818183,9,2.1758888888888888,13,84.61538461538461,11,2.1453363636363636,TRUE,TRUE
participant_1176,AI-white,10,90,9,1.7601,12,91.66666666666666,11,1.7075,TRUE,TRUE
participant_1177,AI-white,8,75,6,1.5251833333333333,13,84.61538461538461,11,1.4189272727272728,TRUE,TRUE
participant_1179,AI-white,5,40,2,1.6652,7,42.857142857142854,3,1.9989000000000001,TRUE,FALSE
participant_1181,AI-white,12,91.66666666666666,11,1.789109090909091,12,91.66666666666666,11,1.789109090909091,TRUE,TRUE
participant_1182,AI-white,13,100,13,3.5204615384615385,13,100,13,3.5204615384615385,TRUE,TRUE
participant_1183,AI-white,13,92.3076923076923,12,2.256325,16,93.75,15,2.0675333333333334,TRUE,TRUE
participant_1184,AI-white,12,91.66666666666666,11,2.465181818181818,13,92.3076923076923,12,2.3564833333333333,TRUE,TRUE
participant_1185,AI-white,13,76.92307692307693,10,1.9504,13,76.92307692307693,10,1.9504,TRUE,TRUE
participant_1186,AI-white,12,100,12,1.2420333333333333,13,100,13,1.2162461538461538,TRUE,TRUE
participant_1187,AI-white,13,84.61538461538461,11,1.7932363636363637,18,88.88888888888889,16,1.94865625,TRUE,TRUE
participant_1188,AI-white,6,83.33333333333334,5,1.84216,7,85.71428571428571,6,2.0835833333333333,TRUE,TRUE
participant_1189,AI-white,12,91.66666666666666,11,1.8647363636363636,13,92.3076923076923,12,1.8223166666666668,TRUE,TRUE
participant_1190,AI-white,13,100,13,2.526669230769231,14,100,14,2.4425357142857145,TRUE,TRUE
participant_1191,AI-white,14,57.14285714285714,8,2.45225,15,60,9,3.075077777777778,TRUE,TRUE
participant_1192,AI-white,8,100,8,2.866425,10,100,10,3.06914,TRUE,TRUE
participant_1193,AI-white,13,92.3076923076923,12,3.9879666666666664,15,93.33333333333333,14,3.8560642857142855,TRUE,TRUE
participant_1194,AI-white,8,75,6,2.1018333333333334,11,72.72727272727273,8,1.8788375,TRUE,TRUE
participant_1195,AI-white,12,91.66666666666666,11,1.5835272727272727,15,93.33333333333333,14,1.6680714285714286,TRUE,TRUE
participant_1196,AI-white,14,85.71428571428571,12,2.5138000000000003,16,87.5,14,2.695264285714286,TRUE,TRUE
participant_1197,AI-white,10,90,9,2.0573555555555556,14,92.85714285714286,13,1.8781923076923077,TRUE,TRUE
participant_1198,AI-white,11,100,11,3.056609090909091,13,100,13,2.929907692307692,TRUE,TRUE
participant_1199,AI-white,15,93.33333333333333,14,3.896521428571429,17,94.11764705882352,16,3.79748125,TRUE,TRUE
participant_1201,AI-white,7,100,7,4.256,10,100,10,3.466,TRUE,TRUE
participant_1202,AI-white,13,76.92307692307693,10,1.8293,15,80,12,1.9091666666666667,TRUE,TRUE
participant_1204,AI-white,10,80,7,1.9757714285714285,14,85.71428571428571,11,2.7533909090909092,TRUE,TRUE
participant_1205,AI-white,6,33.33333333333333,2,2.7154499999999997,8,50,4,2.8991249999999997,TRUE,FALSE
participant_1206,AI-white,13,84.61538461538461,11,1.9391272727272728,15,86.66666666666667,13,1.9555692307692307,TRUE,TRUE
participant_1208,AI-white,7,85.71428571428571,6,1.8205,7,85.71428571428571,6,1.8205,TRUE,TRUE
participant_1209,AI-white,12,83.33333333333334,10,2.38657,12,83.33333333333334,10,2.38657,TRUE,TRUE
participant_1211,AI-white,10,90,9,2.962222222222222,13,92.3076923076923,12,2.6006666666666667,TRUE,TRUE
participant_1212,AI-white,5,60,3,2.5566666666666666,10,80,8,2.7327125,TRUE,TRUE
participant_1213,AI-white,10,70,7,2.039757142857143,10,70,7,2.039757142857143,TRUE,TRUE
participant_1215,AI-white,9,100,9,2.0601444444444446,11,100,11,2.1296181818181816,TRUE,TRUE
participant_1216,AI-white,14,71.42857142857143,10,1.74222,15,73.33333333333333,11,1.707009090909091,TRUE,TRUE
participant_1217,AI-white,11,81.81818181818183,9,2.9226444444444444,15,86.66666666666667,13,2.9449384615384613,TRUE,TRUE
participant_1218,AI-white,9,88.88888888888889,8,4.5527875,11,90.9090909090909,10,4.20221,TRUE,TRUE
participant_1219,AI-white,9,100,9,2.328,11,100,11,2.123,TRUE,TRUE
participant_1220,AI-white,9,88.88888888888889,8,1.899875,10,90,9,1.8762777777777777,TRUE,TRUE
participant_1221,AI-white,12,91.66666666666666,11,2.097709090909091,15,93.33333333333333,14,3.0080642857142856,TRUE,TRUE
participant_1222,AI-white,14,78.57142857142857,11,2.9092545454545453,16,81.25,13,2.836346153846154,TRUE,TRUE
participant_1223,AI-white,11,90.9090909090909,10,1.5044,13,92.3076923076923,12,1.527,TRUE,TRUE
participant_1224,AI-white,10,100,10,2.73718,11,100,11,2.735936363636364,TRUE,TRUE
participant_1226,AI-white,9,22.22222222222222,2,1.0712000000000002,11,36.36363636363637,4,1.698025,TRUE,FALSE
participant_1227,AI-white,7,85.71428571428571,6,2.8679333333333332,9,88.88888888888889,8,2.507575,TRUE,TRUE
participant_1228,AI-white,9,100,9,5.7877777777777775,11,90.9090909090909,10,5.69575,TRUE,TRUE
participant_1229,AI-white,10,80,8,2.9445249999999996,12,83.33333333333334,10,2.77136,TRUE,TRUE
participant_1230,AI-white,11,81.81818181818183,9,3.0865888888888886,12,83.33333333333334,10,3.10518,TRUE,TRUE
participant_1231,AI-white,9,33.33333333333333,3,1.7177666666666667,11,45.45454545454545,5,1.81296,TRUE,TRUE
participant_1232,AI-white,7,100,7,3.0932142857142857,7,100,7,3.0932142857142857,TRUE,TRUE
participant_1233,AI-white,13,84.61538461538461,11,1.5389,16,87.5,14,1.5877571428571429,TRUE,TRUE
participant_1235,AI-white,8,75,6,2.3067333333333333,12,83.33333333333334,10,2.31827,TRUE,TRUE
participant_1236,AI-white,8,100,8,2.2032125,9,100,9,2.1443555555555553,TRUE,TRUE
participant_1238,AI-white,16,87.5,14,2.290257142857143,17,88.23529411764706,15,2.2349266666666665,TRUE,TRUE
participant_1241,AI-white,7,85.71428571428571,6,1.7929,9,88.88888888888889,8,2.437825,TRUE,TRUE
participant_1242,AI-white,11,90.9090909090909,10,3.452,12,91.66666666666666,11,3.374909090909091,TRUE,TRUE
participant_1243,AI-white,8,87.5,7,3.0795857142857144,9,88.88888888888889,8,3.119325,TRUE,TRUE
participant_1244,AI-white,11,90.9090909090909,10,3.43252,12,91.66666666666666,11,3.7980363636363634,TRUE,TRUE
participant_1245,AI-white,9,88.88888888888889,8,2.508525,11,90.9090909090909,10,2.23373,TRUE,TRUE
participant_1246,AI-white,11,81.81818181818183,9,1.9621555555555554,12,75,9,1.9621555555555554,TRUE,TRUE
participant_1248,AI-white,10,60,6,2.18815,11,63.63636363636363,7,2.1243285714285713,TRUE,TRUE
participant_1249,AI-white,10,90,9,2.1751,14,92.85714285714286,13,1.9568692307692308,TRUE,TRUE
participant_1250,AI-white,10,100,10,1.95296,11,100,11,1.9434727272727272,TRUE,TRUE
participant_1251,AI-white,11,90.9090909090909,10,2.4906800000000002,12,91.66666666666666,11,2.4362454545454546,TRUE,TRUE
participant_1253,AI-white,11,90.9090909090909,10,2.21244,13,92.3076923076923,12,2.202358333333333,TRUE,TRUE
participant_1254,AI-white,10,80,8,1.193425,10,80,8,1.193425,TRUE,TRUE
participant_1255,AI-white,8,100,8,2.3743125000000003,8,100,8,2.3743125000000003,TRUE,TRUE
participant_1257,AI-white,11,100,11,1.9016181818181819,13,100,13,1.8545307692307693,TRUE,TRUE
participant_1258,AI-white,12,83.33333333333334,10,2.76606,14,78.57142857142857,11,3.081272727272727,TRUE,TRUE
participant_1259,AI-white,13,84.61538461538461,11,1.9372636363636364,13,84.61538461538461,11,1.9372636363636364,TRUE,TRUE
participant_1260,AI-white,11,54.54545454545454,6,1.9092,12,58.333333333333336,7,1.8291142857142857,TRUE,TRUE
participant_1261,AI-white,11,100,11,1.6459818181818182,16,100,16,1.59074375,TRUE,TRUE
participant_1262,AI-white,16,100,16,1.76245625,19,100,19,1.674321052631579,TRUE,TRUE
participant_1263,AI-white,14,92.85714285714286,13,2.310653846153846,14,92.85714285714286,13,2.310653846153846,TRUE,TRUE
participant_1264,AI-white,11,72.72727272727273,8,2.6731125,11,72.72727272727273,8,2.6731125,TRUE,TRUE
participant_1266,AI-white,10,70,7,2.9095714285714287,11,72.72727272727273,8,2.8790375,TRUE,TRUE
participant_1267,AI-white,5,100,5,2.8658,7,100,7,2.4264285714285716,TRUE,TRUE
participant_1273,AI-white,16,81.25,13,4.195376923076923,18,83.33333333333334,15,4.0740533333333335,TRUE,TRUE
participant_1274,AI-white,9,100,9,1.5813666666666666,12,100,12,1.485775,TRUE,TRUE
participant_1275,AI-white,8,100,8,1.8415875,11,90.9090909090909,10,1.85581,TRUE,TRUE
participant_1276,AI-white,10,100,10,1.86994,12,91.66666666666666,11,1.9372090909090909,TRUE,TRUE
participant_0003,AI-non-white,31,96.7741935483871,30,3.18848,34,97.05882352941177,33,3.037709090909091,TRUE,TRUE
participant_0004,AI-non-white,21,85.71428571428571,18,2.254111111111111,26,88.46153846153845,23,2.240486956521739,TRUE,TRUE
participant_0005,AI-non-white,20,65,13,1.7683846153846154,23,69.56521739130434,16,1.77825,TRUE,TRUE
participant_0006,AI-non-white,23,78.26086956521739,18,2.3375166666666667,30,83.33333333333334,25,2.2962920000000002,TRUE,TRUE
participant_0007,AI-non-white,25,92,22,3.757909090909091,32,93.75,28,3.484714285714286,TRUE,TRUE
participant_0008,AI-non-white,23,95.65217391304348,22,3.9536818181818183,26,96.15384615384616,25,3.63432,TRUE,TRUE
participant_0009,AI-non-white,31,93.54838709677419,29,2.4953413793103447,34,94.11764705882352,32,2.505678125,TRUE,TRUE
participant_0010,AI-non-white,27,92.5925925925926,25,1.6173359999999999,29,93.10344827586206,27,1.6352555555555555,TRUE,TRUE
participant_0011,AI-non-white,23,100,23,1.8307695652173912,29,100,29,1.6996413793103449,TRUE,TRUE
participant_0012,AI-non-white,22,77.27272727272727,16,5.10308125,26,80.76923076923077,20,4.96968,TRUE,TRUE
participant_0013,AI-non-white,32,81.25,26,3.4167,39,84.61538461538461,33,3.1427969696969695,TRUE,TRUE
participant_0014,AI-non-white,26,84.61538461538461,22,3.3626318181818182,28,85.71428571428571,24,3.2215708333333333,TRUE,TRUE
participant_0015,AI-non-white,27,96.29629629629629,26,1.6387461538461539,30,96.66666666666667,29,1.648848275862069,TRUE,TRUE
participant_0016,AI-non-white,20,100,20,2.09295,27,100,27,1.9943703703703703,TRUE,TRUE
participant_0017,AI-non-white,27,81.48148148148148,22,1.8405090909090909,30,83.33333333333334,25,1.881368,TRUE,TRUE
participant_0018,AI-non-white,29,93.10344827586206,27,4.149196296296296,32,93.75,30,4.049953333333333,TRUE,TRUE
participant_0019,AI-non-white,29,89.65517241379311,26,2.0028076923076923,31,90.32258064516128,28,2.0068214285714285,TRUE,TRUE
participant_0020,AI-non-white,25,88,22,2.8310454545454546,29,89.65517241379311,26,2.977692307692308,TRUE,TRUE
participant_0021,AI-non-white,22,77.27272727272727,17,3.309729411764706,26,73.07692307692307,19,3.2912631578947367,TRUE,TRUE
participant_0025,AI-non-white,25,84,21,2.690842857142857,31,87.09677419354838,27,2.478911111111111,TRUE,TRUE
participant_0026,AI-non-white,20,95,19,1.7463684210526316,26,96.15384615384616,25,1.74016,TRUE,TRUE
participant_0031,AI-non-white,23,78.26086956521739,18,3.481638888888889,28,82.14285714285714,23,3.0647304347826085,TRUE,TRUE
participant_0033,AI-non-white,26,76.92307692307693,20,1.8815,30,80,24,1.9165416666666668,TRUE,TRUE
participant_0034,AI-non-white,24,62.5,15,1.8453466666666667,29,68.96551724137932,20,2.06116,TRUE,TRUE
participant_0035,AI-non-white,28,89.28571428571429,25,3.46324,33,90.9090909090909,30,3.3120333333333334,TRUE,TRUE
participant_0036,AI-non-white,33,100,33,1.7536787878787878,35,100,35,1.752217142857143,TRUE,TRUE
participant_0037,AI-non-white,26,96.15384615384616,25,1.74242,30,96.66666666666667,29,1.765989655172414,TRUE,TRUE
participant_0038,AI-non-white,24,91.66666666666666,22,1.9808454545454546,27,92.5925925925926,25,2.169256,TRUE,TRUE
participant_0039,AI-non-white,19,100,19,1.4927526315789474,24,95.83333333333334,23,1.5263130434782608,TRUE,TRUE
participant_0040,AI-non-white,24,100,24,2.8834833333333334,30,100,30,2.69795,TRUE,TRUE
participant_0041,AI-non-white,26,96.15384615384616,25,2.223712,31,96.7741935483871,30,2.1887966666666667,TRUE,TRUE
participant_0042,AI-non-white,24,62.5,15,2.8251733333333333,28,67.85714285714286,19,3.2712578947368423,TRUE,TRUE
participant_0043,AI-non-white,27,88.88888888888889,24,3.015433333333333,30,90,27,2.888922222222222,TRUE,TRUE
participant_0044,AI-non-white,25,84,21,2.9440476190476192,25,84,21,2.9440476190476192,TRUE,TRUE
participant_0045,AI-non-white,23,82.6086956521739,19,1.9697421052631578,25,84,21,1.9748761904761905,TRUE,TRUE
participant_0046,AI-non-white,20,85,17,1.1981235294117647,25,88,22,1.2179454545454544,TRUE,TRUE
participant_0047,AI-non-white,34,94.11764705882352,32,1.6623125,40,95,38,1.6552894736842105,TRUE,TRUE
participant_0048,AI-non-white,23,69.56521739130434,16,1.4535125,25,72,18,1.4324000000000001,TRUE,TRUE
participant_0049,AI-non-white,26,92.3076923076923,24,2.1153458333333335,29,93.10344827586206,27,2.0611888888888887,TRUE,TRUE
participant_0050,AI-non-white,20,75,15,1.6304,22,77.27272727272727,17,1.6285882352941177,TRUE,TRUE
participant_0051,AI-non-white,33,87.87878787878788,29,2.2221103448275863,35,88.57142857142857,31,2.2066451612903224,TRUE,TRUE
participant_0052,AI-non-white,17,94.11764705882352,16,2.2289375000000002,21,95.23809523809523,20,2.2129,TRUE,TRUE
participant_0053,AI-non-white,25,80,20,2.495505,27,81.48148148148148,22,2.4437,TRUE,TRUE
participant_0054,AI-non-white,23,91.30434782608695,21,2.5238666666666667,29,93.10344827586206,27,2.6763666666666666,TRUE,TRUE
participant_0055,AI-non-white,26,84.61538461538461,22,2.24125,27,85.18518518518519,23,2.3032,TRUE,TRUE
participant_0056,AI-non-white,26,96.15384615384616,25,1.881684,29,96.55172413793103,28,1.8647357142857142,TRUE,TRUE
participant_0057,AI-non-white,32,90.625,29,2.070793103448276,33,90.9090909090909,30,2.0428333333333333,TRUE,TRUE
participant_0058,AI-non-white,22,90.9090909090909,20,2.371055,27,92.5925925925926,25,2.29922,TRUE,TRUE
participant_0060,AI-non-white,26,92.3076923076923,24,2.4292291666666666,27,92.5925925925926,25,2.421672,TRUE,TRUE
participant_0061,AI-non-white,25,84,21,2.0771571428571427,29,86.20689655172413,25,2.060608,TRUE,TRUE
participant_0062,AI-non-white,22,81.81818181818183,18,2.537516666666667,26,84.61538461538461,22,2.6934181818181817,TRUE,TRUE
participant_0063,AI-non-white,26,76.92307692307693,20,1.91822,29,79.3103448275862,23,2.0077826086956523,TRUE,TRUE
participant_0064,AI-non-white,23,78.26086956521739,18,3.4993555555555558,27,81.48148148148148,22,3.3432954545454545,TRUE,TRUE
participant_0065,AI-non-white,22,86.36363636363636,19,2.0429368421052634,27,88.88888888888889,24,1.9820291666666667,TRUE,TRUE
participant_0066,AI-non-white,25,92,23,2.732804347826087,28,92.85714285714286,26,2.65375,TRUE,TRUE
participant_0067,AI-non-white,21,80.95238095238095,17,2.877958823529412,28,85.71428571428571,24,2.5743541666666667,TRUE,TRUE
participant_0068,AI-non-white,28,82.14285714285714,23,2.7758608695652174,30,83.33333333333334,25,2.705124,TRUE,TRUE
participant_0069,AI-non-white,20,100,20,2.756065,23,95.65217391304348,22,2.7014590909090908,TRUE,TRUE
participant_0070,AI-non-white,22,90.9090909090909,20,2.07529,25,92,23,2.1174,TRUE,TRUE
participant_0071,AI-non-white,14,100,14,1.6037142857142856,17,100,17,1.5757882352941177,TRUE,TRUE
participant_0072,AI-non-white,24,66.66666666666666,16,2.59620625,28,71.42857142857143,20,2.477315,TRUE,TRUE
participant_0073,AI-non-white,29,100,29,2.6124689655172415,32,96.875,31,3.0480741935483873,TRUE,TRUE
participant_0074,AI-non-white,27,85.18518518518519,23,2.4918173913043478,34,88.23529411764706,30,2.49077,TRUE,TRUE
participant_0075,AI-non-white,17,94.11764705882352,16,3.16835625,23,95.65217391304348,22,2.82835,TRUE,TRUE
participant_0076,AI-non-white,18,88.88888888888889,16,2.344875,25,92,23,2.4020347826086956,TRUE,TRUE
participant_0077,AI-non-white,21,85.71428571428571,18,3.0395555555555553,27,88.88888888888889,24,3.0995416666666666,TRUE,TRUE
participant_0078,AI-non-white,22,81.81818181818183,18,2.1884888888888887,27,85.18518518518519,23,2.0290173913043477,TRUE,TRUE
participant_0079,AI-non-white,23,91.30434782608695,21,1.8804095238095238,26,92.3076923076923,24,1.9270583333333333,TRUE,TRUE
participant_0080,AI-non-white,27,96.29629629629629,26,2.048769230769231,32,96.875,31,2.023258064516129,TRUE,TRUE
participant_0081,AI-non-white,25,92,23,1.8056913043478262,30,93.33333333333333,28,1.9330571428571428,TRUE,TRUE
participant_0082,AI-non-white,25,100,25,3.02284,28,100,28,2.9264964285714288,TRUE,TRUE
participant_0083,AI-non-white,22,77.27272727272727,17,1.7502470588235295,26,76.92307692307693,20,1.85574,TRUE,TRUE
participant_0084,AI-non-white,14,85.71428571428571,12,2.7316166666666666,24,91.66666666666666,22,2.276977272727273,TRUE,TRUE
participant_0085,AI-non-white,23,91.30434782608695,21,3.110047619047619,28,92.85714285714286,26,2.9911153846153846,TRUE,TRUE
participant_0086,AI-non-white,29,93.10344827586206,27,1.945074074074074,33,93.93939393939394,31,1.9683806451612904,TRUE,TRUE
participant_0087,AI-non-white,24,70.83333333333334,17,3.969364705882353,28,75,21,3.844552380952381,TRUE,TRUE
participant_0088,AI-non-white,25,92,23,1.8867391304347827,28,92.85714285714286,26,1.9271807692307692,TRUE,TRUE
participant_0089,AI-non-white,21,95.23809523809523,20,2.48127,23,95.65217391304348,22,2.461090909090909,TRUE,TRUE
participant_0090,AI-non-white,24,79.16666666666666,19,2.092578947368421,27,81.48148148148148,22,2.0167727272727274,TRUE,TRUE
participant_0091,AI-non-white,24,100,24,2.7119416666666667,27,100,27,2.588077777777778,TRUE,TRUE
participant_0092,AI-non-white,21,85.71428571428571,18,3.724022222222222,25,88,22,3.4543909090909093,TRUE,TRUE
participant_0093,AI-non-white,21,80.95238095238095,17,5.436470588235294,24,79.16666666666666,19,5.215894736842105,TRUE,TRUE
participant_0094,AI-non-white,15,53.333333333333336,8,2.0790625,23,69.56521739130434,16,2.26074375,TRUE,TRUE
participant_0095,AI-non-white,24,83.33333333333334,20,1.5808200000000001,28,82.14285714285714,23,1.619913043478261,TRUE,TRUE
participant_0096,AI-non-white,18,83.33333333333334,15,1.76576,20,85,17,1.7489705882352942,TRUE,TRUE
participant_0097,AI-non-white,22,68.18181818181817,15,2.4272533333333333,24,70.83333333333334,17,2.4052764705882352,TRUE,TRUE
participant_0098,AI-non-white,19,57.89473684210527,9,2.1707777777777775,21,57.14285714285714,10,3.2103,TRUE,TRUE
participant_0099,AI-non-white,20,70,14,1.7607142857142857,22,72.72727272727273,16,1.70679375,TRUE,TRUE
participant_0100,AI-non-white,26,80.76923076923077,21,1.9721428571428572,30,83.33333333333334,25,1.891632,TRUE,TRUE
participant_0101,AI-non-white,30,90,27,2.621640740740741,32,90.625,29,2.643441379310345,TRUE,TRUE
participant_0102,AI-non-white,28,96.42857142857143,27,1.6561814814814815,30,96.66666666666667,29,1.6975620689655173,TRUE,TRUE
participant_0103,AI-non-white,25,80,20,2.37035,31,83.87096774193549,26,2.301,TRUE,TRUE
participant_0104,AI-non-white,17,94.11764705882352,16,3.07655625,21,95.23809523809523,20,3.58027,TRUE,TRUE
participant_0105,AI-non-white,25,88,22,4.288886363636363,28,89.28571428571429,25,4.115672,TRUE,TRUE
participant_0106,AI-non-white,27,96.29629629629629,26,2.2103153846153845,34,97.05882352941177,33,2.1361363636363637,TRUE,TRUE
participant_0107,AI-non-white,23,100,23,4.3376086956521736,26,100,26,4.127384615384615,TRUE,TRUE
participant_0108,AI-non-white,18,83.33333333333334,15,3.3471266666666666,21,85.71428571428571,18,3.181372222222222,TRUE,TRUE
participant_0109,AI-non-white,20,95,19,2.673415789473684,22,95.45454545454545,21,2.6149619047619046,TRUE,TRUE
participant_0110,AI-non-white,18,83.33333333333334,15,2.56168,21,85.71428571428571,18,2.5183666666666666,TRUE,TRUE
participant_0111,AI-non-white,24,91.66666666666666,22,2.434540909090909,30,93.33333333333333,28,2.215464285714286,TRUE,TRUE
participant_0112,AI-non-white,22,81.81818181818183,18,2.5415,25,84,21,2.563,TRUE,TRUE
participant_0113,AI-non-white,21,76.19047619047619,16,1.74435,26,80.76923076923077,21,1.7828809523809523,TRUE,TRUE
participant_0114,AI-non-white,23,86.95652173913044,20,2.5265649999999997,26,88.46153846153845,23,2.8706478260869566,TRUE,TRUE
participant_0115,AI-non-white,14,92.85714285714286,13,4.4578,18,94.44444444444444,17,4.7392352941176465,TRUE,TRUE
participant_0116,AI-non-white,25,84,21,2.861409523809524,28,85.71428571428571,24,2.8225875,TRUE,TRUE
participant_0117,AI-non-white,23,86.95652173913044,20,1.93835,28,89.28571428571429,25,1.9864,TRUE,TRUE
participant_0118,AI-non-white,22,63.63636363636363,14,1.689957142857143,24,66.66666666666666,16,1.7625125,TRUE,TRUE
participant_0119,AI-non-white,19,84.21052631578947,16,3.1719125,22,86.36363636363636,19,2.983578947368421,TRUE,TRUE
participant_0121,AI-non-white,23,95.65217391304348,21,6.939971428571429,27,96.29629629629629,25,6.409784,TRUE,TRUE
participant_0122,AI-non-white,26,61.53846153846154,16,2.510375,29,62.06896551724138,18,2.4349555555555558,TRUE,TRUE
participant_0123,AI-non-white,21,85.71428571428571,18,1.585611111111111,26,88.46153846153845,23,2.4854347826086958,TRUE,TRUE
participant_0124,AI-non-white,24,95.83333333333334,23,2.556073913043478,26,96.15384615384616,25,2.516076,TRUE,TRUE
participant_0125,AI-non-white,29,89.65517241379311,26,3.068407692307692,35,91.42857142857143,32,2.99700625,TRUE,TRUE
participant_0126,AI-non-white,20,85,17,1.7140529411764707,24,87.5,21,1.7874428571428571,TRUE,TRUE
participant_0127,AI-non-white,25,84,21,3.605152380952381,31,87.09677419354838,27,3.679988888888889,TRUE,TRUE
participant_0128,AI-non-white,32,75,24,1.6549333333333334,35,77.14285714285715,27,1.6396481481481482,TRUE,TRUE
participant_0129,AI-non-white,20,85,17,1.6164117647058824,24,87.5,21,1.5753333333333333,TRUE,TRUE
participant_0130,AI-non-white,27,88.88888888888889,22,2.32295,30,86.66666666666667,24,2.2219125,TRUE,TRUE
participant_0131,AI-non-white,25,64,16,3.4571625,32,71.875,23,3.0299782608695653,TRUE,TRUE
participant_0132,AI-non-white,27,92.5925925925926,25,2.396104,30,93.33333333333333,28,2.3228857142857144,TRUE,TRUE
participant_0133,AI-non-white,25,76,19,1.860678947368421,29,79.3103448275862,23,1.7505869565217391,TRUE,TRUE
participant_0134,AI-non-white,16,75,12,2.2097583333333333,25,84,21,2.0430714285714284,TRUE,TRUE
participant_0135,AI-non-white,28,100,28,2.1126785714285714,30,100,30,2.0833133333333334,TRUE,TRUE
participant_0136,AI-non-white,25,88,21,3.2877761904761904,30,90,26,2.9511461538461536,TRUE,TRUE
participant_0137,AI-non-white,18,83.33333333333334,15,2.3914,26,88.46153846153845,23,2.1971304347826086,TRUE,TRUE
participant_0138,AI-non-white,31,93.54838709677419,29,3.650096551724138,34,94.11764705882352,32,3.4451062500000003,TRUE,TRUE
participant_0139,AI-non-white,24,87.5,21,2.366190476190476,26,88.46153846153845,23,2.2838695652173913,TRUE,TRUE
participant_0140,AI-non-white,23,91.30434782608695,21,2.996714285714286,27,92.5925925925926,25,2.81432,TRUE,TRUE
participant_0141,AI-non-white,29,93.10344827586206,27,3.087422222222222,34,94.11764705882352,32,3.0551375,TRUE,TRUE
participant_0142,AI-non-white,22,68.18181818181817,15,1.7944,25,72,18,1.7512388888888888,TRUE,TRUE
participant_0143,AI-non-white,21,76.19047619047619,16,2.69250625,24,79.16666666666666,19,2.638484210526316,TRUE,TRUE
participant_0144,AI-non-white,24,95.83333333333334,23,2.3206391304347824,28,96.42857142857143,27,2.3596444444444447,TRUE,TRUE
participant_0145,AI-non-white,22,50,11,2.452827272727273,26,57.692307692307686,15,2.38764,TRUE,TRUE
participant_0146,AI-non-white,29,96.55172413793103,28,1.5111857142857144,32,96.875,31,1.5108580645161291,TRUE,TRUE
participant_0147,AI-non-white,24,83.33333333333334,20,3.25177,27,81.48148148148148,22,3.2035045454545457,TRUE,TRUE
participant_0148,AI-non-white,29,96.55172413793103,28,2.0484964285714287,34,97.05882352941177,33,2.054357575757576,TRUE,TRUE
participant_0149,AI-non-white,25,80,20,3.7941000000000003,25,80,20,3.7941000000000003,TRUE,TRUE
participant_0150,AI-non-white,24,87.5,21,2.5280285714285715,29,86.20689655172413,25,2.498876,TRUE,TRUE
participant_0151,AI-non-white,24,91.66666666666666,22,1.8816636363636363,25,92,23,1.900304347826087,TRUE,TRUE
participant_0152,AI-non-white,21,95.23809523809523,20,2.00272,28,96.42857142857143,27,2.0315777777777777,TRUE,TRUE
participant_0153,AI-non-white,25,96,24,2.1855416666666665,28,92.85714285714286,26,2.2860384615384617,TRUE,TRUE
participant_0154,AI-non-white,21,85.71428571428571,18,1.3632333333333333,23,86.95652173913044,20,1.31199,TRUE,TRUE
participant_0155,AI-non-white,26,92.3076923076923,24,1.875675,32,93.75,30,1.8486933333333333,TRUE,TRUE
participant_0157,AI-non-white,24,100,24,2.7308208333333335,30,96.66666666666667,29,2.873586206896552,TRUE,TRUE
participant_0158,AI-non-white,27,96.29629629629629,26,2.2323307692307695,29,96.55172413793103,28,2.655382142857143,TRUE,TRUE
participant_0159,AI-non-white,25,96,24,3.0051041666666665,30,96.66666666666667,29,2.8711413793103446,TRUE,TRUE
participant_0160,AI-non-white,26,80.76923076923077,21,1.855057142857143,33,81.81818181818183,27,1.8412111111111111,TRUE,TRUE
participant_0161,AI-non-white,20,95,19,2.2621368421052632,24,95.83333333333334,23,2.1988217391304348,TRUE,TRUE
participant_0162,AI-non-white,27,88.88888888888889,24,1.7628333333333333,32,90.625,29,1.8986551724137932,TRUE,TRUE
participant_0163,AI-non-white,31,93.54838709677419,29,3.9848620689655174,35,94.28571428571428,33,4.388424242424242,TRUE,TRUE
participant_0164,AI-non-white,16,93.75,15,1.5599933333333333,21,95.23809523809523,20,1.6175249999999999,TRUE,TRUE
participant_0165,AI-non-white,20,90,18,2.42115,23,91.30434782608695,21,2.438042857142857,TRUE,TRUE
participant_0166,AI-non-white,25,88,22,2.7455772727272727,28,89.28571428571429,25,2.616532,TRUE,TRUE
participant_0167,AI-non-white,28,96.42857142857143,27,2.220611111111111,31,96.7741935483871,30,2.227193333333333,TRUE,TRUE
participant_0168,AI-non-white,26,88.46153846153845,23,1.4240478260869565,28,89.28571428571429,25,1.547464,TRUE,TRUE
participant_0169,AI-non-white,21,76.19047619047619,16,1.6515437499999999,24,79.16666666666666,19,1.568278947368421,TRUE,TRUE
participant_0170,AI-non-white,26,88.46153846153845,23,2.403865217391304,28,89.28571428571429,25,2.3351480000000002,TRUE,TRUE
participant_0171,AI-non-white,21,85.71428571428571,18,2.101888888888889,24,87.5,21,2.225142857142857,TRUE,TRUE
participant_0172,AI-non-white,21,95.23809523809523,20,2.377405,25,96,24,2.3496625,TRUE,TRUE
participant_0173,AI-non-white,16,87.5,14,1.8309285714285715,20,90,18,1.8063888888888888,TRUE,TRUE
participant_0174,AI-non-white,21,61.904761904761905,13,3.062076923076923,28,71.42857142857143,20,2.4804,TRUE,TRUE
participant_0175,AI-non-white,24,79.16666666666666,19,3.4223684210526315,24,79.16666666666666,19,3.4223684210526315,TRUE,TRUE
participant_0176,AI-non-white,18,88.88888888888889,16,2.2562625,22,90.9090909090909,20,2.2934550000000002,TRUE,TRUE
participant_0177,AI-non-white,21,90.47619047619048,19,2.4842789473684213,27,92.5925925925926,25,2.2589040000000002,TRUE,TRUE
participant_0178,AI-non-white,26,42.30769230769231,11,1.7585090909090908,28,42.857142857142854,12,1.944525,TRUE,TRUE
participant_0179,AI-non-white,25,88,22,2.193331818181818,28,89.28571428571429,25,2.110736,TRUE,TRUE
participant_0180,AI-non-white,24,79.16666666666666,19,2.6092526315789475,27,81.48148148148148,22,2.4399818181818183,TRUE,TRUE
participant_0181,AI-non-white,20,85,17,4.525294117647059,21,85.71428571428571,18,4.480888888888889,TRUE,TRUE
participant_0182,AI-non-white,26,73.07692307692307,19,1.790178947368421,30,76.66666666666667,23,1.855904347826087,TRUE,TRUE
participant_0183,AI-non-white,22,72.72727272727273,16,1.85406875,27,77.77777777777779,21,1.7909380952380953,TRUE,TRUE
participant_0184,AI-non-white,23,78.26086956521739,18,1.6573166666666668,27,81.48148148148148,22,1.6325772727272727,TRUE,TRUE
participant_0185,AI-non-white,22,77.27272727272727,17,2.2427941176470587,26,80.76923076923077,21,2.1606714285714284,TRUE,TRUE
participant_0186,AI-non-white,15,86.66666666666667,13,3.3188692307692307,21,90.47619047619048,19,2.8761947368421055,TRUE,TRUE
participant_0187,AI-non-white,23,100,23,1.9069826086956523,30,100,30,2.03589,TRUE,TRUE
participant_0188,AI-non-white,18,94.44444444444444,17,1.9296882352941176,19,94.73684210526315,18,1.8911055555555556,TRUE,TRUE
participant_0189,AI-non-white,19,94.73684210526315,18,6.781205555555555,24,95.83333333333334,23,6.418191304347826,TRUE,TRUE
participant_0190,AI-non-white,25,80,20,4.12163,29,82.75862068965517,24,3.9029083333333334,TRUE,TRUE
participant_0191,AI-non-white,24,87.5,21,2.111738095238095,27,88.88888888888889,24,2.0679458333333334,TRUE,TRUE
participant_0192,AI-non-white,28,78.57142857142857,22,2.4148363636363634,33,81.81818181818183,27,2.195525925925926,TRUE,TRUE
participant_0193,AI-non-white,29,89.65517241379311,26,2.1215,35,91.42857142857143,32,2.058534375,TRUE,TRUE
participant_0194,AI-non-white,21,90.47619047619048,19,3.413605263157895,26,92.3076923076923,24,3.1764625,TRUE,TRUE
participant_0195,AI-non-white,22,59.09090909090909,13,2.3590769230769233,27,66.66666666666666,18,2.765111111111111,TRUE,TRUE
participant_0196,AI-non-white,18,83.33333333333334,15,3.1296666666666666,21,80.95238095238095,17,3.4228823529411767,TRUE,TRUE
participant_0197,AI-non-white,16,68.75,11,2.5494090909090907,19,73.68421052631578,14,2.4502357142857143,TRUE,TRUE
participant_0198,AI-non-white,25,88,22,2.753368181818182,29,89.65517241379311,26,2.6098423076923076,TRUE,TRUE
participant_0199,AI-non-white,28,85.71428571428571,23,5.506165217391304,30,86.66666666666667,25,5.19586,TRUE,TRUE
participant_0200,AI-non-white,19,78.94736842105263,15,1.79152,24,83.33333333333334,20,1.800105,TRUE,TRUE
participant_0201,AI-non-white,26,96.15384615384616,25,2.498344,27,96.29629629629629,26,2.458223076923077,TRUE,TRUE
participant_0202,AI-non-white,20,100,20,1.995145,25,100,25,1.870924,TRUE,TRUE
participant_0203,AI-non-white,26,76.92307692307693,20,4.02817,30,76.66666666666667,23,4.099847826086957,TRUE,TRUE
participant_0204,AI-non-white,28,92.85714285714286,26,2.191853846153846,35,91.42857142857143,32,2.09729375,TRUE,TRUE
participant_0205,AI-non-white,31,96.7741935483871,29,7.5533586206896555,38,94.73684210526315,34,6.941979411764706,TRUE,TRUE
participant_0206,AI-non-white,20,90,17,4.809652941176471,28,85.71428571428571,23,4.97895652173913,TRUE,TRUE
participant_0207,AI-non-white,24,54.166666666666664,13,2.3112846153846154,26,53.84615384615385,14,2.2583214285714286,TRUE,TRUE
participant_0208,AI-non-white,21,80.95238095238095,17,3.702929411764706,27,85.18518518518519,23,3.8255347826086954,TRUE,TRUE
participant_0209,AI-non-white,30,90,27,2.511337037037037,35,91.42857142857143,32,2.403359375,TRUE,TRUE
participant_0210,AI-non-white,26,80.76923076923077,21,2.599957142857143,28,82.14285714285714,23,2.5120565217391304,TRUE,TRUE
participant_0211,AI-non-white,28,85.71428571428571,24,4.556683333333333,32,87.5,28,4.187375,TRUE,TRUE
participant_0212,AI-non-white,22,90.9090909090909,20,2.16812,24,91.66666666666666,22,2.101459090909091,TRUE,TRUE
participant_0213,AI-non-white,25,84,21,2.668409523809524,28,85.71428571428571,24,2.6464625,TRUE,TRUE
participant_0214,AI-non-white,32,81.25,26,3.145380769230769,37,83.78378378378379,31,2.9960193548387095,TRUE,TRUE
participant_0215,AI-non-white,29,82.75862068965517,24,2.7674708333333333,33,84.84848484848484,28,2.683367857142857,TRUE,TRUE
participant_0216,AI-non-white,20,90,18,3.394222222222222,24,91.66666666666666,22,3.4127727272727273,TRUE,TRUE
participant_0217,AI-non-white,28,85.71428571428571,24,2.5838208333333332,33,87.87878787878788,29,2.6731724137931034,TRUE,TRUE
participant_0218,AI-non-white,25,84,21,2.4462333333333333,27,85.18518518518519,23,2.393308695652174,TRUE,TRUE
participant_0219,AI-non-white,23,95.65217391304348,21,3.167895238095238,28,96.42857142857143,26,3.219853846153846,TRUE,TRUE
participant_0220,AI-non-white,26,88.46153846153845,23,1.5742521739130435,28,89.28571428571429,25,1.629752,TRUE,TRUE
participant_0221,AI-non-white,22,81.81818181818183,18,1.7337777777777779,28,85.71428571428571,24,1.768375,TRUE,TRUE
participant_0222,AI-non-white,24,87.5,20,4.13345,27,88.88888888888889,23,4.222347826086956,TRUE,TRUE
participant_0223,AI-non-white,17,94.11764705882352,16,2.5341875,20,95,19,3.8253894736842105,TRUE,TRUE
participant_0225,AI-non-white,27,92.5925925925926,25,2.366092,32,93.75,30,2.37905,TRUE,TRUE
participant_0226,AI-non-white,28,89.28571428571429,25,1.393732,28,89.28571428571429,25,1.393732,TRUE,TRUE
participant_0227,AI-non-white,32,90.625,29,1.7550827586206896,34,91.17647058823529,31,1.7766967741935484,TRUE,TRUE
participant_0228,AI-non-white,29,93.10344827586206,27,1.7453518518518518,34,94.11764705882352,32,1.6949281250000001,TRUE,TRUE
participant_0229,AI-non-white,25,84,21,2.6616476190476193,27,81.48148148148148,22,2.6336909090909093,TRUE,TRUE
participant_0230,AI-non-white,22,95.45454545454545,21,3.6451904761904763,29,96.55172413793103,28,3.444842857142857,TRUE,TRUE
participant_0231,AI-non-white,28,92.85714285714286,26,1.8045807692307692,34,88.23529411764706,30,1.8504866666666666,TRUE,TRUE
participant_0232,AI-non-white,23,91.30434782608695,21,2.6595238095238094,26,92.3076923076923,24,2.5603666666666665,TRUE,TRUE
participant_0233,AI-non-white,30,93.33333333333333,28,2.254857142857143,33,93.93939393939394,31,2.184064516129032,TRUE,TRUE
participant_0234,AI-non-white,24,91.66666666666666,22,2.108681818181818,27,92.5925925925926,25,2.09104,TRUE,TRUE
participant_0235,AI-non-white,27,88.88888888888889,24,2.440366666666667,28,89.28571428571429,25,2.399016,TRUE,TRUE
participant_0236,AI-non-white,24,75,18,1.6029833333333332,31,80.64516129032258,25,1.645148,TRUE,TRUE
participant_0237,AI-non-white,23,73.91304347826086,17,1.6304117647058824,27,77.77777777777779,21,1.5623285714285715,TRUE,TRUE
participant_0238,AI-non-white,19,94.73684210526315,18,3.6580222222222223,24,95.83333333333334,23,3.4233956521739133,TRUE,TRUE
participant_0239,AI-non-white,26,92.3076923076923,24,1.7002083333333333,29,93.10344827586206,27,1.674925925925926,TRUE,TRUE
participant_0240,AI-non-white,31,90.32258064516128,28,2.484525,35,91.42857142857143,32,2.458340625,TRUE,TRUE
participant_0241,AI-non-white,20,85,17,3.732764705882353,27,88.88888888888889,24,3.947791666666667,TRUE,TRUE
participant_0242,AI-non-white,23,73.91304347826086,17,2.075,26,76.92307692307693,20,1.96715,TRUE,TRUE
participant_0243,AI-non-white,25,88,22,2.460909090909091,27,88.88888888888889,24,2.3885,TRUE,TRUE
participant_0244,AI-non-white,25,92,23,2.8855826086956524,28,92.85714285714286,26,3.286407692307692,TRUE,TRUE
participant_0245,AI-non-white,24,87.5,21,1.9799952380952381,30,73.33333333333333,22,2.0484272727272725,TRUE,TRUE
participant_0246,AI-non-white,29,68.96551724137932,20,1.96873,31,70.96774193548387,22,1.975,TRUE,TRUE
participant_0247,AI-non-white,25,96,24,2.2708833333333334,32,93.75,30,2.1953133333333334,TRUE,TRUE
participant_0248,AI-non-white,26,96.15384615384616,23,3.2265130434782607,29,96.55172413793103,26,3.6630115384615385,TRUE,TRUE
participant_0249,AI-non-white,32,84.375,27,2.955033333333333,35,85.71428571428571,30,2.8945366666666668,TRUE,TRUE
participant_0250,AI-non-white,18,83.33333333333334,15,3.1383533333333333,26,88.46153846153845,23,3.1456347826086954,TRUE,TRUE
participant_0251,AI-non-white,28,85.71428571428571,24,2.518975,29,86.20689655172413,25,2.513724,TRUE,TRUE
participant_0252,AI-non-white,23,100,23,1.9413565217391304,25,96,24,2.020220833333333,TRUE,TRUE
participant_0253,AI-non-white,21,90.47619047619048,19,4.499052631578947,24,91.66666666666666,22,4.414181818181818,TRUE,TRUE
participant_0254,AI-non-white,25,84,19,6.1552842105263155,27,85.18518518518519,21,5.734219047619048,TRUE,TRUE
participant_0255,AI-non-white,20,80,16,2.32155625,28,82.14285714285714,23,2.614982608695652,TRUE,TRUE
participant_0256,AI-non-white,26,84.61538461538461,22,3.2446227272727275,28,85.71428571428571,24,3.157779166666667,TRUE,TRUE
participant_0257,AI-non-white,24,95.83333333333334,23,2.7090434782608694,29,96.55172413793103,28,2.810035714285714,TRUE,TRUE
participant_0258,AI-non-white,21,85.71428571428571,18,1.797611111111111,28,89.28571428571429,25,1.7796,TRUE,TRUE
participant_0259,AI-non-white,21,90.47619047619048,19,1.6952631578947368,27,92.5925925925926,25,1.60852,TRUE,TRUE
participant_0260,AI-non-white,21,85.71428571428571,18,4.069911111111111,23,86.95652173913044,20,3.86752,TRUE,TRUE
participant_0262,AI-non-white,28,96.42857142857143,27,2.2586296296296298,33,96.96969696969697,32,2.19028125,TRUE,TRUE
participant_0263,AI-non-white,22,86.36363636363636,17,5.408135294117647,26,88.46153846153845,21,5.857785714285715,TRUE,TRUE
participant_0264,AI-non-white,24,95.83333333333334,23,2.3816347826086957,32,96.875,31,2.671758064516129,TRUE,TRUE
participant_0265,AI-non-white,25,88,22,2.1395545454545455,32,90.625,29,2.0465379310344827,TRUE,TRUE
participant_0266,AI-non-white,23,82.6086956521739,19,3.2458105263157893,30,86.66666666666667,26,3.3065884615384618,TRUE,TRUE
participant_0267,AI-non-white,21,90.47619047619048,17,6.292370588235294,26,92.3076923076923,22,5.531513636363637,TRUE,TRUE
participant_0268,AI-non-white,25,92,23,3.8327782608695653,27,92.5925925925926,25,3.7924,TRUE,TRUE
participant_0269,AI-non-white,23,95.65217391304348,22,2.7359181818181817,29,96.55172413793103,28,2.7073178571428573,TRUE,TRUE
participant_0270,AI-non-white,20,90,18,2.0975555555555556,23,91.30434782608695,21,2.0582285714285713,TRUE,TRUE
participant_0271,AI-non-white,30,96.66666666666667,29,1.6767827586206896,32,96.875,31,1.6697064516129032,TRUE,TRUE
participant_0272,AI-non-white,22,77.27272727272727,17,3.503141176470588,30,83.33333333333334,25,3.600032,TRUE,TRUE
participant_0273,AI-non-white,17,94.11764705882352,16,1.8771375000000001,23,91.30434782608695,21,1.9025476190476192,TRUE,TRUE
participant_0274,AI-non-white,20,90,18,1.9531666666666667,24,91.66666666666666,22,1.8697272727272727,TRUE,TRUE
participant_0275,AI-non-white,25,84,21,4.142666666666667,30,86.66666666666667,25,4.20744,TRUE,TRUE
participant_0276,AI-non-white,28,85.71428571428571,24,2.0540041666666666,31,87.09677419354838,27,2.0238555555555555,TRUE,TRUE
participant_0277,AI-non-white,20,90,18,2.3707944444444444,23,91.30434782608695,21,2.5233761904761907,TRUE,TRUE
participant_0278,AI-non-white,23,91.30434782608695,21,2.731047619047619,30,93.33333333333333,28,2.6489285714285713,TRUE,TRUE
participant_0279,AI-non-white,17,94.11764705882352,16,2.2125624999999998,18,94.44444444444444,17,2.1598529411764704,TRUE,TRUE
participant_0280,AI-non-white,24,91.66666666666666,22,3.663890909090909,27,92.5925925925926,25,3.401844,TRUE,TRUE
participant_0281,AI-non-white,21,85.71428571428571,18,2.821816666666667,25,88,22,3.296727272727273,TRUE,TRUE
participant_0282,AI-non-white,18,94.44444444444444,17,2.1589411764705884,23,95.65217391304348,22,2.148090909090909,TRUE,TRUE
participant_0283,AI-non-white,27,74.07407407407408,20,3.626035,31,77.41935483870968,24,3.4960416666666667,TRUE,TRUE
participant_0284,AI-non-white,19,100,19,2.661536842105263,26,100,26,2.3658653846153848,TRUE,TRUE
participant_0285,AI-non-white,15,86.66666666666667,13,2.594346153846154,19,89.47368421052632,17,2.5482117647058824,TRUE,TRUE
participant_0286,AI-non-white,15,100,15,2.0204666666666666,18,100,18,2.007222222222222,TRUE,TRUE
participant_0287,AI-non-white,21,90.47619047619048,19,1.7692631578947369,26,92.3076923076923,24,1.8736666666666666,TRUE,TRUE
participant_0288,AI-non-white,28,92.85714285714286,26,2.317046153846154,30,93.33333333333333,28,2.2847607142857145,TRUE,TRUE
participant_0289,AI-non-white,20,100,20,2.12971,26,100,26,2.3066884615384615,TRUE,TRUE
participant_0290,AI-non-white,22,86.36363636363636,18,3.5507944444444446,27,88.88888888888889,23,3.280121739130435,TRUE,TRUE
participant_0291,AI-non-white,22,90.9090909090909,20,2.2127,27,92.5925925925926,25,2.08736,TRUE,TRUE
participant_0292,AI-non-white,23,60.86956521739131,14,1.9588214285714287,28,64.28571428571429,18,1.8168666666666669,TRUE,TRUE
participant_0293,AI-non-white,25,92,23,2.226304347826087,28,92.85714285714286,26,2.1779615384615383,TRUE,TRUE
participant_0294,AI-non-white,25,80,20,2.122,32,84.375,27,1.9144074074074073,TRUE,TRUE
participant_0295,AI-non-white,23,95.65217391304348,22,3.1176227272727273,24,95.83333333333334,23,3.1590521739130435,TRUE,TRUE
participant_0296,AI-non-white,25,92,23,2.2462260869565216,27,92.5925925925926,25,2.211604,TRUE,TRUE
participant_0297,AI-non-white,24,79.16666666666666,19,4.674473684210526,27,81.48148148148148,22,4.677590909090909,TRUE,TRUE
participant_0298,AI-non-white,24,91.66666666666666,22,4.2043681818181815,26,92.3076923076923,24,4.226979166666666,TRUE,TRUE
participant_0309,AI-non-white,15,86.66666666666667,13,1.1092307692307692,18,83.33333333333334,15,1.1753933333333333,TRUE,TRUE
participant_0314,AI-non-white,25,72,18,2.436688888888889,28,75,21,2.293490476190476,TRUE,TRUE
participant_0332,AI-non-white,22,100,22,2.958727272727273,26,100,26,2.7817307692307693,TRUE,TRUE
participant_0341,AI-non-white,5,100,5,1.8403999999999998,6,100,6,1.84235,FALSE,TRUE
participant_0342,AI-non-white,26,76.92307692307693,20,3.065985,31,77.41935483870968,24,2.925375,TRUE,TRUE
participant_0347,AI-non-white,22,45.45454545454545,8,4.06125,24,50,10,3.69829,TRUE,TRUE
participant_0349,AI-non-white,25,88,22,3.818790909090909,26,88.46153846153845,23,3.806104347826087,TRUE,TRUE
participant_0352,AI-non-white,18,88.88888888888889,16,3.3247875,20,85,17,3.3887470588235296,TRUE,TRUE
participant_0358,AI-non-white,27,85.18518518518519,23,1.9183,33,87.87878787878788,29,1.898948275862069,TRUE,TRUE
participant_0366,AI-non-white,16,68.75,10,3.99951,20,75,14,4.226942857142857,TRUE,TRUE
participant_0368,AI-non-white,34,100,34,2.105364705882353,37,100,37,2.1182405405405405,TRUE,TRUE
participant_0376,AI-non-white,31,90.32258064516128,28,3.7192107142857145,33,90.9090909090909,30,3.649566666666667,TRUE,TRUE
participant_0377,AI-non-white,27,88.88888888888889,24,1.9575833333333335,31,90.32258064516128,28,1.9010357142857144,TRUE,TRUE
participant_0379,AI-non-white,18,88.88888888888889,16,3.72820625,21,90.47619047619048,19,3.492594736842105,TRUE,TRUE
participant_0381,AI-non-white,22,81.81818181818183,18,2.8370944444444444,25,84,21,2.673419047619048,TRUE,TRUE
participant_0384,AI-non-white,24,87.5,21,4.934952380952381,29,89.65517241379311,26,4.871269230769231,TRUE,TRUE
participant_0386,AI-non-white,21,76.19047619047619,16,6.537325,25,80,20,5.9194,TRUE,TRUE
participant_0392,AI-non-white,24,91.66666666666666,22,2.7815772727272727,33,93.93939393939394,31,2.7602129032258063,TRUE,TRUE
participant_0394,AI-non-white,26,88.46153846153845,23,3.263013043478261,28,89.28571428571429,25,3.13708,TRUE,TRUE
participant_0400,AI-non-white,22,90.9090909090909,20,2.9937,30,93.33333333333333,28,2.7654535714285715,TRUE,TRUE
participant_0401,AI-non-white,22,86.36363636363636,19,2.2734736842105265,28,89.28571428571429,25,2.193268,TRUE,TRUE
participant_0406,AI-non-white,24,100,24,1.6727083333333332,34,100,34,1.6412764705882352,TRUE,TRUE
participant_0407,AI-non-white,24,25,6,1.6167666666666667,29,34.48275862068966,10,2.04157,TRUE,TRUE
participant_0408,AI-non-white,21,90.47619047619048,19,2.983084210526316,25,92,23,2.769478260869565,TRUE,TRUE
participant_0409,AI-non-white,23,95.65217391304348,22,1.762990909090909,31,90.32258064516128,28,1.8101857142857143,TRUE,TRUE
participant_0410,AI-non-white,27,85.18518518518519,23,2.090995652173913,28,85.71428571428571,24,2.1188625,TRUE,TRUE
participant_0411,AI-non-white,27,96.29629629629629,26,2.2996576923076923,30,96.66666666666667,29,2.2576275862068966,TRUE,TRUE
participant_0412,AI-non-white,19,89.47368421052632,17,2.405505882352941,25,92,23,2.3172782608695655,TRUE,TRUE
participant_0413,AI-non-white,22,81.81818181818183,18,3.00285,25,84,21,2.8839190476190475,TRUE,TRUE
participant_0414,AI-non-white,22,95.45454545454545,21,1.863009523809524,26,96.15384615384616,25,1.805064,TRUE,TRUE
participant_0415,AI-non-white,20,5,0,,29,3.4482758620689653,0,,TRUE,FALSE
participant_0416,AI-non-white,24,95.83333333333334,23,1.8574826086956522,28,96.42857142857143,27,1.8394185185185186,TRUE,TRUE
participant_0417,AI-non-white,25,80,20,2.021135,28,82.14285714285714,23,1.9647391304347825,TRUE,TRUE
participant_0418,AI-non-white,21,90.47619047619048,19,3.839621052631579,23,91.30434782608695,21,3.661114285714286,TRUE,TRUE
participant_0419,AI-non-white,26,96.15384615384616,25,1.7267759999999999,29,96.55172413793103,28,1.7273821428571428,TRUE,TRUE
participant_0420,AI-non-white,27,77.77777777777779,21,1.8365714285714285,29,79.3103448275862,23,1.8880217391304348,TRUE,TRUE
participant_0421,AI-non-white,26,96.15384615384616,25,2.751236,33,96.96969696969697,32,2.549065625,TRUE,TRUE
participant_0422,AI-non-white,33,63.63636363636363,21,3.3439,37,67.56756756756756,25,3.22302,TRUE,TRUE
participant_0423,AI-non-white,12,66.66666666666666,8,2.607525,14,71.42857142857143,10,2.37448,TRUE,TRUE
participant_0424,AI-non-white,23,60.86956521739131,14,1.9572785714285714,28,60.71428571428571,17,2.1475470588235295,TRUE,TRUE
participant_0425,AI-non-white,25,76,19,2.441715789473684,27,77.77777777777779,21,2.3234761904761903,TRUE,TRUE
participant_0426,AI-non-white,17,76.47058823529412,13,3.176269230769231,17,76.47058823529412,13,3.176269230769231,TRUE,TRUE
participant_0427,AI-non-white,24,79.16666666666666,19,2.061321052631579,28,82.14285714285714,23,1.9558347826086957,TRUE,TRUE
participant_0428,AI-non-white,18,88.88888888888889,16,2.61449375,26,92.3076923076923,24,2.4630083333333332,TRUE,TRUE
participant_0429,AI-non-white,25,92,23,2.2313043478260868,28,92.85714285714286,26,2.148626923076923,TRUE,TRUE
participant_0430,AI-non-white,24,83.33333333333334,20,2.016325,30,86.66666666666667,26,1.8924423076923078,TRUE,TRUE
participant_0431,AI-non-white,23,91.30434782608695,21,2.832642857142857,29,93.10344827586206,27,2.7968592592592594,TRUE,TRUE
participant_0432,AI-non-white,20,95,19,3.0164842105263157,22,95.45454545454545,21,2.926447619047619,TRUE,TRUE
participant_0433,AI-non-white,28,100,28,3.1460285714285714,29,100,29,3.101348275862069,TRUE,TRUE
participant_0434,AI-non-white,25,88,22,2.97985,27,88.88888888888889,24,2.913075,TRUE,TRUE
participant_0435,AI-non-white,21,100,21,3.762219047619048,25,100,25,4.083664,TRUE,TRUE
participant_0436,AI-non-white,28,96.42857142857143,27,6.2864962962962965,30,96.66666666666667,29,6.224217241379311,TRUE,TRUE
participant_0437,AI-non-white,29,72.41379310344827,21,2.018047619047619,32,75,24,1.9242,TRUE,TRUE
participant_0438,AI-non-white,22,45.45454545454545,10,3.0047099999999998,28,57.14285714285714,16,2.50416875,TRUE,TRUE
participant_0439,AI-non-white,28,82.14285714285714,23,1.844086956521739,32,84.375,27,1.8697407407407407,TRUE,TRUE
participant_0440,AI-non-white,31,83.87096774193549,26,3.0569,36,86.11111111111111,31,2.8773290322580647,TRUE,TRUE
participant_0441,AI-non-white,16,100,16,3.243575,19,94.73684210526315,18,3.1966944444444443,TRUE,TRUE
participant_0442,AI-non-white,30,76.66666666666667,23,2.5888695652173914,31,77.41935483870968,24,2.5532083333333335,TRUE,TRUE
participant_0443,AI-non-white,25,92,23,2.327960869565217,31,93.54838709677419,29,2.2524241379310346,TRUE,TRUE
participant_0444,AI-non-white,29,82.75862068965517,24,2.018875,32,75,24,2.018875,TRUE,TRUE
participant_0445,AI-non-white,20,90,18,2.362477777777778,29,93.10344827586206,27,2.3045370370370373,TRUE,TRUE
participant_0446,AI-non-white,30,80,23,4.856295652173913,37,83.78378378378379,29,4.8341896551724135,TRUE,TRUE
participant_0447,AI-non-white,23,95.65217391304348,22,2.6474136363636362,24,95.83333333333334,23,2.5937652173913044,TRUE,TRUE
participant_0448,AI-non-white,23,91.30434782608695,20,1.87064,26,92.3076923076923,23,1.8087173913043477,TRUE,TRUE
participant_0449,AI-non-white,26,73.07692307692307,19,2.1547736842105265,28,75,21,2.8042857142857143,TRUE,TRUE
participant_0450,AI-non-white,23,82.6086956521739,19,1.893842105263158,25,84,21,1.8752857142857142,TRUE,TRUE
participant_0451,AI-non-white,30,96.66666666666667,29,3.401734482758621,35,97.14285714285714,34,3.4184058823529413,TRUE,TRUE
participant_0452,AI-non-white,25,76,19,1.8266947368421054,31,80.64516129032258,25,1.857312,TRUE,TRUE
participant_0453,AI-non-white,20,85,17,2.1592529411764705,23,86.95652173913044,20,2.041205,TRUE,TRUE
participant_0454,AI-non-white,22,9.090909090909092,2,0.89635,24,8.333333333333332,2,0.89635,TRUE,FALSE
participant_0455,AI-non-white,30,96.66666666666667,29,1.8553517241379311,34,97.05882352941177,33,1.9489969696969698,TRUE,TRUE
participant_0456,AI-non-white,24,70.83333333333334,16,4.08515,28,75,20,3.750565,TRUE,TRUE
participant_0457,AI-non-white,32,78.125,23,3.2421391304347824,35,80,26,3.748353846153846,TRUE,TRUE
participant_0458,AI-non-white,26,76.92307692307693,19,1.784878947368421,30,80,23,1.7624652173913045,TRUE,TRUE
participant_0459,AI-non-white,19,100,19,2.5648684210526316,22,100,22,2.45585,TRUE,TRUE
participant_0461,AI-non-white,23,86.95652173913044,20,2.91643,24,87.5,21,2.8419238095238093,TRUE,TRUE
participant_0462,AI-non-white,27,77.77777777777779,21,3.921704761904762,29,79.3103448275862,23,4.016469565217391,TRUE,TRUE
participant_0464,AI-non-white,20,70,14,2.662207142857143,23,73.91304347826086,17,2.4331470588235296,TRUE,TRUE
participant_0465,AI-non-white,28,75,21,2.2441857142857145,36,80.55555555555556,29,2.1494379310344827,TRUE,TRUE
participant_0466,AI-non-white,25,88,22,1.9137863636363637,29,89.65517241379311,26,1.9942615384615385,TRUE,TRUE
participant_0467,AI-non-white,22,90.9090909090909,20,1.93883,26,92.3076923076923,24,1.8830375,TRUE,TRUE
participant_0468,AI-non-white,22,95.45454545454545,21,2.166447619047619,28,96.42857142857143,27,2.183440740740741,TRUE,TRUE
participant_0469,AI-non-white,26,84.61538461538461,22,2.425927272727273,28,85.71428571428571,24,2.4591208333333334,TRUE,TRUE
participant_0470,AI-non-white,27,92.5925925925926,25,3.328272,34,94.11764705882352,32,3.107653125,TRUE,TRUE
participant_0471,AI-non-white,26,84.61538461538461,22,2.4470045454545453,30,86.66666666666667,26,2.3590576923076925,TRUE,TRUE
participant_0472,AI-non-white,26,84.61538461538461,22,2.5567545454545457,29,86.20689655172413,25,2.812836,TRUE,TRUE
participant_0473,AI-non-white,27,96.29629629629629,26,1.609953846153846,32,96.875,31,1.5985483870967743,TRUE,TRUE
participant_0474,AI-non-white,17,100,17,1.779294117647059,25,100,25,1.87716,TRUE,TRUE
participant_0475,AI-non-white,27,77.77777777777779,21,2.6682190476190475,33,81.81818181818183,27,2.5933925925925925,TRUE,TRUE
participant_0476,AI-non-white,27,70.37037037037037,19,3.758942105263158,28,71.42857142857143,20,3.754105,TRUE,TRUE
participant_0477,AI-non-white,26,84.61538461538461,22,1.8012636363636363,30,86.66666666666667,26,2.009507692307692,TRUE,TRUE
participant_0478,AI-non-white,25,88,22,2.4699227272727273,34,76.47058823529412,26,2.4714807692307694,TRUE,TRUE
participant_0479,AI-non-white,25,68,17,2.7899294117647058,32,75,24,2.6180583333333334,TRUE,TRUE
participant_0480,AI-non-white,23,100,23,2.683708695652174,26,100,26,2.6191769230769233,TRUE,TRUE
participant_0481,AI-non-white,24,75,18,1.9234722222222222,26,76.92307692307693,20,1.86886,TRUE,TRUE
participant_0482,AI-non-white,21,71.42857142857143,15,2.87332,23,69.56521739130434,16,2.91298125,TRUE,TRUE
participant_0483,AI-non-white,31,80.64516129032258,25,2.356176,35,82.85714285714286,29,2.2578241379310344,TRUE,TRUE
participant_0484,AI-non-white,25,96,23,3.1008695652173914,29,96.55172413793103,27,3.094592592592593,TRUE,TRUE
participant_0485,AI-non-white,27,88.88888888888889,24,1.5314125,30,90,27,1.6018555555555556,TRUE,TRUE
participant_0486,AI-non-white,19,94.73684210526315,18,2.2576944444444442,21,95.23809523809523,20,2.190655,TRUE,TRUE
participant_0487,AI-non-white,26,80.76923076923077,21,1.7014952380952382,31,83.87096774193549,26,1.67245,TRUE,TRUE
participant_0488,AI-non-white,26,88.46153846153845,21,2.327457142857143,30,90,25,2.311512,TRUE,TRUE
participant_0489,AI-non-white,18,100,18,1.8643611111111111,22,100,22,2.012740909090909,TRUE,TRUE
participant_0490,AI-non-white,20,100,20,2.05161,27,96.29629629629629,26,1.9804461538461537,TRUE,TRUE
participant_0491,AI-non-white,28,82.14285714285714,23,2.2933478260869564,31,83.87096774193549,26,2.2233846153846155,TRUE,TRUE
participant_0492,AI-non-white,21,76.19047619047619,16,2.15125,23,78.26086956521739,18,2.107611111111111,TRUE,TRUE
participant_0493,AI-non-white,23,91.30434782608695,21,2.9614285714285713,28,92.85714285714286,26,2.7729423076923077,TRUE,TRUE
participant_0494,AI-non-white,29,100,29,2.4290758620689656,31,100,31,2.471035483870968,TRUE,TRUE
participant_0495,AI-non-white,24,75,18,2.681277777777778,26,73.07692307692307,19,2.7617368421052633,TRUE,TRUE
participant_0496,AI-non-white,21,95.23809523809523,20,1.58388,25,96,24,1.6512583333333333,TRUE,TRUE
participant_0497,AI-non-white,24,95.83333333333334,23,1.9499565217391304,26,96.15384615384616,25,1.913064,TRUE,TRUE
participant_0498,AI-non-white,29,79.3103448275862,23,4.474782608695652,33,81.81818181818183,27,4.780655555555556,TRUE,TRUE
participant_0500,AI-non-white,22,90.9090909090909,20,1.8562,26,92.3076923076923,24,1.9964791666666666,TRUE,TRUE
participant_0501,AI-non-white,28,100,28,2.5649607142857143,31,100,31,2.5637322580645163,TRUE,TRUE
participant_0502,AI-non-white,21,100,21,2.1084619047619046,26,100,26,1.963623076923077,TRUE,TRUE
participant_0503,AI-non-white,26,80.76923076923077,21,2.643995238095238,28,82.14285714285714,23,2.5911478260869565,TRUE,TRUE
participant_0504,AI-non-white,32,84.375,26,3.712430769230769,33,84.84848484848484,27,3.6440555555555556,TRUE,TRUE
participant_0505,AI-non-white,28,92.85714285714286,26,2.433423076923077,28,92.85714285714286,26,2.433423076923077,TRUE,TRUE
participant_0507,AI-non-white,31,96.7741935483871,30,1.85415,32,96.875,31,1.8348129032258065,TRUE,TRUE
participant_0508,AI-non-white,23,91.30434782608695,21,2.2335761904761906,27,92.5925925925926,25,2.203352,TRUE,TRUE
participant_0509,AI-non-white,33,78.78787878787878,26,3.204642307692308,37,81.08108108108108,30,3.1024666666666665,TRUE,TRUE
participant_0510,AI-non-white,20,85,17,1.8265941176470588,28,89.28571428571429,25,1.670904,TRUE,TRUE
participant_0511,AI-non-white,24,87.5,21,3.8835714285714285,27,88.88888888888889,24,3.703675,TRUE,TRUE
participant_0512,AI-non-white,25,92,23,2.845504347826087,31,93.54838709677419,29,2.7668689655172414,TRUE,TRUE
participant_0513,AI-non-white,27,88.88888888888889,24,3.3634375,31,90.32258064516128,28,3.2785571428571427,TRUE,TRUE
participant_0514,AI-non-white,21,90.47619047619048,19,2.4343736842105264,25,92,23,2.6543869565217393,TRUE,TRUE
participant_0515,AI-non-white,22,54.54545454545454,12,2.0649083333333333,24,58.333333333333336,14,1.9811357142857142,TRUE,TRUE
participant_0516,AI-non-white,24,87.5,21,2.324614285714286,31,90.32258064516128,28,2.359132142857143,TRUE,TRUE
participant_0517,AI-non-white,27,88.88888888888889,24,1.7454833333333333,32,87.5,28,1.7427285714285714,TRUE,TRUE
participant_0518,AI-non-white,21,80.95238095238095,17,1.7121,24,83.33333333333334,20,1.76403,TRUE,TRUE
participant_0519,AI-non-white,21,71.42857142857143,15,1.904,26,76.92307692307693,20,1.79147,TRUE,TRUE
participant_0520,AI-non-white,25,88,22,1.6712181818181817,31,90.32258064516128,28,1.5645,TRUE,TRUE
participant_0522,AI-non-white,25,80,20,1.118555,28,82.14285714285714,23,1.1623608695652174,TRUE,TRUE
participant_0523,AI-non-white,21,85.71428571428571,18,1.7437222222222222,25,84,21,1.8138095238095238,TRUE,TRUE
participant_0524,AI-non-white,22,90.9090909090909,20,1.965,24,91.66666666666666,22,2.1347727272727273,TRUE,TRUE
participant_0525,AI-non-white,20,75,15,2.564,25,80,20,2.4842,TRUE,TRUE
participant_0526,AI-non-white,25,76,19,2.854836842105263,32,81.25,26,2.6594846153846152,TRUE,TRUE
participant_0527,AI-non-white,30,93.33333333333333,28,1.9348678571428573,35,94.28571428571428,33,1.9324181818181818,TRUE,TRUE
participant_0528,AI-non-white,24,100,23,4.607269565217392,26,100,24,4.513279166666667,TRUE,TRUE
participant_0529,AI-non-white,21,95.23809523809523,20,1.947805,25,96,24,1.8455666666666668,TRUE,TRUE
participant_0530,AI-non-white,24,91.66666666666666,22,2.595372727272727,28,92.85714285714286,26,2.6051038461538463,TRUE,TRUE
participant_0531,AI-non-white,20,70,14,2.420635714285714,23,73.91304347826086,17,2.333011764705882,TRUE,TRUE
participant_0532,AI-non-white,20,85,17,1.7958176470588234,24,83.33333333333334,20,1.80211,TRUE,TRUE
participant_0533,AI-non-white,27,88.88888888888889,24,2.3289583333333335,28,89.28571428571429,25,2.273156,TRUE,TRUE
participant_0534,AI-non-white,23,86.95652173913044,20,2.33619,27,85.18518518518519,23,2.3750478260869565,TRUE,TRUE
participant_0535,AI-non-white,19,84.21052631578947,16,2.40809375,24,87.5,21,2.3263238095238097,TRUE,TRUE
participant_0536,AI-non-white,23,78.26086956521739,18,2.435966666666667,26,80.76923076923077,21,2.388609523809524,TRUE,TRUE
participant_0537,AI-non-white,21,100,21,2.8794761904761903,27,100,27,2.6684074074074076,TRUE,TRUE
participant_0538,AI-non-white,25,100,25,3.150848,26,100,26,3.090707692307692,TRUE,TRUE
participant_0539,AI-non-white,22,95.45454545454545,21,2.336042857142857,26,96.15384615384616,25,2.380944,TRUE,TRUE
participant_0540,AI-non-white,25,80,20,2.10362,30,83.33333333333334,25,2.03354,TRUE,TRUE
participant_0541,AI-non-white,21,80.95238095238095,17,1.8960235294117647,25,84,21,2.0151142857142856,TRUE,TRUE
participant_0542,AI-non-white,22,90.9090909090909,20,2.86572,26,92.3076923076923,24,2.7563458333333335,TRUE,TRUE
participant_0543,AI-non-white,17,88.23529411764706,15,2.3466466666666665,20,90,18,2.4135666666666666,TRUE,TRUE
participant_0544,AI-non-white,20,85,17,2.8827000000000003,23,86.95652173913044,20,3.0646,TRUE,TRUE
participant_0545,AI-non-white,24,83.33333333333334,20,2.211465,29,86.20689655172413,25,2.1417159999999997,TRUE,TRUE
participant_0546,AI-non-white,18,94.44444444444444,17,1.9634,23,95.65217391304348,22,1.9019863636363636,TRUE,TRUE
participant_0547,AI-non-white,23,86.95652173913044,20,3.141745,25,88,22,3.031240909090909,TRUE,TRUE
participant_0548,AI-non-white,23,91.30434782608695,21,2.3726285714285713,25,88,22,2.400759090909091,TRUE,TRUE
participant_0549,AI-non-white,26,100,26,2.5462653846153844,27,100,27,2.508325925925926,TRUE,TRUE
participant_0550,AI-non-white,25,80,20,1.98971,27,81.48148148148148,22,1.9298863636363637,TRUE,TRUE
participant_0552,AI-non-white,18,88.88888888888889,16,2.3856812499999998,25,92,23,2.2053173913043476,TRUE,TRUE
participant_0553,AI-non-white,23,73.91304347826086,17,3.1041764705882353,25,76,19,3.033578947368421,TRUE,TRUE
participant_0554,AI-non-white,23,95.65217391304348,22,2.0383272727272725,31,96.7741935483871,30,2.002143333333333,TRUE,TRUE
participant_0555,AI-non-white,22,90.9090909090909,20,2.967195,29,93.10344827586206,27,2.667114814814815,TRUE,TRUE
participant_0556,AI-non-white,22,72.72727272727273,16,1.8883375,28,75,21,1.9080380952380953,TRUE,TRUE
participant_0557,AI-non-white,29,96.55172413793103,28,1.9089571428571428,31,96.7741935483871,30,1.8344066666666667,TRUE,TRUE
participant_0558,AI-non-white,30,100,30,2.6631066666666667,33,100,33,2.6480030303030304,TRUE,TRUE
participant_0559,AI-non-white,20,90,17,3.206294117647059,26,88.46153846153845,22,3.198,TRUE,TRUE
participant_0560,AI-non-white,22,68.18181818181817,15,1.6674133333333332,26,73.07692307692307,19,1.8010473684210526,TRUE,TRUE
participant_0561,AI-non-white,20,95,19,2.0373894736842106,27,96.29629629629629,26,1.8695192307692308,TRUE,TRUE
participant_0563,AI-non-white,20,90,18,2.992183333333333,23,91.30434782608695,21,3.0211190476190475,TRUE,TRUE
participant_0564,AI-non-white,20,100,20,2.893885,24,100,24,2.6465875,TRUE,TRUE
participant_0565,AI-non-white,27,92.5925925925926,25,3.80594,30,93.33333333333333,28,3.657825,TRUE,TRUE
participant_0566,AI-non-white,18,72.22222222222221,13,1.7512307692307691,22,77.27272727272727,17,1.6339000000000001,TRUE,TRUE
participant_0567,AI-non-white,22,90.9090909090909,20,1.996225,27,92.5925925925926,25,1.97564,TRUE,TRUE
participant_0568,AI-non-white,20,75,15,1.4444866666666667,22,77.27272727272727,17,1.5288,TRUE,TRUE
participant_0569,AI-non-white,21,66.66666666666666,14,2.1415357142857143,22,68.18181818181817,15,2.1520266666666665,TRUE,TRUE
participant_0570,AI-non-white,28,82.14285714285714,23,2.1678478260869567,34,85.29411764705883,29,2.202306896551724,TRUE,TRUE
participant_0571,AI-non-white,23,86.95652173913044,20,3.7939,23,86.95652173913044,20,3.7939,TRUE,TRUE
participant_0572,AI-non-white,20,85,17,1.9765705882352942,25,88,22,2.2358545454545453,TRUE,TRUE
participant_0573,AI-non-white,22,81.81818181818183,18,1.9812777777777777,28,85.71428571428571,24,2.0376250000000002,TRUE,TRUE
participant_0574,AI-non-white,24,87.5,21,1.6425714285714286,32,90.625,29,1.6096896551724138,TRUE,TRUE
participant_0575,AI-non-white,22,90.9090909090909,20,1.96933,26,92.3076923076923,24,1.8460541666666666,TRUE,TRUE
participant_0576,AI-non-white,29,79.3103448275862,23,2.3398391304347825,32,81.25,26,2.2631115384615383,TRUE,TRUE
participant_0577,AI-non-white,27,88.88888888888889,24,2.289083333333333,30,90,27,2.1914814814814814,TRUE,TRUE
participant_0578,AI-non-white,30,96.66666666666667,29,2.158848275862069,35,97.14285714285714,34,2.2517088235294116,TRUE,TRUE
participant_0580,AI-non-white,25,88,22,3.3690409090909093,27,88.88888888888889,24,3.4447666666666668,TRUE,TRUE
participant_0581,AI-non-white,19,84.21052631578947,16,2.86883125,23,86.95652173913044,20,2.987075,TRUE,TRUE
participant_0582,AI-non-white,26,96.15384615384616,25,2.387452,29,96.55172413793103,28,2.503942857142857,TRUE,TRUE
participant_0583,AI-non-white,20,95,19,3.1612105263157897,23,95.65217391304348,22,2.9825090909090908,TRUE,TRUE
participant_0584,AI-non-white,24,83.33333333333334,19,8.611521052631579,32,87.5,27,8.058222222222222,TRUE,TRUE
participant_0585,AI-non-white,24,91.66666666666666,22,2.828663636363636,28,92.85714285714286,26,2.7530923076923077,TRUE,TRUE
participant_0586,AI-non-white,25,84,21,1.9579047619047618,30,86.66666666666667,26,2.0143846153846154,TRUE,TRUE
participant_0587,AI-non-white,28,92.85714285714286,26,2.8627038461538463,31,93.54838709677419,29,2.7802103448275863,TRUE,TRUE
participant_0588,AI-non-white,17,94.11764705882352,16,2.4024437499999998,21,95.23809523809523,20,2.292005,TRUE,TRUE
participant_0589,AI-non-white,23,91.30434782608695,21,2.1167190476190476,28,92.85714285714286,26,2.053530769230769,TRUE,TRUE
participant_0590,AI-non-white,24,83.33333333333334,20,3.12789,27,85.18518518518519,23,2.9920478260869565,TRUE,TRUE
participant_0591,AI-non-white,28,92.85714285714286,26,4.501303846153847,33,93.93939393939394,31,4.221154838709677,TRUE,TRUE
participant_0592,AI-non-white,23,100,23,3.0372347826086954,28,100,28,3.0187,TRUE,TRUE
participant_0593,AI-non-white,24,95.83333333333334,23,2.227317391304348,28,96.42857142857143,27,2.2250888888888887,TRUE,TRUE
participant_0594,AI-non-white,20,75,15,1.6982266666666668,24,79.16666666666666,19,1.6245684210526317,TRUE,TRUE
participant_0595,AI-non-white,32,87.5,28,1.7451071428571427,36,88.88888888888889,32,1.7340625,TRUE,TRUE
participant_0596,AI-non-white,25,92,23,2.1608260869565217,31,93.54838709677419,29,2.072137931034483,TRUE,TRUE
participant_0597,AI-non-white,18,88.88888888888889,16,2.1758437500000003,26,92.3076923076923,24,2.174325,TRUE,TRUE
participant_0598,AI-non-white,27,85.18518518518519,23,1.8955347826086957,30,86.66666666666667,26,1.887573076923077,TRUE,TRUE
participant_0599,AI-non-white,23,100,23,3.1985,29,100,29,2.984696551724138,TRUE,TRUE
participant_0601,AI-non-white,25,100,25,2.533464,29,100,29,2.4464172413793106,TRUE,TRUE
participant_0602,AI-non-white,25,76,19,3.761221052631579,27,77.77777777777779,21,3.811142857142857,TRUE,TRUE
participant_0603,AI-non-white,20,75,15,1.6945933333333334,23,78.26086956521739,18,1.7280777777777778,TRUE,TRUE
participant_0604,AI-non-white,24,100,23,5.658173913043479,33,100,32,5.4871,TRUE,TRUE
participant_0605,AI-non-white,24,83.33333333333334,20,2.008705,28,85.71428571428571,24,2.0129,TRUE,TRUE
participant_0606,AI-non-white,24,95.83333333333334,22,3.686227272727273,27,96.29629629629629,25,3.4184,TRUE,TRUE
participant_0607,AI-non-white,26,65.38461538461539,16,2.7302375,34,73.52941176470588,24,2.5637958333333333,TRUE,TRUE
participant_0608,AI-non-white,33,84.84848484848484,28,2.19525,37,86.48648648648648,32,2.43671875,TRUE,TRUE
participant_0609,AI-non-white,24,83.33333333333334,20,1.5586,27,85.18518518518519,22,1.5178227272727272,TRUE,TRUE
participant_0610,AI-non-white,28,71.42857142857143,20,2.115875,34,73.52941176470588,25,2.3049239999999998,TRUE,TRUE
participant_0611,AI-non-white,29,75.86206896551724,22,3.5457045454545453,31,77.41935483870968,24,3.461175,TRUE,TRUE
participant_0612,AI-non-white,30,93.33333333333333,28,2.042767857142857,34,94.11764705882352,32,2.0106875,TRUE,TRUE
participant_0613,AI-non-white,25,88,22,1.7306272727272727,32,90.625,29,1.8255758620689655,TRUE,TRUE
participant_0614,AI-non-white,30,96.66666666666667,29,3.5393206896551725,34,97.05882352941177,33,3.7629333333333332,TRUE,TRUE
participant_0615,AI-non-white,19,100,19,2.200473684210526,22,100,22,2.195909090909091,TRUE,TRUE
participant_0616,AI-non-white,25,100,25,1.927216,30,100,30,2.0414066666666666,TRUE,TRUE
participant_0617,AI-non-white,34,82.35294117647058,28,2.4360464285714287,35,82.85714285714286,29,2.4169758620689654,TRUE,TRUE
participant_0618,AI-non-white,26,88.46153846153845,23,1.8131043478260869,31,90.32258064516128,28,1.799275,TRUE,TRUE
participant_0619,AI-non-white,30,90,26,1.8243346153846154,32,90.625,28,1.799332142857143,TRUE,TRUE
participant_0620,AI-non-white,21,95.23809523809523,19,4.694210526315789,23,95.65217391304348,21,4.856542857142857,TRUE,TRUE
participant_0621,AI-non-white,26,92.3076923076923,24,2.562895833333333,29,93.10344827586206,27,2.5167814814814813,TRUE,TRUE
participant_0622,AI-non-white,19,84.21052631578947,16,2.29865,28,89.28571428571429,25,2.099252,TRUE,TRUE
participant_0623,AI-non-white,20,70,14,2.95685,23,73.91304347826086,17,2.8364588235294117,TRUE,TRUE
participant_0624,AI-non-white,27,92.5925925925926,25,2.18894,31,90.32258064516128,28,2.1248642857142856,TRUE,TRUE
participant_0625,AI-non-white,26,92.3076923076923,24,2.291916666666667,28,92.85714285714286,26,2.260307692307692,TRUE,TRUE
participant_0626,AI-non-white,18,83.33333333333334,15,4.75072,25,88,22,4.42735,TRUE,TRUE
participant_0627,AI-non-white,25,84,21,2.1282809523809525,28,85.71428571428571,24,2.1134625,TRUE,TRUE
participant_0629,AI-non-white,19,100,19,2.3370263157894735,25,100,25,2.4342,TRUE,TRUE
participant_0631,AI-non-white,23,86.95652173913044,20,2.05418,26,88.46153846153845,23,2.0228565217391306,TRUE,TRUE
participant_0632,AI-non-white,28,89.28571428571429,25,2.33444,33,90.9090909090909,30,2.1882333333333333,TRUE,TRUE
participant_0633,AI-non-white,19,89.47368421052632,17,3.3395352941176473,24,91.66666666666666,22,3.0201636363636366,TRUE,TRUE
participant_0634,AI-non-white,29,89.65517241379311,26,2.5065423076923077,35,88.57142857142857,31,2.527032258064516,TRUE,TRUE
participant_0635,AI-non-white,21,85.71428571428571,18,2.225477777777778,24,87.5,21,2.284685714285714,TRUE,TRUE
participant_0636,AI-non-white,24,91.66666666666666,21,3.1117761904761903,26,92.3076923076923,23,2.9987434782608697,TRUE,TRUE
participant_0638,AI-non-white,23,73.91304347826086,17,2.858629411764706,27,77.77777777777779,21,2.7834190476190477,TRUE,TRUE
participant_0639,AI-non-white,22,90.9090909090909,20,2.70385,23,91.30434782608695,21,2.6925761904761907,TRUE,TRUE
participant_0640,AI-non-white,24,79.16666666666666,19,3.245768421052632,27,81.48148148148148,22,3.1798454545454544,TRUE,TRUE
participant_0641,AI-non-white,21,95.23809523809523,20,2.28712,23,95.65217391304348,22,2.219231818181818,TRUE,TRUE
participant_0642,AI-non-white,25,100,25,2.892296,31,100,31,2.797945161290323,TRUE,TRUE
participant_0643,AI-non-white,20,80,16,3.8707937500000003,24,83.33333333333334,20,3.58195,TRUE,TRUE
participant_0644,AI-non-white,22,86.36363636363636,19,2.2516210526315787,25,88,22,2.1839136363636364,TRUE,TRUE
participant_0645,AI-non-white,19,84.21052631578947,16,3.00985,23,86.95652173913044,20,2.84134,TRUE,TRUE
participant_0646,AI-non-white,26,92.3076923076923,24,3.016033333333333,33,93.93939393939394,31,2.9056032258064515,TRUE,TRUE
participant_0647,AI-non-white,22,100,22,2.554381818181818,25,100,25,2.543288,TRUE,TRUE
participant_0648,AI-non-white,28,92.85714285714286,24,4.6887875,32,93.75,28,4.590767857142858,TRUE,TRUE
participant_0649,AI-non-white,22,95.45454545454545,21,1.7952190476190475,25,96,24,1.726375,TRUE,TRUE
participant_0651,AI-non-white,27,74.07407407407408,20,1.9419199999999999,30,73.33333333333333,22,2.020436363636364,TRUE,TRUE
participant_0652,AI-non-white,22,63.63636363636363,14,2.2579214285714286,26,65.38461538461539,17,2.116464705882353,TRUE,TRUE
participant_0653,AI-non-white,26,96.15384615384616,25,2.227092,31,96.7741935483871,30,2.253286666666667,TRUE,TRUE
participant_0654,AI-non-white,24,87.5,18,3.4732833333333333,30,90,24,3.332691666666667,TRUE,TRUE
participant_0655,AI-non-white,29,72.41379310344827,16,3.3644,33,75.75757575757575,20,3.32733,TRUE,TRUE
participant_0656,AI-non-white,23,91.30434782608695,20,3.9495500000000003,28,92.85714285714286,25,3.94468,TRUE,TRUE
participant_0657,AI-non-white,17,94.11764705882352,15,3.13002,22,86.36363636363636,18,3.5777277777777776,TRUE,TRUE
participant_0658,AI-non-white,23,95.65217391304348,22,3.150990909090909,26,96.15384615384616,25,3.028628,TRUE,TRUE
participant_0659,AI-non-white,28,92.85714285714286,26,1.6617846153846154,30,93.33333333333333,28,1.6896071428571429,TRUE,TRUE
participant_0660,AI-non-white,20,30,4,0.538125,23,26.08695652173913,4,0.538125,TRUE,FALSE
participant_0661,AI-non-white,22,95.45454545454545,21,4.183719047619047,23,95.65217391304348,22,4.130790909090909,TRUE,TRUE
participant_0662,AI-non-white,30,90,27,2.429725925925926,33,90.9090909090909,30,2.81374,TRUE,TRUE
participant_0663,AI-non-white,28,85.71428571428571,24,2.6057958333333335,32,87.5,28,2.530042857142857,TRUE,TRUE
participant_0664,AI-non-white,27,85.18518518518519,22,4.464140909090909,35,88.57142857142857,30,4.253876666666667,TRUE,TRUE
participant_0665,AI-non-white,20,55.00000000000001,11,3.6475909090909093,23,60.86956521739131,14,3.273714285714286,TRUE,TRUE
participant_0667,AI-non-white,26,96.15384615384616,25,4.630264,28,96.42857142857143,27,4.662755555555556,TRUE,TRUE
participant_0668,AI-non-white,29,100,29,3.4747931034482757,34,100,34,3.8465,TRUE,TRUE
participant_0669,AI-non-white,32,96.875,31,2.975,35,97.14285714285714,34,2.909441176470588,TRUE,TRUE
participant_0670,AI-non-white,25,100,25,5.95192,29,100,29,5.7186551724137935,TRUE,TRUE
participant_0673,AI-non-white,22,86.36363636363636,19,2.4501631578947367,25,88,21,2.368447619047619,TRUE,TRUE
participant_0674,AI-non-white,27,77.77777777777779,20,5.402195,31,80.64516129032258,24,5.1428416666666665,TRUE,TRUE
participant_0675,AI-non-white,21,71.42857142857143,15,2.8096666666666668,24,75,18,2.684833333333333,TRUE,TRUE
participant_0676,AI-non-white,22,90.9090909090909,20,3.20996,26,92.3076923076923,24,4.152558333333333,TRUE,TRUE
participant_0677,AI-non-white,22,95.45454545454545,21,2.8242904761904764,26,96.15384615384616,25,2.652316,TRUE,TRUE
participant_0678,AI-non-white,23,95.65217391304348,22,2.4458818181818183,25,96,24,2.4060333333333332,TRUE,TRUE
participant_0679,AI-non-white,25,96,24,3.4138875,28,96.42857142857143,27,3.266737037037037,TRUE,TRUE
participant_0680,AI-non-white,23,78.26086956521739,17,4.26094705882353,28,78.57142857142857,21,4.077219047619048,TRUE,TRUE
participant_0681,AI-non-white,27,81.48148148148148,22,3.3591545454545453,31,83.87096774193549,26,3.2746730769230767,TRUE,TRUE
participant_0682,AI-non-white,20,85,17,3.1936235294117647,28,89.28571428571429,25,3.134448,TRUE,TRUE
participant_0683,AI-non-white,19,94.73684210526315,18,1.8767444444444443,23,95.65217391304348,22,1.8685818181818181,TRUE,TRUE
participant_0684,AI-non-white,30,86.66666666666667,26,4.707903846153846,32,84.375,27,4.590618518518518,TRUE,TRUE
participant_0686,AI-non-white,23,95.65217391304348,22,3.5457636363636365,23,95.65217391304348,22,3.5457636363636365,TRUE,TRUE
participant_0687,AI-non-white,25,68,17,2.4197941176470588,30,73.33333333333333,22,2.476709090909091,TRUE,TRUE
participant_0688,AI-non-white,24,95.83333333333334,23,2.1237173913043477,30,96.66666666666667,29,2.0261275862068966,TRUE,TRUE
participant_0689,AI-non-white,23,100,23,3.245795652173913,25,100,25,3.31258,TRUE,TRUE
participant_0690,AI-non-white,20,75,15,1.93892,28,78.57142857142857,22,2.052040909090909,TRUE,TRUE
participant_0691,AI-non-white,21,85.71428571428571,18,3.3613666666666666,23,86.95652173913044,20,3.406415,TRUE,TRUE
participant_0692,AI-non-white,20,75,15,1.8183933333333333,23,78.26086956521739,18,1.8659222222222223,TRUE,TRUE
participant_0693,AI-non-white,25,100,25,2.452916,29,100,29,2.6215241379310346,TRUE,TRUE
participant_0694,AI-non-white,26,92.3076923076923,24,1.9740541666666667,30,93.33333333333333,28,1.9458607142857143,TRUE,TRUE
participant_0695,AI-non-white,25,72,18,6.725094444444444,30,73.33333333333333,22,6.5754090909090905,TRUE,TRUE
participant_0696,AI-non-white,23,91.30434782608695,21,1.8509047619047618,27,92.5925925925926,25,1.76776,TRUE,TRUE
participant_0697,AI-non-white,17,64.70588235294117,11,2.1323909090909092,23,69.56521739130434,16,2.0274125,TRUE,TRUE
participant_0699,AI-non-white,22,95.45454545454545,21,1.9776380952380952,28,96.42857142857143,27,2.066685185185185,TRUE,TRUE
participant_0702,AI-non-white,1,100,1,3.3701999999999996,1,100,1,3.3701999999999996,FALSE,FALSE
participant_0703,AI-non-white,8,75,6,2.9651,8,75,6,2.9651,FALSE,TRUE
participant_0704,AI-non-white,28,92.85714285714286,26,1.8367307692307693,30,93.33333333333333,28,1.8191785714285715,TRUE,TRUE
participant_0705,AI-non-white,29,89.65517241379311,26,2.167692307692308,32,87.5,28,2.164167857142857,TRUE,TRUE
participant_0706,AI-non-white,20,80,16,3.3927125,22,81.81818181818183,18,3.330811111111111,TRUE,TRUE
participant_0708,AI-non-white,23,100,23,1.7597608695652174,33,96.96969696969697,32,1.781315625,TRUE,TRUE
participant_0709,AI-non-white,26,92.3076923076923,24,1.9176666666666666,29,93.10344827586206,27,1.8640370370370372,TRUE,TRUE
participant_0710,AI-non-white,25,88,22,4.692672727272727,30,90,27,4.423240740740741,TRUE,TRUE
participant_0711,AI-non-white,23,95.65217391304348,22,3.490809090909091,29,96.55172413793103,28,3.483575,TRUE,TRUE
participant_0712,AI-non-white,22,95.45454545454545,21,2.136657142857143,26,96.15384615384616,25,2.2069,TRUE,TRUE
participant_0713,AI-non-white,29,65.51724137931035,19,2.710036842105263,31,67.74193548387096,21,2.663695238095238,TRUE,TRUE
participant_0714,AI-non-white,23,73.91304347826086,17,2.0077176470588234,26,76.92307692307693,20,2.1280200000000002,TRUE,TRUE
participant_0715,AI-non-white,24,95.83333333333334,23,2.247686956521739,26,96.15384615384616,25,2.263584,TRUE,TRUE
participant_0716,AI-non-white,25,88,22,4.507154545454545,29,89.65517241379311,26,4.431857692307692,TRUE,TRUE
participant_0718,AI-non-white,27,88.88888888888889,24,2.5441166666666666,30,90,27,2.4996592592592592,TRUE,TRUE
participant_0719,AI-non-white,20,90,18,2.7778111111111112,25,92,23,2.639104347826087,TRUE,TRUE
participant_0722,AI-non-white,24,83.33333333333334,20,1.86105,27,85.18518518518519,23,1.845608695652174,TRUE,TRUE
participant_0723,AI-non-white,23,73.91304347826086,17,1.9020882352941177,27,77.77777777777779,21,1.8152238095238096,TRUE,TRUE
participant_0725,AI-non-white,21,90.47619047619048,19,3.0529473684210524,26,92.3076923076923,24,2.7375083333333334,TRUE,TRUE
participant_0726,AI-non-white,27,96.29629629629629,26,2.1162884615384616,32,96.875,31,2.1146354838709676,TRUE,TRUE
participant_0727,AI-non-white,22,81.81818181818183,18,4.50165,26,84.61538461538461,22,4.410654545454546,TRUE,TRUE
participant_0728,AI-non-white,25,88,22,3.7864227272727273,27,88.88888888888889,24,3.7937208333333334,TRUE,TRUE
participant_0730,AI-non-white,31,80.64516129032258,25,1.73792,34,82.35294117647058,28,1.767475,TRUE,TRUE
participant_0732,AI-non-white,22,81.81818181818183,18,2.55315,27,85.18518518518519,23,2.360817391304348,TRUE,TRUE
participant_0733,AI-non-white,30,100,30,2.19837,34,100,34,2.3677382352941176,TRUE,TRUE
participant_0734,AI-non-white,15,93.33333333333333,14,8.022935714285714,19,94.73684210526315,17,7.02234705882353,TRUE,TRUE
participant_0735,AI-non-white,25,96,24,1.8280958333333333,29,96.55172413793103,28,2.0575964285714288,TRUE,TRUE
participant_0736,AI-non-white,26,80.76923076923077,20,1.787515,30,83.33333333333334,24,1.7177375,TRUE,TRUE
participant_0740,AI-non-white,30,96.66666666666667,29,2.121093103448276,35,97.14285714285714,34,2.0288235294117647,TRUE,TRUE
participant_0741,AI-non-white,28,100,28,1.8009428571428572,30,100,30,1.86621,TRUE,TRUE
participant_0742,AI-non-white,24,79.16666666666666,19,3.3333315789473685,27,81.48148148148148,22,3.3072545454545454,TRUE,TRUE
participant_0743,AI-non-white,19,68.42105263157895,13,2.496823076923077,24,75,18,2.410588888888889,TRUE,TRUE
participant_0744,AI-non-white,24,100,24,1.5940291666666666,28,96.42857142857143,27,1.5721925925925926,TRUE,TRUE
participant_0745,AI-non-white,24,83.33333333333334,20,3.673355,28,85.71428571428571,24,3.4943125,TRUE,TRUE
participant_0747,AI-non-white,24,87.5,20,1.780815,28,89.28571428571429,24,1.6952,TRUE,TRUE
participant_0752,AI-non-white,27,70.37037037037037,19,2.6315947368421053,29,72.41379310344827,21,2.530461904761905,TRUE,TRUE
participant_0753,AI-non-white,17,88.23529411764706,15,3.28528,23,91.30434782608695,21,2.955257142857143,TRUE,TRUE
participant_0761,AI-non-white,24,83.33333333333334,20,3.79115,26,80.76923076923077,21,3.7413333333333334,TRUE,TRUE
participant_0763,AI-non-white,27,92.5925925925926,25,2.16492,31,93.54838709677419,29,2.265262068965517,TRUE,TRUE
participant_0764,AI-non-white,27,92.5925925925926,25,3.790836,31,93.54838709677419,29,3.492096551724138,TRUE,TRUE
participant_0765,AI-non-white,25,88,22,3.4051954545454546,30,90,27,3.3074,TRUE,TRUE
participant_0766,AI-non-white,2,100,2,6.14565,2,100,2,6.14565,FALSE,FALSE
participant_0768,AI-non-white,24,91.66666666666666,22,3.1731454545454545,31,93.54838709677419,29,3.0449344827586207,TRUE,TRUE
participant_0770,AI-non-white,22,86.36363636363636,19,2.9051894736842105,27,88.88888888888889,24,2.765275,TRUE,TRUE
participant_0771,AI-non-white,19,94.73684210526315,18,2.1006722222222223,26,96.15384615384616,25,2.07118,TRUE,TRUE
participant_0772,AI-non-white,25,92,23,2.7936,29,93.10344827586206,27,2.7083370370370368,TRUE,TRUE
participant_0775,AI-non-white,28,92.85714285714286,26,3.1204153846153844,33,93.93939393939394,31,3.798096774193548,TRUE,TRUE
participant_0776,AI-non-white,26,88.46153846153845,23,1.4924521739130434,32,90.625,29,1.4469793103448276,TRUE,TRUE
participant_0777,AI-non-white,21,90.47619047619048,19,2.155284210526316,28,92.85714285714286,26,2.032619230769231,TRUE,TRUE
participant_0778,AI-non-white,20,85,15,3.3696133333333336,25,84,18,3.0286222222222223,TRUE,TRUE
participant_0779,AI-non-white,27,92.5925925925926,25,2.01388,31,90.32258064516128,28,2.0237,TRUE,TRUE
participant_0780,AI-non-white,23,86.95652173913044,20,3.65505,24,87.5,21,3.679390476190476,TRUE,TRUE
participant_0781,AI-non-white,13,92.3076923076923,9,3.537588888888889,13,92.3076923076923,9,3.537588888888889,TRUE,TRUE
participant_0783,AI-non-white,17,88.23529411764706,15,3.8059133333333333,22,90.9090909090909,20,3.549585,TRUE,TRUE
participant_0784,AI-non-white,24,83.33333333333334,20,1.79308,28,82.14285714285714,23,1.7918565217391305,TRUE,TRUE
participant_0785,AI-non-white,28,92.85714285714286,26,2.6490846153846155,31,93.54838709677419,29,2.5603206896551725,TRUE,TRUE
participant_0787,AI-non-white,30,100,28,6.173996428571429,33,100,31,5.878954838709678,TRUE,TRUE
participant_0788,AI-non-white,25,76,19,2.6710684210526314,27,77.77777777777779,21,2.6692857142857145,TRUE,TRUE
participant_0789,AI-non-white,25,60,15,5.3364666666666665,30,66.66666666666666,20,4.76725,TRUE,TRUE
participant_0790,AI-non-white,25,88,22,2.4021545454545454,29,89.65517241379311,26,2.408523076923077,TRUE,TRUE
participant_0792,AI-non-white,20,70,14,1.8505857142857143,22,72.72727272727273,16,1.7927,TRUE,TRUE
participant_0793,AI-non-white,26,88.46153846153845,23,2.6241173913043476,33,87.87878787878788,29,2.5045620689655173,TRUE,TRUE
participant_0794,AI-non-white,21,71.42857142857143,15,2.8146,23,73.91304347826086,17,2.7541,TRUE,TRUE
participant_0795,AI-non-white,21,95.23809523809523,20,1.26358,23,95.65217391304348,22,1.2922545454545455,TRUE,TRUE
participant_0796,AI-non-white,29,89.65517241379311,26,2.249603846153846,31,90.32258064516128,28,2.2332285714285716,TRUE,TRUE
participant_0797,AI-non-white,16,81.25,13,2.3504615384615386,25,80,20,2.08125,TRUE,TRUE
participant_0798,AI-non-white,23,91.30434782608695,21,2.130861904761905,28,92.85714285714286,26,2.2384846153846154,TRUE,TRUE
participant_0800,AI-non-white,29,86.20689655172413,25,3.276976,35,88.57142857142857,31,3.2325096774193547,TRUE,TRUE
participant_0801,AI-non-white,29,93.10344827586206,26,5.835930769230769,34,94.11764705882352,31,6.171541935483871,TRUE,TRUE
participant_0802,AI-non-white,25,56.00000000000001,14,2.9715357142857144,29,58.620689655172406,17,3.2282,TRUE,TRUE
participant_0803,AI-non-white,23,91.30434782608695,21,3.278895238095238,27,92.5925925925926,25,3.3491400000000002,TRUE,TRUE
participant_0804,AI-non-white,24,91.66666666666666,22,2.5469181818181816,30,90,27,2.4720814814814815,TRUE,TRUE
participant_0807,AI-non-white,27,96.29629629629629,26,2.466423076923077,29,96.55172413793103,28,2.3954392857142857,TRUE,TRUE
participant_0808,AI-non-white,28,75,21,1.8483333333333334,34,79.41176470588235,27,1.8558148148148148,TRUE,TRUE
participant_0809,AI-non-white,31,67.74193548387096,21,3.229709523809524,35,71.42857142857143,25,3.495028,TRUE,TRUE
participant_0810,AI-non-white,24,87.5,21,2.3456190476190475,29,89.65517241379311,26,2.242923076923077,TRUE,TRUE
participant_0811,AI-non-white,18,83.33333333333334,15,2.9971066666666664,20,85,17,2.984947058823529,TRUE,TRUE
participant_0812,AI-non-white,24,83.33333333333334,18,2.31545,27,81.48148148148148,20,2.547875,TRUE,TRUE
participant_0813,AI-non-white,27,92.5925925925926,25,3.013308,32,93.75,30,3.263663333333333,TRUE,TRUE
participant_0814,AI-non-white,25,88,22,2.223272727272727,30,90,27,2.2353666666666667,TRUE,TRUE
participant_0815,AI-non-white,19,84.21052631578947,16,3.2184,23,86.95652173913044,20,3.164375,TRUE,TRUE
participant_0816,AI-non-white,24,83.33333333333334,20,2.492385,28,85.71428571428571,24,2.5370375,TRUE,TRUE
participant_0817,AI-non-white,25,80,20,3.65977,26,80.76923076923077,21,3.6029142857142857,TRUE,TRUE
participant_0818,AI-non-white,17,76.47058823529412,13,3.1537384615384614,21,80.95238095238095,17,2.9396705882352943,TRUE,TRUE
participant_0819,AI-non-white,24,91.66666666666666,22,3.2553772727272725,26,92.3076923076923,24,3.255333333333333,TRUE,TRUE
participant_0820,AI-non-white,16,81.25,13,3.835223076923077,24,75,18,3.396188888888889,TRUE,TRUE
participant_0821,AI-non-white,36,86.11111111111111,31,3.1697225806451614,38,86.8421052631579,33,3.092033333333333,TRUE,TRUE
participant_0822,AI-non-white,25,84,21,5.162209523809524,29,86.20689655172413,25,5.240968,TRUE,TRUE
participant_0823,AI-non-white,27,77.77777777777779,21,1.9023809523809523,33,81.81818181818183,27,1.9219259259259258,TRUE,TRUE
participant_0824,AI-non-white,25,68,17,3.5349882352941178,26,69.23076923076923,18,3.484838888888889,TRUE,TRUE
participant_0825,AI-non-white,23,91.30434782608695,19,1.9604,26,92.3076923076923,22,1.9514090909090909,TRUE,TRUE
participant_0826,AI-non-white,18,33.33333333333333,6,4.536383333333333,20,30,6,4.536383333333333,TRUE,TRUE
participant_0827,AI-non-white,27,62.96296296296296,16,4.69948125,30,56.666666666666664,16,4.69948125,TRUE,TRUE
participant_0828,AI-non-white,24,87.5,21,1.8506333333333334,28,89.28571428571429,25,1.804292,TRUE,TRUE
participant_0829,AI-non-white,28,92.85714285714286,26,1.46485,31,93.54838709677419,29,1.4373379310344827,TRUE,TRUE
participant_0830,AI-non-white,24,79.16666666666666,19,1.9915263157894736,27,81.48148148148148,22,1.9285454545454546,TRUE,TRUE
participant_0831,AI-non-white,27,88.88888888888889,24,1.6666708333333333,27,88.88888888888889,24,1.6666708333333333,TRUE,TRUE
participant_0832,AI-non-white,26,84.61538461538461,22,4.010031818181818,27,85.18518518518519,23,4.667369565217391,TRUE,TRUE
participant_0833,AI-non-white,22,81.81818181818183,18,1.8981222222222223,24,79.16666666666666,19,1.915263157894737,TRUE,TRUE
participant_0834,AI-non-white,23,95.65217391304348,22,2.3060227272727274,27,96.29629629629629,26,2.501334615384615,TRUE,TRUE
participant_0835,AI-non-white,21,71.42857142857143,15,2.3752,27,74.07407407407408,20,2.24685,TRUE,TRUE
participant_0836,AI-non-white,25,96,24,2.7159458333333335,32,96.875,31,2.5518741935483873,TRUE,TRUE
participant_0837,AI-non-white,31,87.09677419354838,27,1.9363925925925927,32,87.5,28,2.013760714285714,TRUE,TRUE
participant_0838,AI-non-white,21,71.42857142857143,15,1.5744866666666666,25,76,19,1.5055684210526317,TRUE,TRUE
participant_0839,AI-non-white,23,95.65217391304348,22,2.6745454545454543,27,96.29629629629629,26,2.597384615384615,TRUE,TRUE
participant_0840,AI-non-white,30,93.33333333333333,28,3.436585714285714,32,93.75,30,3.38003,TRUE,TRUE
participant_0841,AI-non-white,26,92.3076923076923,24,2.5366041666666668,29,93.10344827586206,27,2.4488296296296297,TRUE,TRUE
participant_0842,AI-non-white,26,92.3076923076923,24,2.7607875,27,92.5925925925926,25,2.805016,TRUE,TRUE
participant_0843,AI-non-white,23,78.26086956521739,18,2.6046722222222223,28,82.14285714285714,23,2.5841652173913046,TRUE,TRUE
participant_0844,AI-non-white,23,86.95652173913044,20,1.8084,26,88.46153846153845,23,1.7414782608695651,TRUE,TRUE
participant_0845,AI-non-white,27,85.18518518518519,23,1.5313260869565217,30,86.66666666666667,26,1.524323076923077,TRUE,TRUE
participant_0846,AI-non-white,22,86.36363636363636,19,2.2775894736842104,24,87.5,21,2.2587714285714284,TRUE,TRUE
participant_0847,AI-non-white,24,50,12,1.3562166666666666,27,48.148148148148145,13,1.3724384615384615,TRUE,TRUE
participant_0848,AI-non-white,23,95.65217391304348,22,1.9876318181818182,28,96.42857142857143,27,2.047896296296296,TRUE,TRUE
participant_0849,AI-non-white,21,61.904761904761905,13,2.824723076923077,24,62.5,15,2.7874,TRUE,TRUE
participant_0850,AI-non-white,15,86.66666666666667,13,1.6863076923076923,24,87.5,21,1.7748095238095238,TRUE,TRUE
participant_0851,AI-non-white,20,90,18,1.9302333333333332,25,92,23,1.8226304347826088,TRUE,TRUE
participant_0852,AI-non-white,22,77.27272727272727,17,3.1699058823529414,28,82.14285714285714,23,2.9131826086956525,TRUE,TRUE
participant_0853,AI-non-white,21,90.47619047619048,19,2.734726315789474,22,90.9090909090909,20,2.7032350000000003,TRUE,TRUE
participant_0854,AI-non-white,23,91.30434782608695,21,2.548052380952381,25,92,23,2.4666260869565217,TRUE,TRUE
participant_0855,AI-non-white,26,92.3076923076923,24,2.2745625,31,93.54838709677419,29,2.4695,TRUE,TRUE
participant_0856,AI-non-white,21,90.47619047619048,19,2.740221052631579,23,91.30434782608695,21,2.6808,TRUE,TRUE
participant_0857,AI-non-white,21,57.14285714285714,12,1.9719666666666666,24,62.5,15,1.8845933333333333,TRUE,TRUE
participant_0858,AI-non-white,26,100,26,2.1835153846153847,27,100,27,2.1622555555555554,TRUE,TRUE
participant_0859,AI-non-white,25,100,25,2.8670400000000003,31,100,31,2.9154354838709677,TRUE,TRUE
participant_0860,AI-non-white,30,80,24,2.5787375,33,81.81818181818183,27,2.5682814814814816,TRUE,TRUE
participant_0861,AI-non-white,28,85.71428571428571,24,1.98095,32,84.375,27,2.0279037037037035,TRUE,TRUE
participant_0862,AI-non-white,27,88.88888888888889,24,1.6745958333333333,29,89.65517241379311,26,1.7043346153846153,TRUE,TRUE
participant_0863,AI-non-white,24,95.83333333333334,23,1.631895652173913,29,96.55172413793103,28,1.6426607142857144,TRUE,TRUE
participant_0864,AI-non-white,23,91.30434782608695,21,2.7148095238095236,29,93.10344827586206,27,2.524925925925926,TRUE,TRUE
participant_0865,AI-non-white,24,91.66666666666666,22,2.631859090909091,30,93.33333333333333,28,2.4731678571428573,TRUE,TRUE
participant_0866,AI-non-white,24,87.5,21,3.6545952380952382,27,88.88888888888889,24,3.3744666666666667,TRUE,TRUE
participant_0867,AI-non-white,24,75,18,3.456538888888889,28,78.57142857142857,22,3.1011772727272726,TRUE,TRUE
participant_0868,AI-non-white,25,84,21,3.3701714285714286,29,86.20689655172413,25,3.08328,TRUE,TRUE
participant_0869,AI-non-white,21,85.71428571428571,18,2.0906166666666666,28,89.28571428571429,25,2.151556,TRUE,TRUE
participant_0870,AI-non-white,26,100,26,1.8288076923076924,29,100,29,1.8373034482758621,TRUE,TRUE
participant_0871,AI-non-white,24,75,18,2.5709444444444447,26,76.92307692307693,20,2.527005,TRUE,TRUE
participant_0872,AI-non-white,21,90.47619047619048,19,2.739905263157895,27,92.5925925925926,25,2.404584,TRUE,TRUE
participant_0873,AI-non-white,25,92,23,2.773817391304348,30,93.33333333333333,28,2.7501571428571427,TRUE,TRUE
participant_0874,AI-non-white,30,93.33333333333333,28,2.8036357142857145,33,93.93939393939394,31,2.8499451612903224,TRUE,TRUE
participant_0875,AI-non-white,24,75,18,2.203,28,75,21,2.3054333333333332,TRUE,TRUE
participant_0876,AI-non-white,22,95.45454545454545,21,2.066747619047619,25,92,23,2.0358608695652176,TRUE,TRUE
participant_0877,AI-non-white,25,96,23,3.7778,26,96.15384615384616,24,3.7199208333333336,TRUE,TRUE
participant_0878,AI-non-white,30,96.66666666666667,29,2.7657620689655174,31,96.7741935483871,30,2.72815,TRUE,TRUE
participant_0879,AI-non-white,19,94.73684210526315,18,1.8066111111111112,25,96,24,1.83165,TRUE,TRUE
participant_0880,AI-non-white,23,91.30434782608695,21,2.661657142857143,28,92.85714285714286,26,2.537669230769231,TRUE,TRUE
participant_0881,AI-non-white,27,70.37037037037037,19,2.630926315789474,30,73.33333333333333,22,2.54665,TRUE,TRUE
participant_0882,AI-non-white,31,83.87096774193549,26,2.7562307692307693,37,86.48648648648648,32,2.64275,TRUE,TRUE
participant_0883,AI-non-white,24,100,24,1.713675,30,100,30,1.7931599999999999,TRUE,TRUE
participant_0884,AI-non-white,26,80.76923076923077,21,2.117461904761905,30,83.33333333333334,25,2.275748,TRUE,TRUE
participant_0885,AI-non-white,25,88,22,2.6706,31,90.32258064516128,28,2.6769964285714285,TRUE,TRUE
participant_0886,AI-non-white,24,83.33333333333334,20,1.96148,27,85.18518518518519,23,2.0697521739130433,TRUE,TRUE
participant_0887,AI-non-white,29,89.65517241379311,26,4.373903846153846,34,91.17647058823529,31,4.250525806451613,TRUE,TRUE
participant_0888,AI-non-white,24,83.33333333333334,20,2.199565,28,85.71428571428571,24,2.1098500000000002,TRUE,TRUE
participant_0889,AI-non-white,30,83.33333333333334,25,2.327284,34,85.29411764705883,29,2.9934275862068964,TRUE,TRUE
participant_0890,AI-non-white,20,80,16,2.5994125,26,76.92307692307693,20,2.8078950000000003,TRUE,TRUE
participant_0891,AI-non-white,23,78.26086956521739,18,1.8947722222222223,23,78.26086956521739,18,1.8947722222222223,TRUE,TRUE
participant_0892,AI-non-white,25,96,24,2.888075,30,96.66666666666667,29,2.672289655172414,TRUE,TRUE
participant_0893,AI-non-white,25,88,22,1.837709090909091,30,90,27,1.9558,TRUE,TRUE
participant_0894,AI-non-white,20,75,15,2.0117933333333333,29,79.3103448275862,23,2.0159739130434784,TRUE,TRUE
participant_0895,AI-non-white,27,77.77777777777779,21,2.291461904761905,32,81.25,26,2.2299153846153845,TRUE,TRUE
participant_0896,AI-non-white,25,84,21,2.641452380952381,28,85.71428571428571,24,2.6315375,TRUE,TRUE
participant_0897,AI-non-white,27,81.48148148148148,22,2.581786363636364,32,84.375,27,2.5953925925925927,TRUE,TRUE
participant_0898,AI-non-white,25,80,20,2.407695,30,83.33333333333334,25,2.337176,TRUE,TRUE
participant_0899,AI-non-white,19,73.68421052631578,14,2.8609071428571426,21,76.19047619047619,16,2.6802125,TRUE,TRUE
participant_0900,AI-non-white,17,52.94117647058824,9,2.1930222222222224,20,60,12,2.5010833333333333,TRUE,TRUE
participant_0901,AI-non-white,33,60.60606060606061,20,1.54287,40,67.5,27,1.4656962962962963,TRUE,TRUE
participant_0902,AI-non-white,17,88.23529411764706,15,1.9005333333333334,20,85,17,1.8647058823529412,TRUE,TRUE
participant_0903,AI-non-white,22,81.81818181818183,18,3.2570333333333332,25,84,21,3.184152380952381,TRUE,TRUE
participant_0904,AI-non-white,25,88,21,1.8570333333333333,30,80,23,1.8927,TRUE,TRUE
participant_0905,AI-non-white,27,74.07407407407408,20,3.3166399999999996,30,76.66666666666667,23,4.309247826086956,TRUE,TRUE
participant_0906,AI-non-white,30,66.66666666666666,20,1.93087,31,67.74193548387096,21,1.9117,TRUE,TRUE
participant_0907,AI-non-white,28,92.85714285714286,26,2.2527692307692306,29,93.10344827586206,27,2.236211111111111,TRUE,TRUE
participant_0908,AI-non-white,20,100,20,1.645825,24,100,24,1.6082875,TRUE,TRUE
participant_0909,AI-non-white,26,84.61538461538461,22,3.006818181818182,29,86.20689655172413,25,2.893948,TRUE,TRUE
participant_0910,AI-non-white,22,95.45454545454545,21,2.775204761904762,23,95.65217391304348,22,2.7518045454545454,TRUE,TRUE
participant_0911,AI-non-white,29,44.827586206896555,13,4.677246153846154,36,36.11111111111111,13,4.677246153846154,TRUE,TRUE
participant_0912,AI-non-white,22,95.45454545454545,20,3.465135,26,96.15384615384616,24,3.1534375,TRUE,TRUE
participant_0913,AI-non-white,26,92.3076923076923,24,2.2261375,30,93.33333333333333,28,2.2513285714285716,TRUE,TRUE
participant_0914,AI-non-white,26,100,26,3.6621923076923077,29,100,29,3.6634827586206895,TRUE,TRUE
participant_0915,AI-non-white,21,95.23809523809523,20,2.30517,26,96.15384615384616,25,2.154096,TRUE,TRUE
participant_0917,AI-non-white,24,91.66666666666666,22,2.5290181818181816,26,92.3076923076923,24,2.512420833333333,TRUE,TRUE
participant_0918,AI-non-white,34,85.29411764705883,29,2.2360724137931034,37,86.48648648648648,32,2.20955,TRUE,TRUE
participant_0920,AI-non-white,22,77.27272727272727,17,2.319494117647059,29,82.75862068965517,24,2.3684333333333334,TRUE,TRUE
participant_0921,AI-non-white,25,84,20,2.41454,28,85.71428571428571,23,2.8590478260869565,TRUE,TRUE
participant_0922,AI-non-white,22,90.9090909090909,20,2.12581,26,92.3076923076923,24,2.085929166666667,TRUE,TRUE
participant_0923,AI-non-white,28,78.57142857142857,22,3.039690909090909,32,81.25,26,2.9548923076923077,TRUE,TRUE
participant_0924,AI-non-white,21,85.71428571428571,18,2.039688888888889,27,88.88888888888889,24,1.9788291666666666,TRUE,TRUE
participant_0925,AI-non-white,25,96,24,2.736470833333333,30,96.66666666666667,29,2.714396551724138,TRUE,TRUE
participant_0926,AI-non-white,18,94.44444444444444,17,2.748388235294118,21,95.23809523809523,20,2.73331,TRUE,TRUE
participant_0928,AI-non-white,21,90.47619047619048,19,2.7480526315789473,24,91.66666666666666,22,2.6275,TRUE,TRUE
participant_0929,AI-non-white,20,95,19,2.301678947368421,24,95.83333333333334,23,2.1426304347826086,TRUE,TRUE
participant_0930,AI-non-white,26,84.61538461538461,22,5.140554545454545,34,85.29411764705883,29,4.946772413793103,TRUE,TRUE
participant_0931,AI-non-white,29,68.96551724137932,20,2.189745,29,68.96551724137932,20,2.189745,TRUE,TRUE
participant_0933,AI-non-white,28,100,28,2.6512928571428573,32,100,32,2.62574375,TRUE,TRUE
participant_0934,AI-non-white,26,88.46153846153845,23,1.422804347826087,29,89.65517241379311,26,1.5083269230769232,TRUE,TRUE
participant_0935,AI-non-white,18,94.44444444444444,17,4.688888235294118,22,95.45454545454545,21,4.386857142857143,TRUE,TRUE
participant_0939,AI-non-white,21,85.71428571428571,18,1.6220611111111112,26,84.61538461538461,22,1.728931818181818,TRUE,TRUE
participant_0940,AI-non-white,20,80,15,3.5392866666666665,22,77.27272727272727,16,3.596775,TRUE,TRUE
participant_0941,AI-non-white,23,91.30434782608695,21,2.3619285714285714,27,88.88888888888889,24,2.4375583333333335,TRUE,TRUE
participant_0942,AI-non-white,25,80,20,2.405245,28,82.14285714285714,23,2.392117391304348,TRUE,TRUE
participant_0943,AI-non-white,26,100,26,2.327923076923077,31,100,31,2.586161290322581,TRUE,TRUE
participant_0944,AI-non-white,24,100,24,1.5169708333333334,27,100,27,1.4960037037037037,TRUE,TRUE
participant_0945,AI-non-white,20,95,19,1.4264263157894737,25,96,24,1.414075,TRUE,TRUE
participant_0947,AI-non-white,25,88,22,1.7846181818181819,30,90,27,1.7287666666666666,TRUE,TRUE
participant_0948,AI-non-white,19,84.21052631578947,16,2.1604875,21,85.71428571428571,18,2.367488888888889,TRUE,TRUE
participant_0951,AI-non-white,24,91.66666666666666,22,1.9773,34,94.11764705882352,32,2.065553125,TRUE,TRUE
participant_0952,AI-non-white,22,86.36363636363636,19,2.0149,25,88,22,1.9898681818181818,TRUE,TRUE
participant_0953,AI-non-white,27,96.29629629629629,26,2.437653846153846,31,96.7741935483871,30,2.49506,TRUE,TRUE
participant_0954,AI-non-white,19,68.42105263157895,13,2.2241461538461538,27,77.77777777777779,21,2.1263,TRUE,TRUE
participant_0956,AI-non-white,21,95.23809523809523,20,1.9841550000000001,26,96.15384615384616,25,2.544172,TRUE,TRUE
participant_0957,AI-non-white,25,80,20,3.212875,29,82.75862068965517,24,3.1407958333333332,TRUE,TRUE
participant_0958,AI-non-white,20,80,16,3.0533,23,82.6086956521739,19,3.0080473684210527,TRUE,TRUE
participant_0959,AI-non-white,25,88,22,3.529640909090909,30,90,27,3.2553814814814817,TRUE,TRUE
participant_0960,AI-non-white,19,89.47368421052632,17,2.5364117647058824,23,91.30434782608695,21,2.4201904761904762,TRUE,TRUE
participant_0961,AI-non-white,28,85.71428571428571,24,2.04485,30,86.66666666666667,26,2.0584192307692306,TRUE,TRUE
participant_0962,AI-non-white,20,85,17,2.501764705882353,27,85.18518518518519,23,2.3761347826086956,TRUE,TRUE
participant_0963,AI-non-white,16,93.75,15,2.3569533333333332,22,95.45454545454545,21,2.5617619047619047,TRUE,TRUE
participant_0964,AI-non-white,23,91.30434782608695,21,1.6873428571428573,27,92.5925925925926,25,1.6819520000000001,TRUE,TRUE
participant_0965,AI-non-white,23,86.95652173913044,20,2.03165,25,88,22,2.0136363636363637,TRUE,TRUE
participant_0966,AI-non-white,22,72.72727272727273,16,2.3277125,24,75,18,2.3923944444444443,TRUE,TRUE
participant_0967,AI-non-white,25,92,23,2.269778260869565,29,93.10344827586206,27,2.296674074074074,TRUE,TRUE
participant_0968,AI-non-white,23,82.6086956521739,19,2.105610526315789,25,84,21,2.1392857142857142,TRUE,TRUE
participant_0969,AI-non-white,24,95.83333333333334,23,1.9090434782608696,26,96.15384615384616,25,1.8513600000000001,TRUE,TRUE
participant_0970,AI-non-white,20,70,14,1.996,27,77.77777777777779,21,1.8939904761904762,TRUE,TRUE
participant_0972,AI-non-white,23,91.30434782608695,21,2.256642857142857,28,92.85714285714286,26,2.2333192307692307,TRUE,TRUE
participant_0973,AI-non-white,26,84.61538461538461,22,1.6972545454545453,30,83.33333333333334,25,1.72942,TRUE,TRUE
participant_0975,AI-non-white,24,91.66666666666666,22,2.513,28,92.85714285714286,26,2.3794384615384616,TRUE,TRUE
participant_0976,AI-non-white,27,66.66666666666666,18,2.8919111111111113,28,67.85714285714286,19,2.8218842105263158,TRUE,TRUE
participant_0977,AI-non-white,24,83.33333333333334,20,2.286205,26,84.61538461538461,22,2.320263636363636,TRUE,TRUE
participant_0978,AI-non-white,25,84,21,3.0469333333333335,33,87.87878787878788,29,2.8574344827586207,TRUE,TRUE
participant_0979,AI-non-white,23,91.30434782608695,21,3.2654380952380953,27,92.5925925925926,25,3.00022,TRUE,TRUE
participant_0980,AI-non-white,17,94.11764705882352,16,2.69335,23,95.65217391304348,22,2.4565363636363635,TRUE,TRUE
participant_0981,AI-non-white,26,88.46153846153845,23,3.2297391304347824,30,90,27,2.9933555555555555,TRUE,TRUE
participant_0984,AI-non-white,21,90.47619047619048,19,2.854936842105263,27,92.5925925925926,25,2.960616,TRUE,TRUE
participant_0985,AI-non-white,23,91.30434782608695,21,2.688761904761905,28,92.85714285714286,26,2.5938846153846153,TRUE,TRUE
participant_0986,AI-non-white,27,70.37037037037037,19,1.6967631578947369,31,74.19354838709677,23,1.7099434782608696,TRUE,TRUE
participant_0989,AI-non-white,27,85.18518518518519,23,1.6388217391304347,31,87.09677419354838,27,1.622188888888889,TRUE,TRUE
participant_0990,AI-non-white,27,77.77777777777779,21,1.8359761904761904,30,76.66666666666667,23,1.7956391304347825,TRUE,TRUE
participant_0992,AI-non-white,9,77.77777777777779,7,3.3404428571428575,11,81.81818181818183,9,3.307688888888889,FALSE,TRUE
participant_0994,AI-non-white,33,87.87878787878788,29,3.558213793103448,36,88.88888888888889,32,3.48539375,TRUE,TRUE
participant_0995,AI-non-white,24,79.16666666666666,19,3.7929842105263156,29,82.75862068965517,24,3.7948166666666667,TRUE,TRUE
participant_0996,AI-non-white,26,80.76923076923077,21,1.6676666666666666,32,84.375,27,1.6783962962962964,TRUE,TRUE
participant_0997,AI-non-white,34,97.05882352941177,33,2.4123727272727273,43,97.67441860465115,42,2.7250357142857142,TRUE,TRUE
participant_0998,AI-non-white,22,100,22,1.6876090909090908,26,100,26,1.6286423076923078,TRUE,TRUE
participant_1000,AI-non-white,22,86.36363636363636,19,2.6195105263157896,27,88.88888888888889,24,2.3978083333333333,TRUE,TRUE
participant_1001,AI-non-white,25,88,22,2.6303,26,88.46153846153845,23,2.601391304347826,TRUE,TRUE
participant_1002,AI-non-white,25,92,23,2.181808695652174,29,93.10344827586206,27,2.1569962962962963,TRUE,TRUE
participant_1003,AI-non-white,29,86.20689655172413,25,2.922292,35,88.57142857142857,31,2.6431419354838708,TRUE,TRUE
participant_1004,AI-non-white,22,81.81818181818183,18,3.100888888888889,28,85.71428571428571,24,2.7335416666666665,TRUE,TRUE
participant_1005,AI-non-white,15,80,12,1.9171,18,83.33333333333334,15,2.05654,TRUE,TRUE
participant_1006,AI-non-white,20,95,19,3.132594736842105,22,95.45454545454545,21,3.047252380952381,TRUE,TRUE
participant_1007,AI-non-white,27,96.29629629629629,25,4.034124,32,96.875,30,3.86067,TRUE,TRUE
participant_1008,AI-non-white,20,55.00000000000001,11,4.536154545454545,22,59.09090909090909,13,4.158230769230769,TRUE,TRUE
participant_1009,AI-non-white,25,92,22,2.705963636363636,27,92.5925925925926,24,2.5915166666666667,TRUE,TRUE
participant_1011,AI-non-white,26,65.38461538461539,17,2.4613058823529412,32,71.875,23,2.3488739130434784,TRUE,TRUE
participant_1012,AI-non-white,25,72,18,1.3262166666666666,29,75.86206896551724,22,1.3407954545454546,TRUE,TRUE
participant_1015,AI-non-white,16,87.5,14,3.6885714285714286,20,90,18,3.3561444444444444,TRUE,TRUE
participant_1017,AI-non-white,26,84.61538461538461,22,3.3821363636363637,28,78.57142857142857,22,3.3821363636363637,TRUE,TRUE
participant_1018,AI-non-white,26,96.15384615384616,25,3.02118,32,96.875,30,2.812126666666667,TRUE,TRUE
participant_1019,AI-non-white,20,85,17,4.840888235294118,21,85.71428571428571,18,4.7007111111111115,TRUE,TRUE
participant_1020,AI-non-white,26,61.53846153846154,15,2.72412,30,66.66666666666666,19,2.6041105263157895,TRUE,TRUE
participant_1021,AI-non-white,31,96.7741935483871,30,2.9721466666666667,38,94.73684210526315,36,3.0963,TRUE,TRUE
participant_1022,AI-non-white,21,71.42857142857143,15,2.5825733333333334,24,75,18,2.4879277777777777,TRUE,TRUE
participant_1024,AI-non-white,25,88,22,2.5006045454545456,28,89.28571428571429,25,2.437576,TRUE,TRUE
participant_1025,AI-non-white,22,90.9090909090909,20,2.196525,27,92.5925925925926,25,2.483008,TRUE,TRUE
participant_1026,AI-non-white,32,87.5,28,1.4885892857142857,34,88.23529411764706,30,1.5125366666666666,TRUE,TRUE
participant_1028,AI-non-white,16,75,12,1.6147333333333334,18,77.77777777777779,14,1.7393571428571428,TRUE,TRUE
participant_1029,AI-non-white,25,88,22,2.8351818181818182,28,89.28571428571429,25,2.766836,TRUE,TRUE
participant_1031,AI-non-white,24,91.66666666666666,22,6.492536363636363,28,89.28571428571429,25,6.057516,TRUE,TRUE
participant_1033,AI-non-white,26,80.76923076923077,21,2.0852095238095236,26,80.76923076923077,21,2.0852095238095236,TRUE,TRUE
participant_1034,AI-non-white,22,100,22,3.7493636363636362,27,100,27,3.4522962962962964,TRUE,TRUE
participant_1036,AI-non-white,25,88,22,2.4813363636363635,30,86.66666666666667,26,2.642734615384615,TRUE,TRUE
participant_1037,AI-non-white,25,92,23,1.8558782608695652,29,93.10344827586206,27,1.8267222222222221,TRUE,TRUE
participant_1038,AI-non-white,31,80.64516129032258,25,3.84368,31,80.64516129032258,25,3.84368,TRUE,TRUE
participant_1039,AI-non-white,31,93.54838709677419,29,2.545096551724138,32,93.75,30,2.5256766666666666,TRUE,TRUE
participant_1041,AI-non-white,25,84,21,2.2492666666666667,27,85.18518518518519,23,2.257295652173913,TRUE,TRUE
participant_1042,AI-non-white,29,93.10344827586206,27,2.7679666666666667,35,94.28571428571428,33,2.6808878787878787,TRUE,TRUE
participant_1043,AI-non-white,23,69.56521739130434,16,2.44286875,26,73.07692307692307,19,2.2571947368421053,TRUE,TRUE
participant_1044,AI-non-white,22,86.36363636363636,19,2.312442105263158,27,88.88888888888889,24,2.3550333333333335,TRUE,TRUE
participant_1046,AI-non-white,18,100,18,1.8558777777777777,23,100,23,1.970291304347826,TRUE,TRUE
participant_1047,AI-non-white,18,66.66666666666666,12,2.9205,27,77.77777777777779,20,2.887195,TRUE,TRUE
participant_1050,AI-non-white,30,70,21,1.8790666666666667,31,70.96774193548387,22,1.873140909090909,TRUE,TRUE
participant_1051,AI-non-white,21,80.95238095238095,17,3.3661882352941177,24,83.33333333333334,19,3.2000894736842107,TRUE,TRUE
participant_1052,AI-non-white,27,88.88888888888889,24,1.8935833333333334,30,90,27,1.8921851851851852,TRUE,TRUE
participant_1053,AI-non-white,22,86.36363636363636,19,3.9615315789473686,26,88.46153846153845,23,3.8092304347826085,TRUE,TRUE
participant_1054,AI-non-white,24,95.83333333333334,23,2.0799565217391303,30,96.66666666666667,29,2.2322758620689656,TRUE,TRUE
participant_1055,AI-non-white,20,95,19,2.240842105263158,26,96.15384615384616,25,2.7826400000000002,TRUE,TRUE
participant_1056,AI-non-white,20,80,16,2.2264125,27,85.18518518518519,23,2.2169304347826086,TRUE,TRUE
participant_1057,AI-non-white,22,95.45454545454545,21,2.235038095238095,26,92.3076923076923,24,2.3448333333333333,TRUE,TRUE
participant_1058,AI-non-white,23,95.65217391304348,22,1.7195363636363636,25,96,24,1.6848833333333333,TRUE,TRUE
participant_1059,AI-non-white,14,92.85714285714286,13,4.029692307692308,17,88.23529411764706,15,3.9643333333333333,TRUE,TRUE
participant_1060,AI-non-white,20,90,18,2.1400555555555556,27,92.5925925925926,25,1.9861199999999999,TRUE,TRUE
participant_1061,AI-non-white,26,80.76923076923077,21,2.4989,31,80.64516129032258,25,2.362536,TRUE,TRUE
participant_1062,AI-non-white,26,88.46153846153845,23,2.052517391304348,30,90,27,2.0095925925925924,TRUE,TRUE
participant_1063,AI-non-white,23,86.95652173913044,20,2.071675,27,88.88888888888889,24,2.084979166666667,TRUE,TRUE
participant_1064,AI-non-white,26,88.46153846153845,23,1.667491304347826,31,90.32258064516128,28,1.62535,TRUE,TRUE
participant_1065,AI-non-white,28,89.28571428571429,25,3.742148,30,90,27,3.7017185185185184,TRUE,TRUE
participant_1066,AI-non-white,21,80.95238095238095,17,2.314058823529412,25,84,21,2.264952380952381,TRUE,TRUE
participant_1067,AI-non-white,27,85.18518518518519,23,1.8437478260869564,28,85.71428571428571,24,1.8152208333333333,TRUE,TRUE
participant_1068,AI-non-white,16,87.5,14,2.4587142857142856,21,76.19047619047619,16,2.4599375,TRUE,TRUE
participant_1069,AI-non-white,19,89.47368421052632,17,2.301929411764706,26,92.3076923076923,24,2.1181666666666668,TRUE,TRUE
participant_1072,AI-non-white,24,91.66666666666666,22,2.4797000000000002,27,92.5925925925926,25,2.434288,TRUE,TRUE
participant_1073,AI-non-white,33,93.93939393939394,31,2.3410612903225805,36,94.44444444444444,34,2.3070882352941178,TRUE,TRUE
participant_1074,AI-non-white,22,77.27272727272727,17,2.006729411764706,26,80.76923076923077,21,1.8903761904761904,TRUE,TRUE
participant_1075,AI-non-white,22,90.9090909090909,20,2.87136,26,92.3076923076923,24,2.6683541666666666,TRUE,TRUE
participant_1076,AI-non-white,20,90,18,1.6572777777777778,27,92.5925925925926,25,1.72712,TRUE,TRUE
participant_1077,AI-non-white,31,77.41935483870968,24,3.3459208333333335,37,81.08108108108108,30,3.07824,TRUE,TRUE
participant_1080,AI-non-white,23,73.91304347826086,17,3.107129411764706,28,78.57142857142857,22,2.808890909090909,TRUE,TRUE
participant_1082,AI-non-white,28,67.85714285714286,19,2.7460526315789475,31,70.96774193548387,22,2.732409090909091,TRUE,TRUE
participant_1083,AI-non-white,24,83.33333333333334,20,2.51514,29,86.20689655172413,25,2.264944,TRUE,TRUE
participant_1084,AI-non-white,25,80,20,3.486855,28,82.14285714285714,23,3.3245782608695653,TRUE,TRUE
participant_1085,AI-non-white,19,63.1578947368421,12,5.7258000000000004,25,72,17,5.1932470588235295,TRUE,TRUE
participant_1087,AI-non-white,30,96.66666666666667,29,5.0210275862068965,35,97.14285714285714,34,4.718229411764706,TRUE,TRUE
participant_1089,AI-non-white,29,86.20689655172413,25,3.79028,32,87.5,28,3.617307142857143,TRUE,TRUE
participant_1090,AI-non-white,23,86.95652173913044,20,2.36477,28,89.28571428571429,25,2.337528,TRUE,TRUE
participant_1091,AI-non-white,23,30.434782608695656,7,2.882142857142857,28,28.57142857142857,8,2.7019625,TRUE,TRUE
participant_1092,AI-non-white,24,91.66666666666666,22,2.4715454545454545,27,92.5925925925926,25,2.3703119999999998,TRUE,TRUE
participant_1093,AI-non-white,21,85.71428571428571,18,1.8324277777777778,26,88.46153846153845,23,1.9124347826086956,TRUE,TRUE
participant_1094,AI-non-white,22,90.9090909090909,20,2.602185,27,92.5925925925926,25,2.6576,TRUE,TRUE
participant_1095,AI-non-white,17,94.11764705882352,16,4.54336875,23,95.65217391304348,22,4.096363636363637,TRUE,TRUE
participant_1096,AI-non-white,29,86.20689655172413,25,2.3094040000000002,35,88.57142857142857,31,2.2708387096774194,TRUE,TRUE
participant_1097,AI-non-white,22,81.81818181818183,18,3.1378777777777778,30,86.66666666666667,26,2.9543576923076924,TRUE,TRUE
participant_1098,AI-non-white,24,79.16666666666666,19,2.095436842105263,29,82.75862068965517,24,2.3956916666666666,TRUE,TRUE
participant_1099,AI-non-white,30,80,24,2.213604166666667,33,81.81818181818183,27,2.158240740740741,TRUE,TRUE
participant_1100,AI-non-white,26,84.61538461538461,22,2.138377272727273,28,85.71428571428571,24,2.0591416666666666,TRUE,TRUE
participant_1101,AI-non-white,24,91.66666666666666,22,1.8475590909090909,27,92.5925925925926,25,1.76674,TRUE,TRUE
participant_1102,AI-non-white,27,74.07407407407408,20,2.649265,31,74.19354838709677,23,2.516482608695652,TRUE,TRUE
participant_1103,AI-non-white,18,83.33333333333334,15,2.209,22,86.36363636363636,19,2.163684210526316,TRUE,TRUE
participant_1104,AI-non-white,31,67.74193548387096,21,2.5128190476190477,37,72.97297297297297,27,2.357762962962963,TRUE,TRUE
participant_1105,AI-non-white,19,84.21052631578947,16,4.55723125,22,86.36363636363636,19,4.2210368421052635,TRUE,TRUE
participant_1106,AI-non-white,32,90.625,29,3.7032206896551725,37,91.8918918918919,34,3.656414705882353,TRUE,TRUE
participant_1107,AI-non-white,27,96.29629629629629,26,2.3288884615384617,28,96.42857142857143,27,2.292333333333333,TRUE,TRUE
participant_1109,AI-non-white,25,96,24,1.631925,30,96.66666666666667,29,1.6051344827586207,TRUE,TRUE
participant_1110,AI-non-white,28,82.14285714285714,23,1.8235652173913044,31,83.87096774193549,26,1.8062461538461538,TRUE,TRUE
participant_1111,AI-non-white,22,95.45454545454545,21,1.7493761904761904,28,92.85714285714286,26,1.8350807692307691,TRUE,TRUE
participant_1112,AI-non-white,22,77.27272727272727,17,1.5553294117647058,25,80,20,1.59849,TRUE,TRUE
participant_1113,AI-non-white,25,80,20,2.0918,29,82.75862068965517,24,2.118375,TRUE,TRUE
participant_1115,AI-non-white,24,79.16666666666666,19,4.492415789473684,28,82.14285714285714,23,4.38645652173913,TRUE,TRUE
participant_1117,AI-non-white,30,93.33333333333333,28,2.3854571428571427,34,94.11764705882352,32,2.337090625,TRUE,TRUE
participant_1118,AI-non-white,28,89.28571428571429,25,1.877028,34,91.17647058823529,31,1.915667741935484,TRUE,TRUE
participant_1119,AI-non-white,25,84,21,2.2051190476190476,31,87.09677419354838,27,2.2609666666666666,TRUE,TRUE
participant_1120,AI-non-white,23,95.65217391304348,22,2.0946727272727275,25,96,24,2.0557458333333334,TRUE,TRUE
participant_1122,AI-non-white,18,100,18,2.2853,28,96.42857142857143,27,2.313325925925926,TRUE,TRUE
participant_1123,AI-non-white,27,85.18518518518519,23,2.758113043478261,32,87.5,28,2.790914285714286,TRUE,TRUE
participant_1124,AI-non-white,26,96.15384615384616,25,2.408208,30,96.66666666666667,29,2.3080827586206896,TRUE,TRUE
participant_1125,AI-non-white,19,78.94736842105263,15,2.4123266666666665,22,77.27272727272727,17,2.2993529411764704,TRUE,TRUE
participant_1128,AI-non-white,22,95.45454545454545,21,3.023547619047619,26,92.3076923076923,24,3.198341666666667,TRUE,TRUE
participant_1130,AI-non-white,25,92,23,2.0668304347826085,29,86.20689655172413,25,2.143332,TRUE,TRUE
participant_1131,AI-non-white,27,92.5925925925926,25,1.841516,30,93.33333333333333,28,1.8407607142857143,TRUE,TRUE
participant_1132,AI-non-white,31,96.7741935483871,30,2.6406066666666668,37,97.2972972972973,36,2.496275,TRUE,TRUE
participant_1133,AI-non-white,27,40.74074074074074,11,2.729890909090909,32,40.625,13,2.522846153846154,TRUE,TRUE
participant_1135,AI-non-white,25,84,21,1.9943333333333333,27,85.18518518518519,23,2.0423478260869565,TRUE,TRUE
participant_1136,AI-non-white,22,77.27272727272727,17,3.114535294117647,27,81.48148148148148,22,3.012268181818182,TRUE,TRUE
participant_1137,AI-non-white,27,100,27,3.3425333333333334,32,100,32,3.436396875,TRUE,TRUE
participant_1138,AI-non-white,27,96.29629629629629,26,2.3577153846153847,34,88.23529411764706,30,2.4345166666666667,TRUE,TRUE
participant_1139,AI-non-white,21,95.23809523809523,20,2.05898,29,96.55172413793103,28,2.0473607142857144,TRUE,TRUE
participant_1140,AI-non-white,24,87.5,21,1.9938571428571428,27,88.88888888888889,24,1.9312083333333334,TRUE,TRUE
participant_1141,AI-non-white,25,84,21,1.5057095238095237,30,86.66666666666667,26,1.4342807692307693,TRUE,TRUE
participant_1142,AI-non-white,20,70,14,2.6673999999999998,24,75,18,2.4830666666666668,TRUE,TRUE
participant_1143,AI-non-white,27,81.48148148148148,22,5.088363636363637,29,82.75862068965517,24,5.045708333333334,TRUE,TRUE
participant_1144,AI-non-white,29,72.41379310344827,21,2.049052380952381,33,75.75757575757575,25,2.196304,TRUE,TRUE
participant_1145,AI-non-white,23,86.95652173913044,20,2.051235,29,86.20689655172413,25,2.029452,TRUE,TRUE
participant_1146,AI-non-white,24,91.66666666666666,22,2.41995,29,86.20689655172413,25,2.42568,TRUE,TRUE
participant_1147,AI-non-white,21,95.23809523809523,20,3.679235,25,92,23,3.5426565217391306,TRUE,TRUE
participant_1148,AI-non-white,3,66.66666666666666,2,3.9521499999999996,3,66.66666666666666,2,3.9521499999999996,FALSE,FALSE
participant_1150,AI-non-white,21,85.71428571428571,18,2.9285944444444443,25,88,22,2.967609090909091,TRUE,TRUE
participant_1151,AI-non-white,22,86.36363636363636,19,1.8835263157894737,26,88.46153846153845,23,1.9982608695652173,TRUE,TRUE
participant_1152,AI-non-white,27,88.88888888888889,24,2.0272,33,90.9090909090909,30,1.9416266666666666,TRUE,TRUE
participant_1153,AI-non-white,22,100,22,3.008281818181818,26,100,26,2.9508,TRUE,TRUE
participant_1155,AI-non-white,19,100,19,3.1906736842105263,25,100,25,3.041976,TRUE,TRUE
participant_1156,AI-non-white,22,90.9090909090909,19,7.764615789473684,25,92,21,7.232657142857143,TRUE,TRUE
participant_1157,AI-non-white,29,93.10344827586206,27,4.59187037037037,32,93.75,30,4.422593333333333,TRUE,TRUE
participant_1158,AI-non-white,19,63.1578947368421,12,4.747833333333333,26,73.07692307692307,19,5.506257894736842,TRUE,TRUE
participant_1160,AI-non-white,22,100,22,2.618218181818182,29,100,29,2.731731034482759,TRUE,TRUE
participant_1161,AI-non-white,20,80,16,2.233625,27,85.18518518518519,23,2.3433,TRUE,TRUE
participant_1162,AI-non-white,19,84.21052631578947,16,1.96914375,22,86.36363636363636,19,1.9453684210526316,TRUE,TRUE
participant_1164,AI-non-white,19,84.21052631578947,16,3.53210625,22,86.36363636363636,19,3.407584210526316,TRUE,TRUE
participant_1165,AI-non-white,25,76,19,2.057942105263158,27,77.77777777777779,21,2.1149142857142857,TRUE,TRUE
participant_1166,AI-non-white,24,79.16666666666666,19,2.8883105263157898,28,82.14285714285714,23,2.733591304347826,TRUE,TRUE
participant_1168,AI-non-white,33,100,33,3.167430303030303,36,100,36,3.013988888888889,TRUE,TRUE
participant_1169,AI-non-white,28,92.85714285714286,26,3.0673384615384616,35,94.28571428571428,33,3.0685939393939394,TRUE,TRUE
participant_1170,AI-non-white,22,95.45454545454545,21,2.8044142857142855,28,96.42857142857143,27,2.711225925925926,TRUE,TRUE
participant_1171,AI-non-white,19,73.68421052631578,14,2.1050714285714287,22,77.27272727272727,17,1.9709176470588234,TRUE,TRUE
participant_1172,AI-non-white,27,85.18518518518519,23,2.4089565217391304,30,86.66666666666667,26,2.357923076923077,TRUE,TRUE
participant_1175,AI-non-white,25,80,20,2.4335649999999998,27,81.48148148148148,22,2.3647545454545456,TRUE,TRUE
participant_1176,AI-non-white,23,91.30434782608695,21,1.8558666666666668,24,91.66666666666666,22,1.848259090909091,TRUE,TRUE
participant_1177,AI-non-white,21,61.904761904761905,13,1.5345923076923078,24,66.66666666666666,16,1.52034375,TRUE,TRUE
participant_1179,AI-non-white,20,65,13,5.2019769230769235,23,69.56521739130434,16,4.73075625,TRUE,TRUE
participant_1181,AI-non-white,30,76.66666666666667,23,2.275360869565217,32,78.125,25,2.211832,TRUE,TRUE
participant_1182,AI-non-white,29,68.96551724137932,20,3.49307,33,72.72727272727273,23,3.645634782608696,TRUE,TRUE
participant_1183,AI-non-white,30,93.33333333333333,28,2.569432142857143,33,93.93939393939394,31,2.6737806451612904,TRUE,TRUE
participant_1184,AI-non-white,28,92.85714285714286,26,2.679880769230769,32,93.75,30,2.52394,TRUE,TRUE
participant_1185,AI-non-white,18,72.22222222222221,13,2.6413384615384614,24,79.16666666666666,19,2.459763157894737,TRUE,TRUE
participant_1186,AI-non-white,24,95.83333333333334,23,1.3047478260869565,28,96.42857142857143,27,1.3119,TRUE,TRUE
participant_1187,AI-non-white,27,92.5925925925926,25,1.8937,35,94.28571428571428,33,1.8514515151515152,TRUE,TRUE
participant_1188,AI-non-white,24,83.33333333333334,20,2.04827,25,84,21,2.094404761904762,TRUE,TRUE
participant_1189,AI-non-white,20,95,19,1.3837,24,95.83333333333334,23,1.4004173913043478,TRUE,TRUE
participant_1190,AI-non-white,20,95,19,3.444121052631579,23,95.65217391304348,22,3.355209090909091,TRUE,TRUE
participant_1191,AI-non-white,22,81.81818181818183,18,1.9774777777777777,25,84,21,1.9538285714285715,TRUE,TRUE
participant_1192,AI-non-white,20,80,16,2.50274375,23,78.26086956521739,18,2.479711111111111,TRUE,TRUE
participant_1193,AI-non-white,25,76,19,2.7678105263157895,26,76.92307692307693,20,2.711125,TRUE,TRUE
participant_1194,AI-non-white,24,83.33333333333334,20,1.915885,27,85.18518518518519,23,1.8632347826086957,TRUE,TRUE
participant_1195,AI-non-white,18,94.44444444444444,17,1.6821235294117647,23,95.65217391304348,22,1.5726272727272728,TRUE,TRUE
participant_1196,AI-non-white,23,65.21739130434783,15,3.0740333333333334,24,66.66666666666666,16,2.99510625,TRUE,TRUE
participant_1197,AI-non-white,24,70.83333333333334,17,1.4119882352941175,29,75.86206896551724,22,1.3677181818181818,TRUE,TRUE
participant_1198,AI-non-white,20,100,20,2.58236,24,100,24,2.6452125,TRUE,TRUE
participant_1199,AI-non-white,31,96.7741935483871,30,5.411136666666667,34,97.05882352941177,33,5.2264,TRUE,TRUE
participant_1201,AI-non-white,26,100,26,3.0428076923076923,30,100,30,3.0756666666666668,TRUE,TRUE
participant_1202,AI-non-white,23,69.56521739130434,16,2.573625,27,74.07407407407408,20,3.1772,TRUE,TRUE
participant_1204,AI-non-white,26,80.76923076923077,21,1.9571142857142858,29,82.75862068965517,22,1.9311681818181818,TRUE,TRUE
participant_1205,AI-non-white,21,80.95238095238095,16,2.7309625,24,83.33333333333334,19,2.680821052631579,TRUE,TRUE
participant_1206,AI-non-white,27,81.48148148148148,22,2.435277272727273,29,82.75862068965517,24,2.42205,TRUE,TRUE
participant_1208,AI-non-white,23,91.30434782608695,21,1.6932380952380952,27,92.5925925925926,25,1.81864,TRUE,TRUE
participant_1209,AI-non-white,29,86.20689655172413,25,2.191424,35,88.57142857142857,31,2.101306451612903,TRUE,TRUE
participant_1211,AI-non-white,26,76.92307692307693,20,2.93975,28,78.57142857142857,22,2.7994090909090907,TRUE,TRUE
participant_1212,AI-non-white,34,91.17647058823529,31,4.545364516129032,37,91.8918918918919,34,5.122529411764706,TRUE,TRUE
participant_1213,AI-non-white,22,72.72727272727273,16,2.81635625,26,76.92307692307693,20,2.767745,TRUE,TRUE
participant_1215,AI-non-white,25,92,23,3.3281521739130433,28,92.85714285714286,26,3.1944576923076924,TRUE,TRUE
participant_1216,AI-non-white,33,81.81818181818183,27,1.8351629629629629,34,82.35294117647058,28,1.8136785714285715,TRUE,TRUE
participant_1217,AI-non-white,28,85.71428571428571,24,2.2827583333333332,30,86.66666666666667,26,2.282426923076923,TRUE,TRUE
participant_1218,AI-non-white,23,100,23,3.8134478260869566,27,100,27,3.803637037037037,TRUE,TRUE
participant_1219,AI-non-white,22,81.81818181818183,18,1.7588333333333332,25,84,21,1.7520952380952381,TRUE,TRUE
participant_1220,AI-non-white,22,95.45454545454545,21,2.2913380952380953,23,95.65217391304348,22,2.2695454545454545,TRUE,TRUE
participant_1221,AI-non-white,28,78.57142857142857,22,2.6184545454545454,31,80.64516129032258,25,2.763664,TRUE,TRUE
participant_1222,AI-non-white,24,83.33333333333334,20,2.89028,26,80.76923076923077,21,2.861061904761905,TRUE,TRUE
participant_1223,AI-non-white,24,91.66666666666666,22,1.835,26,92.3076923076923,24,1.8385,TRUE,TRUE
participant_1224,AI-non-white,27,100,27,1.9975,32,100,32,3.13695625,TRUE,TRUE
participant_1226,AI-non-white,14,21.428571428571427,3,4.3381,18,33.33333333333333,6,3.8692166666666665,TRUE,FALSE
participant_1227,AI-non-white,24,66.66666666666666,16,2.25980625,29,72.41379310344827,21,2.5006666666666666,TRUE,TRUE
participant_1228,AI-non-white,30,83.33333333333334,24,4.48945,32,84.375,26,4.396569230769231,TRUE,TRUE
participant_1229,AI-non-white,18,66.66666666666666,12,3.461125,19,68.42105263157895,13,3.3537,TRUE,TRUE
participant_1230,AI-non-white,24,83.33333333333334,20,2.960645,26,84.61538461538461,22,2.8688863636363635,TRUE,TRUE
participant_1231,AI-non-white,22,63.63636363636363,14,2.0564214285714284,25,68,17,2.0599588235294117,TRUE,TRUE
participant_1232,AI-non-white,29,89.65517241379311,26,2.674519230769231,31,90.32258064516128,28,2.6131964285714284,TRUE,TRUE
participant_1233,AI-non-white,27,88.88888888888889,24,1.5464,30,90,27,1.6787703703703705,TRUE,TRUE
participant_1235,AI-non-white,20,100,20,3.127685,23,100,23,2.971165217391304,TRUE,TRUE
participant_1236,AI-non-white,21,80.95238095238095,17,2.8660705882352944,24,83.33333333333334,20,3.63643,TRUE,TRUE
participant_1238,AI-non-white,26,92.3076923076923,24,1.669175,28,92.85714285714286,26,1.6443576923076924,TRUE,TRUE
participant_1241,AI-non-white,24,79.16666666666666,19,1.8569052631578946,29,79.3103448275862,23,1.8782217391304348,TRUE,TRUE
participant_1242,AI-non-white,25,84,21,3.0704285714285713,28,85.71428571428571,24,2.8905833333333333,TRUE,TRUE
participant_1243,AI-non-white,24,83.33333333333334,20,3.088275,27,85.18518518518519,23,3.3057,TRUE,TRUE
participant_1244,AI-non-white,28,96.42857142857143,27,5.2154444444444445,30,96.66666666666667,29,5.218013793103449,TRUE,TRUE
participant_1245,AI-non-white,23,86.95652173913044,20,1.74406,26,88.46153846153845,23,1.7530478260869566,TRUE,TRUE
participant_1246,AI-non-white,24,79.16666666666666,19,2.6083105263157895,28,78.57142857142857,22,2.5794363636363635,TRUE,TRUE
participant_1248,AI-non-white,30,86.66666666666667,26,2.3548846153846155,31,87.09677419354838,27,2.3606,TRUE,TRUE
participant_1249,AI-non-white,24,83.33333333333334,20,2.4091650000000002,25,84,21,2.391947619047619,TRUE,TRUE
participant_1250,AI-non-white,24,91.66666666666666,22,2.818909090909091,28,89.28571428571429,25,3.008228,TRUE,TRUE
participant_1251,AI-non-white,24,87.5,21,2.429666666666667,29,89.65517241379311,26,2.576473076923077,TRUE,TRUE
participant_1253,AI-non-white,15,73.33333333333333,11,2.5227636363636363,18,77.77777777777779,14,2.55415,TRUE,TRUE
participant_1254,AI-non-white,26,76.92307692307693,20,1.44467,30,80,24,1.399675,TRUE,TRUE
participant_1255,AI-non-white,21,100,21,2.528552380952381,24,100,24,2.4852,TRUE,TRUE
participant_1257,AI-non-white,25,84,21,2.1260333333333334,27,85.18518518518519,23,2.0986347826086957,TRUE,TRUE
participant_1258,AI-non-white,23,86.95652173913044,20,3.882225,26,88.46153846153845,23,3.709378260869565,TRUE,TRUE
participant_1259,AI-non-white,26,92.3076923076923,24,3.206325,30,93.33333333333333,28,3.279839285714286,TRUE,TRUE
participant_1260,AI-non-white,21,61.904761904761905,13,2.7702846153846155,23,65.21739130434783,15,2.5578733333333332,TRUE,TRUE
participant_1261,AI-non-white,24,95.83333333333334,23,1.4038260869565218,26,96.15384615384616,25,1.384196,TRUE,TRUE
participant_1262,AI-non-white,19,84.21052631578947,16,2.4468187500000003,24,87.5,21,2.155095238095238,TRUE,TRUE
participant_1263,AI-non-white,19,84.21052631578947,16,1.77801875,26,88.46153846153845,23,1.7806869565217391,TRUE,TRUE
participant_1264,AI-non-white,24,83.33333333333334,20,3.257735,25,84,21,3.1811190476190476,TRUE,TRUE
participant_1266,AI-non-white,23,69.56521739130434,16,3.96189375,29,75.86206896551724,22,3.8912227272727273,TRUE,TRUE
participant_1267,AI-non-white,34,94.11764705882352,32,2.27034375,38,94.73684210526315,36,2.2631944444444443,TRUE,TRUE
participant_1273,AI-non-white,21,85.71428571428571,18,3.8977166666666667,26,88.46153846153845,23,3.9137695652173914,TRUE,TRUE
participant_1274,AI-non-white,28,96.42857142857143,27,1.6900777777777778,32,96.875,31,1.651683870967742,TRUE,TRUE
participant_1275,AI-non-white,24,91.66666666666666,22,2.2157636363636364,32,90.625,29,2.291196551724138,TRUE,TRUE
participant_1276,AI-non-white,22,95.45454545454545,21,2.7225047619047618,26,96.15384615384616,25,3.265588,TRUE,TRUE
participant_0003,AI-diverse,41,97.5609756097561,40,2.886915,46,97.82608695652173,45,2.8294044444444446,TRUE,TRUE
participant_0004,AI-diverse,35,88.57142857142857,31,2.0912516129032257,43,90.69767441860465,39,2.068425641025641,TRUE,TRUE
participant_0005,AI-diverse,27,70.37037037037037,19,2.1603157894736844,32,75,24,2.093583333333333,TRUE,TRUE
participant_0006,AI-diverse,32,78.125,24,2.3173625,39,82.05128205128204,31,2.288667741935484,TRUE,TRUE
participant_0007,AI-diverse,37,94.5945945945946,32,3.58796875,45,95.55555555555556,39,3.3817692307692306,TRUE,TRUE
participant_0008,AI-diverse,37,91.8918918918919,34,3.8199411764705884,44,93.18181818181817,41,3.5758048780487806,TRUE,TRUE
participant_0009,AI-diverse,43,90.69767441860465,39,2.582546153846154,49,91.83673469387756,45,2.5422177777777777,TRUE,TRUE
participant_0010,AI-diverse,37,91.8918918918919,34,1.6713470588235293,40,92.5,37,1.6730135135135136,TRUE,TRUE
participant_0011,AI-diverse,36,97.22222222222221,35,1.66254,43,97.67441860465115,42,1.6054190476190475,TRUE,TRUE
participant_0012,AI-diverse,31,74.19354838709677,22,4.935995454545455,38,78.94736842105263,29,4.681131034482759,TRUE,TRUE
participant_0013,AI-diverse,39,84.61538461538461,33,3.473072727272727,46,86.95652173913044,40,3.2372375,TRUE,TRUE
participant_0014,AI-diverse,40,90,36,3.635683333333333,43,90.69767441860465,39,3.473953846153846,TRUE,TRUE
participant_0015,AI-diverse,38,92.10526315789474,35,1.6536457142857144,43,93.02325581395348,40,1.64506,TRUE,TRUE
participant_0016,AI-diverse,31,100,31,2.2953225806451614,39,100,39,2.169897435897436,TRUE,TRUE
participant_0017,AI-diverse,37,81.08108108108108,30,1.8156866666666667,40,82.5,33,1.8488969696969697,TRUE,TRUE
participant_0018,AI-diverse,42,95.23809523809523,40,3.827075,45,95.55555555555556,43,3.7803093023255814,TRUE,TRUE
participant_0019,AI-diverse,39,89.74358974358975,35,1.9417714285714285,42,90.47619047619048,38,1.9622105263157894,TRUE,TRUE
participant_0020,AI-diverse,34,88.23529411764706,30,3.2659333333333334,39,89.74358974358975,35,3.4234285714285715,TRUE,TRUE
participant_0021,AI-diverse,35,68.57142857142857,24,3.4389541666666665,42,66.66666666666666,28,3.3444714285714285,TRUE,TRUE
participant_0025,AI-diverse,33,87.87878787878788,29,2.42221724137931,40,90,36,2.4190972222222222,TRUE,TRUE
participant_0026,AI-diverse,32,93.75,30,2.0966666666666667,40,95,38,2.048157894736842,TRUE,TRUE
participant_0031,AI-diverse,33,81.81818181818183,27,3.749911111111111,40,85,34,3.2741588235294117,TRUE,TRUE
participant_0033,AI-diverse,36,80.55555555555556,29,2.0038275862068966,41,82.92682926829268,34,1.9972941176470589,TRUE,TRUE
participant_0034,AI-diverse,32,65.625,21,1.8079095238095237,38,71.05263157894737,27,1.964825925925926,TRUE,TRUE
participant_0035,AI-diverse,35,91.42857142857143,32,3.2933125,43,93.02325581395348,40,3.06995,TRUE,TRUE
participant_0036,AI-diverse,39,100,39,1.7374179487179486,45,100,45,1.74198,TRUE,TRUE
participant_0037,AI-diverse,34,97.05882352941177,33,1.678130303030303,39,97.43589743589743,38,1.7194421052631579,TRUE,TRUE
participant_0038,AI-diverse,39,89.74358974358975,35,1.9995171428571428,43,90.69767441860465,39,2.0972641025641026,TRUE,TRUE
participant_0039,AI-diverse,31,93.54838709677419,29,1.5273241379310345,38,89.47368421052632,34,1.5848205882352941,TRUE,TRUE
participant_0040,AI-diverse,36,100,36,2.8000694444444445,44,100,44,2.662540909090909,TRUE,TRUE
participant_0041,AI-diverse,35,97.14285714285714,34,2.1106764705882353,41,97.5609756097561,40,2.087905,TRUE,TRUE
participant_0042,AI-diverse,34,64.70588235294117,22,2.5952772727272726,39,69.23076923076923,27,3.021596296296296,TRUE,TRUE
participant_0043,AI-diverse,42,88.09523809523809,37,2.535710810810811,45,88.88888888888889,40,2.486295,TRUE,TRUE
participant_0044,AI-diverse,36,88.88888888888889,32,2.7180625,37,89.1891891891892,33,2.723272727272727,TRUE,TRUE
participant_0045,AI-diverse,34,88.23529411764706,30,2.05035,38,89.47368421052632,34,2.0280029411764704,TRUE,TRUE
participant_0046,AI-diverse,33,87.87878787878788,29,1.293644827586207,40,90,36,1.3412277777777777,TRUE,TRUE
participant_0047,AI-diverse,44,95.45454545454545,42,1.6377142857142857,51,96.07843137254902,49,1.626387755102041,TRUE,TRUE
participant_0048,AI-diverse,32,65.625,21,1.4102619047619047,36,69.44444444444444,25,1.445028,TRUE,TRUE
participant_0049,AI-diverse,38,94.73684210526315,36,2.057263888888889,42,95.23809523809523,40,2.0279,TRUE,TRUE
participant_0050,AI-diverse,30,76.66666666666667,23,1.7107391304347825,34,79.41176470588235,27,1.6733333333333333,TRUE,TRUE
participant_0051,AI-diverse,43,88.37209302325581,38,2.136247368421053,45,88.88888888888889,40,2.128555,TRUE,TRUE
participant_0052,AI-diverse,28,96.42857142857143,27,2.2258518518518517,34,97.05882352941177,33,2.1676363636363636,TRUE,TRUE
participant_0053,AI-diverse,38,86.8421052631579,33,2.4063363636363637,41,87.8048780487805,36,2.3827194444444446,TRUE,TRUE
participant_0054,AI-diverse,34,94.11764705882352,32,2.408965625,43,95.34883720930233,41,2.532192682926829,TRUE,TRUE
participant_0055,AI-diverse,34,82.35294117647058,28,2.1579357142857143,37,83.78378378378379,31,2.179941935483871,TRUE,TRUE
participant_0056,AI-diverse,35,94.28571428571428,33,1.8471151515151516,38,94.73684210526315,36,1.836813888888889,TRUE,TRUE
participant_0057,AI-diverse,44,90.9090909090909,40,2.210525,47,91.48936170212765,43,2.1541162790697674,TRUE,TRUE
participant_0058,AI-diverse,35,88.57142857142857,31,2.2477774193548385,42,90.47619047619048,38,2.2207526315789474,TRUE,TRUE
participant_0060,AI-diverse,36,88.88888888888889,32,2.29583125,37,89.1891891891892,33,2.2941484848484848,TRUE,TRUE
participant_0061,AI-diverse,33,84.84848484848484,28,2.1335821428571426,37,86.48648648648648,32,2.1136,TRUE,TRUE
participant_0062,AI-diverse,29,75.86206896551724,22,2.4888136363636364,33,78.78787878787878,26,2.628223076923077,TRUE,TRUE
participant_0063,AI-diverse,38,81.57894736842105,31,1.8317354838709676,42,83.33333333333334,35,1.8914028571428572,TRUE,TRUE
participant_0064,AI-diverse,36,86.11111111111111,31,3.290648387096774,41,87.8048780487805,36,3.185463888888889,TRUE,TRUE
participant_0065,AI-diverse,37,89.1891891891892,33,1.9358878787878788,43,90.69767441860465,39,1.910928205128205,TRUE,TRUE
participant_0066,AI-diverse,32,90.625,29,2.5872241379310346,35,91.42857142857143,32,2.536640625,TRUE,TRUE
participant_0067,AI-diverse,27,85.18518518518519,23,2.6568565217391305,38,89.47368421052632,34,2.3862617647058824,TRUE,TRUE
participant_0068,AI-diverse,36,86.11111111111111,31,2.663267741935484,44,88.63636363636364,39,2.5423717948717948,TRUE,TRUE
participant_0069,AI-diverse,34,100,34,2.688794117647059,37,97.2972972972973,36,2.659161111111111,TRUE,TRUE
participant_0070,AI-diverse,37,86.48648648648648,32,1.970828125,41,87.8048780487805,36,1.992025,TRUE,TRUE
participant_0071,AI-diverse,25,96,24,1.632275,32,96.875,31,1.6638806451612902,TRUE,TRUE
participant_0072,AI-diverse,31,70.96774193548387,21,2.3155,35,74.28571428571429,25,2.2653,TRUE,TRUE
participant_0073,AI-diverse,39,100,39,2.649564102564103,43,97.67441860465115,42,3.0361571428571428,TRUE,TRUE
participant_0074,AI-diverse,33,81.81818181818183,27,2.414748148148148,41,85.36585365853658,35,2.4095685714285713,TRUE,TRUE
participant_0075,AI-diverse,28,85.71428571428571,24,2.7771083333333335,34,88.23529411764706,30,2.60602,TRUE,TRUE
participant_0076,AI-diverse,29,86.20689655172413,25,2.45044,40,90,36,2.401436111111111,TRUE,TRUE
participant_0077,AI-diverse,30,86.66666666666667,26,3.438576923076923,40,90,36,3.6954166666666666,TRUE,TRUE
participant_0078,AI-diverse,33,87.87878787878788,29,1.980555172413793,41,90.2439024390244,37,1.8587405405405406,TRUE,TRUE
participant_0079,AI-diverse,32,93.75,30,1.9033433333333334,36,94.44444444444444,34,1.9380235294117647,TRUE,TRUE
participant_0080,AI-diverse,35,97.14285714285714,34,2.0149411764705882,42,97.61904761904762,41,1.9867317073170732,TRUE,TRUE
participant_0081,AI-diverse,32,87.5,28,2.003125,39,89.74358974358975,35,2.19152,TRUE,TRUE
participant_0082,AI-diverse,37,97.2972972972973,34,3.2059558823529413,42,95.23809523809523,38,3.111644736842105,TRUE,TRUE
participant_0083,AI-diverse,33,78.78787878787878,26,1.7792576923076924,40,77.5,31,1.8529225806451612,TRUE,TRUE
participant_0084,AI-diverse,23,86.95652173913044,20,2.888995,36,91.66666666666666,33,2.449878787878788,TRUE,TRUE
participant_0085,AI-diverse,35,91.42857142857143,32,2.8285625,42,92.85714285714286,39,2.8211794871794873,TRUE,TRUE
participant_0086,AI-diverse,40,90,36,2.1243944444444445,47,91.48936170212765,43,2.0961883720930232,TRUE,TRUE
participant_0087,AI-diverse,31,74.19354838709677,23,3.5303391304347826,36,77.77777777777779,28,3.462017857142857,TRUE,TRUE
participant_0088,AI-diverse,35,91.42857142857143,32,1.851453125,40,92.5,37,1.8883054054054054,TRUE,TRUE
participant_0089,AI-diverse,30,96.66666666666667,29,2.2806793103448277,34,97.05882352941177,33,2.267948484848485,TRUE,TRUE
participant_0090,AI-diverse,36,83.33333333333334,30,1.9250666666666667,39,84.61538461538461,33,1.8897575757575757,TRUE,TRUE
participant_0091,AI-diverse,33,100,33,3.151112121212121,38,100,38,2.96545,TRUE,TRUE
participant_0092,AI-diverse,34,88.23529411764706,30,3.46755,41,90.2439024390244,37,3.241718918918919,TRUE,TRUE
participant_0093,AI-diverse,33,75.75757575757575,25,4.81624,39,76.92307692307693,30,4.5389333333333335,TRUE,TRUE
participant_0094,AI-diverse,20,55.00000000000001,11,1.995818181818182,32,71.875,23,2.1473652173913043,TRUE,TRUE
participant_0095,AI-diverse,33,87.87878787878788,29,1.7703931034482758,38,86.8421052631579,33,1.8097727272727273,TRUE,TRUE
participant_0096,AI-diverse,26,84.61538461538461,22,1.983759090909091,29,86.20689655172413,25,2.0228,TRUE,TRUE
participant_0097,AI-diverse,32,68.75,22,2.3013136363636364,36,72.22222222222221,26,2.2661615384615383,TRUE,TRUE
participant_0098,AI-diverse,27,59.25925925925925,13,2.049923076923077,30,60,15,2.6958,TRUE,TRUE
participant_0099,AI-diverse,30,70,21,1.6974952380952382,34,73.52941176470588,25,1.614424,TRUE,TRUE
participant_0100,AI-diverse,38,81.57894736842105,31,2.0142870967741935,46,84.78260869565217,39,1.9232,TRUE,TRUE
participant_0101,AI-diverse,46,89.13043478260869,41,2.6220146341463413,50,90,45,2.6133333333333333,TRUE,TRUE
participant_0102,AI-diverse,42,97.61904761904762,41,1.5921536585365854,45,97.77777777777777,44,1.6341113636363636,TRUE,TRUE
participant_0103,AI-diverse,34,85.29411764705883,29,2.2210689655172415,42,88.09523809523809,37,2.1942162162162164,TRUE,TRUE
participant_0104,AI-diverse,31,93.54838709677419,29,3.6259137931034484,40,95,38,3.6636315789473684,TRUE,TRUE
participant_0105,AI-diverse,33,90.9090909090909,30,3.9012866666666666,36,91.66666666666666,33,3.8053,TRUE,TRUE
participant_0106,AI-diverse,38,97.36842105263158,37,2.133210810810811,47,95.74468085106383,45,2.08752,TRUE,TRUE
participant_0107,AI-diverse,41,100,41,3.9966341463414636,44,100,44,3.895659090909091,TRUE,TRUE
participant_0108,AI-diverse,31,90.32258064516128,28,2.9687571428571427,34,91.17647058823529,31,2.9091290322580643,TRUE,TRUE
participant_0109,AI-diverse,33,93.93939393939394,31,3.2501870967741935,37,94.5945945945946,35,3.0984714285714285,TRUE,TRUE
participant_0110,AI-diverse,31,83.87096774193549,26,2.954680769230769,35,85.71428571428571,30,2.86539,TRUE,TRUE
participant_0111,AI-diverse,33,93.93939393939394,31,2.578016129032258,40,95,38,2.3830921052631577,TRUE,TRUE
participant_0112,AI-diverse,32,78.125,25,2.50704,36,80.55555555555556,29,2.496,TRUE,TRUE
participant_0113,AI-diverse,33,81.81818181818183,27,1.836614814814815,39,84.61538461538461,33,1.8585333333333334,TRUE,TRUE
participant_0114,AI-diverse,34,88.23529411764706,30,2.9622166666666665,38,89.47368421052632,34,3.133935294117647,TRUE,TRUE
participant_0115,AI-diverse,22,90.9090909090909,19,3.8106105263157897,28,92.85714285714286,25,4.104856,TRUE,TRUE
participant_0116,AI-diverse,36,88.88888888888889,32,2.80318125,43,90.69767441860465,39,2.714320512820513,TRUE,TRUE
participant_0117,AI-diverse,35,88.57142857142857,31,1.8934516129032257,42,90.47619047619048,38,1.9304736842105263,TRUE,TRUE
participant_0118,AI-diverse,28,60.71428571428571,17,1.7113411764705881,34,64.70588235294117,22,1.8186227272727273,TRUE,TRUE
participant_0119,AI-diverse,32,84.375,27,3.602440740740741,37,86.48648648648648,32,3.430759375,TRUE,TRUE
participant_0121,AI-diverse,28,96.42857142857143,26,5.991692307692308,34,97.05882352941177,32,5.443075,TRUE,TRUE
participant_0122,AI-diverse,35,60,21,2.448852380952381,38,60.526315789473685,23,2.395178260869565,TRUE,TRUE
participant_0123,AI-diverse,37,83.78378378378379,31,1.5161612903225805,43,86.04651162790698,37,2.0947567567567567,TRUE,TRUE
participant_0124,AI-diverse,34,91.17647058823529,31,2.5387612903225807,36,91.66666666666666,33,2.509509090909091,TRUE,TRUE
participant_0125,AI-diverse,38,89.47368421052632,34,2.9489411764705884,44,90.9090909090909,40,2.9097399999999998,TRUE,TRUE
participant_0126,AI-diverse,35,82.85714285714286,29,1.6048551724137932,41,85.36585365853658,35,1.68134,TRUE,TRUE
participant_0127,AI-diverse,37,75.67567567567568,28,3.3681642857142857,46,80.43478260869566,37,3.6741891891891894,TRUE,TRUE
participant_0128,AI-diverse,40,77.5,31,1.619383870967742,45,80,36,1.5945305555555556,TRUE,TRUE
participant_0129,AI-diverse,31,87.09677419354838,27,1.590148148148148,37,89.1891891891892,33,1.559030303030303,TRUE,TRUE
participant_0130,AI-diverse,34,88.23529411764706,28,2.168567857142857,38,86.8421052631579,31,2.073903225806452,TRUE,TRUE
participant_0131,AI-diverse,37,67.56756756756756,25,3.3575,44,72.72727272727273,32,3.0722625,TRUE,TRUE
participant_0132,AI-diverse,37,91.8918918918919,34,2.416185294117647,44,93.18181818181817,41,2.316241463414634,TRUE,TRUE
participant_0133,AI-diverse,40,82.5,33,1.817739393939394,45,84.44444444444444,38,1.7682421052631578,TRUE,TRUE
participant_0134,AI-diverse,27,85.18518518518519,23,2.1799260869565216,39,89.74358974358975,35,2.01838,TRUE,TRUE
participant_0135,AI-diverse,37,100,37,2.0740486486486485,41,100,41,2.032470731707317,TRUE,TRUE
participant_0136,AI-diverse,33,90.9090909090909,29,2.9841206896551724,40,92.5,36,2.7128694444444443,TRUE,TRUE
participant_0137,AI-diverse,28,89.28571428571429,25,2.27316,40,92.5,37,2.0902702702702705,TRUE,TRUE
participant_0138,AI-diverse,41,87.8048780487805,36,3.9869861111111113,47,89.36170212765957,42,3.9299642857142856,TRUE,TRUE
participant_0139,AI-diverse,33,90.9090909090909,30,2.1982333333333335,37,91.8918918918919,34,2.105735294117647,TRUE,TRUE
participant_0140,AI-diverse,31,90.32258064516128,28,2.8415714285714286,37,91.8918918918919,34,2.639970588235294,TRUE,TRUE
participant_0141,AI-diverse,40,92.5,37,3.031754054054054,46,93.47826086956522,43,3.059893023255814,TRUE,TRUE
participant_0142,AI-diverse,38,73.68421052631578,28,1.6507214285714287,42,76.19047619047619,32,1.7028,TRUE,TRUE
participant_0143,AI-diverse,29,79.3103448275862,23,2.764130434782609,34,82.35294117647058,28,2.6585535714285715,TRUE,TRUE
participant_0144,AI-diverse,33,96.96969696969697,32,2.761615625,39,97.43589743589743,38,2.7032105263157895,TRUE,TRUE
participant_0145,AI-diverse,32,56.25,18,2.3807944444444447,40,65,26,2.311903846153846,TRUE,TRUE
participant_0146,AI-diverse,40,97.5,39,1.5265948717948719,45,97.77777777777777,44,1.528425,TRUE,TRUE
participant_0147,AI-diverse,29,86.20689655172413,25,3.3789000000000002,35,85.71428571428571,30,3.4909333333333334,TRUE,TRUE
participant_0148,AI-diverse,43,93.02325581395348,40,1.94571,50,94,47,2.043663829787234,TRUE,TRUE
participant_0149,AI-diverse,38,81.57894736842105,31,4.494645161290323,40,82.5,33,4.378878787878788,TRUE,TRUE
participant_0150,AI-diverse,33,87.87878787878788,29,2.604855172413793,39,87.17948717948718,34,2.57315,TRUE,TRUE
participant_0151,AI-diverse,39,84.61538461538461,33,1.8328090909090908,42,85.71428571428571,36,1.8285194444444444,TRUE,TRUE
participant_0152,AI-diverse,32,90.625,29,2.0941689655172415,39,92.3076923076923,36,2.0980305555555554,TRUE,TRUE
participant_0153,AI-diverse,30,96.66666666666667,29,2.141551724137931,33,93.93939393939394,31,2.2286774193548387,TRUE,TRUE
participant_0154,AI-diverse,35,88.57142857142857,31,1.2758387096774193,39,89.74358974358975,35,1.23078,TRUE,TRUE
participant_0155,AI-diverse,39,94.87179487179486,37,1.8281297297297296,45,95.55555555555556,43,1.8159395348837208,TRUE,TRUE
participant_0157,AI-diverse,33,100,33,3.1690939393939392,43,97.67441860465115,41,3.394509756097561,TRUE,TRUE
participant_0158,AI-diverse,41,92.6829268292683,38,2.1230473684210525,43,93.02325581395348,40,2.4246475,TRUE,TRUE
participant_0159,AI-diverse,42,90.47619047619048,38,3.4704526315789472,48,91.66666666666666,44,3.3146522727272725,TRUE,TRUE
participant_0160,AI-diverse,33,78.78787878787878,26,2.037223076923077,41,78.04878048780488,32,1.991384375,TRUE,TRUE
participant_0161,AI-diverse,34,85.29411764705883,29,2.2957,39,87.17948717948718,34,2.310105882352941,TRUE,TRUE
participant_0162,AI-diverse,30,90,27,1.810851851851852,37,91.8918918918919,34,1.940735294117647,TRUE,TRUE
participant_0163,AI-diverse,39,94.87179487179486,37,3.591864864864865,45,95.55555555555556,43,4.3984883720930235,TRUE,TRUE
participant_0164,AI-diverse,28,92.85714285714286,26,1.5652038461538462,34,94.11764705882352,32,1.5975125,TRUE,TRUE
participant_0165,AI-diverse,34,94.11764705882352,32,2.34136875,38,94.73684210526315,36,2.3406694444444445,TRUE,TRUE
participant_0166,AI-diverse,34,91.17647058823529,31,2.472903225806452,38,92.10526315789474,35,2.377382857142857,TRUE,TRUE
participant_0167,AI-diverse,40,95,38,2.1518394736842104,44,95.45454545454545,42,2.1415261904761906,TRUE,TRUE
participant_0168,AI-diverse,32,90.625,29,1.4984448275862068,34,91.17647058823529,31,1.593174193548387,TRUE,TRUE
participant_0169,AI-diverse,27,70.37037037037037,19,1.6461368421052631,32,71.875,23,1.5667695652173912,TRUE,TRUE
participant_0170,AI-diverse,38,92.10526315789474,35,2.36074,42,92.85714285714286,39,2.2866153846153847,TRUE,TRUE
participant_0171,AI-diverse,35,91.42857142857143,32,2.20565625,39,92.3076923076923,36,2.270388888888889,TRUE,TRUE
participant_0172,AI-diverse,30,96.66666666666667,29,2.231296551724138,37,97.2972972972973,36,2.1695333333333333,TRUE,TRUE
participant_0173,AI-diverse,28,89.28571428571429,25,1.91968,33,90.9090909090909,30,1.8722666666666667,TRUE,TRUE
participant_0174,AI-diverse,32,62.5,20,2.58935,42,71.42857142857143,30,2.1909,TRUE,TRUE
participant_0175,AI-diverse,31,83.87096774193549,26,3.1180153846153846,31,83.87096774193549,26,3.1180153846153846,TRUE,TRUE
participant_0176,AI-diverse,28,85.71428571428571,24,2.2187791666666667,33,87.87878787878788,29,2.240037931034483,TRUE,TRUE
participant_0177,AI-diverse,29,89.65517241379311,26,2.7990692307692306,40,90,36,2.50885,TRUE,TRUE
participant_0178,AI-diverse,37,43.24324324324324,16,1.74178125,40,42.5,17,1.8740705882352942,TRUE,TRUE
participant_0179,AI-diverse,38,89.47368421052632,34,2.2039382352941175,44,90.9090909090909,40,2.1012675,TRUE,TRUE
participant_0180,AI-diverse,34,70.58823529411765,24,2.6607958333333332,37,72.97297297297297,27,2.5171444444444444,TRUE,TRUE
participant_0181,AI-diverse,30,90,27,4.384925925925926,35,91.42857142857143,32,4.5655625,TRUE,TRUE
participant_0182,AI-diverse,42,78.57142857142857,33,1.6630909090909092,47,80.85106382978722,38,1.7126736842105263,TRUE,TRUE
participant_0183,AI-diverse,34,82.35294117647058,28,1.7712178571428572,42,85.71428571428571,36,1.758813888888889,TRUE,TRUE
participant_0184,AI-diverse,33,78.78787878787878,26,1.7555961538461538,39,82.05128205128204,32,1.7232875,TRUE,TRUE
participant_0185,AI-diverse,29,79.3103448275862,23,2.2632695652173913,36,83.33333333333334,30,2.2046366666666666,TRUE,TRUE
participant_0186,AI-diverse,32,90.625,29,3.2476931034482757,40,92.5,37,2.9553054054054053,TRUE,TRUE
participant_0187,AI-diverse,31,100,31,1.919358064516129,40,100,40,2.02834,TRUE,TRUE
participant_0188,AI-diverse,29,96.55172413793103,28,1.8752035714285715,33,96.96969696969697,32,1.875503125,TRUE,TRUE
participant_0189,AI-diverse,30,93.33333333333333,28,7.473485714285714,39,92.3076923076923,36,7.186683333333334,TRUE,TRUE
participant_0190,AI-diverse,40,82.5,33,3.738039393939394,45,84.44444444444444,38,3.586828947368421,TRUE,TRUE
participant_0191,AI-diverse,38,86.8421052631579,33,2.2487909090909093,44,88.63636363636364,39,2.1687538461538463,TRUE,TRUE
participant_0192,AI-diverse,40,82.5,33,2.283469696969697,46,84.78260869565217,39,2.1201692307692306,TRUE,TRUE
participant_0193,AI-diverse,39,92.3076923076923,36,2.1026833333333332,46,93.47826086956522,43,2.038467441860465,TRUE,TRUE
participant_0194,AI-diverse,32,84.375,27,3.124640740740741,37,86.48648648648648,32,2.991934375,TRUE,TRUE
participant_0195,AI-diverse,32,68.75,22,2.2113636363636364,38,73.68421052631578,28,2.4755714285714285,TRUE,TRUE
participant_0196,AI-diverse,25,84,21,3.1545238095238095,28,82.14285714285714,23,3.369086956521739,TRUE,TRUE
participant_0197,AI-diverse,27,74.07407407407408,20,2.413515,33,78.78787878787878,26,2.394434615384615,TRUE,TRUE
participant_0198,AI-diverse,35,91.42857142857143,32,2.58538125,43,93.02325581395348,40,2.4385325,TRUE,TRUE
participant_0199,AI-diverse,41,90.2439024390244,36,4.641933333333333,45,91.11111111111111,40,4.375475,TRUE,TRUE
participant_0200,AI-diverse,31,80.64516129032258,25,1.95012,42,85.71428571428571,36,1.8766694444444445,TRUE,TRUE
participant_0201,AI-diverse,39,89.74358974358975,35,2.5577314285714285,40,90,36,2.5271055555555555,TRUE,TRUE
participant_0202,AI-diverse,31,100,31,1.8981838709677419,37,100,37,1.8098243243243244,TRUE,TRUE
participant_0203,AI-diverse,37,81.08108108108108,30,3.6526,43,81.3953488372093,35,3.7075742857142857,TRUE,TRUE
participant_0204,AI-diverse,37,94.5945945945946,35,2.156217142857143,44,93.18181818181817,41,2.087629268292683,TRUE,TRUE
participant_0205,AI-diverse,43,95.34883720930233,40,6.4778199999999995,51,94.11764705882352,46,6.042845652173913,TRUE,TRUE
participant_0206,AI-diverse,31,90.32258064516128,27,3.7695925925925926,42,85.71428571428571,35,4.175931428571428,TRUE,TRUE
participant_0207,AI-diverse,34,58.82352941176471,20,2.47139,38,60.526315789473685,23,2.3670173913043477,TRUE,TRUE
participant_0208,AI-diverse,27,85.18518518518519,23,4.034856521739131,37,89.1891891891892,33,3.9592030303030303,TRUE,TRUE
participant_0209,AI-diverse,37,89.1891891891892,33,2.4910484848484846,44,90.9090909090909,40,2.4523975,TRUE,TRUE
participant_0210,AI-diverse,37,81.08108108108108,30,2.44658,39,82.05128205128204,32,2.3929875,TRUE,TRUE
participant_0211,AI-diverse,37,89.1891891891892,33,4.581912121212121,45,91.11111111111111,41,4.116424390243902,TRUE,TRUE
participant_0212,AI-diverse,32,87.5,28,2.0074535714285715,37,89.1891891891892,33,1.9276333333333333,TRUE,TRUE
participant_0213,AI-diverse,34,85.29411764705883,29,2.7606137931034485,39,87.17948717948718,34,2.7707088235294117,TRUE,TRUE
participant_0214,AI-diverse,40,85,34,3.102376470588235,48,87.5,42,2.916004761904762,TRUE,TRUE
participant_0215,AI-diverse,38,86.8421052631579,33,2.9000242424242426,45,86.66666666666667,39,2.787651282051282,TRUE,TRUE
participant_0216,AI-diverse,32,93.75,30,3.3454333333333333,37,94.5945945945946,35,3.5291428571428574,TRUE,TRUE
participant_0217,AI-diverse,37,89.1891891891892,33,2.7377151515151517,46,91.30434782608695,42,2.934590476190476,TRUE,TRUE
participant_0218,AI-diverse,36,86.11111111111111,31,2.2507806451612904,41,87.8048780487805,35,2.210914285714286,TRUE,TRUE
participant_0219,AI-diverse,33,93.93939393939394,30,3.7172233333333335,39,94.87179487179486,36,4.039913888888889,TRUE,TRUE
participant_0220,AI-diverse,36,91.66666666666666,33,1.7183151515151516,39,92.3076923076923,36,1.7459916666666666,TRUE,TRUE
participant_0221,AI-diverse,36,77.77777777777779,28,1.6536785714285713,45,82.22222222222221,37,1.7133243243243244,TRUE,TRUE
participant_0222,AI-diverse,34,88.23529411764706,29,4.611586206896551,38,89.47368421052632,33,4.686484848484849,TRUE,TRUE
participant_0223,AI-diverse,27,96.29629629629629,26,2.4269192307692307,33,96.96969696969697,32,3.10208125,TRUE,TRUE
participant_0225,AI-diverse,33,93.93939393939394,31,2.286767741935484,40,95,38,2.351413157894737,TRUE,TRUE
participant_0226,AI-diverse,42,85.71428571428571,36,1.3980805555555555,47,87.2340425531915,41,1.6836365853658537,TRUE,TRUE
participant_0227,AI-diverse,44,90.9090909090909,40,1.765905,47,91.48936170212765,43,1.7739813953488373,TRUE,TRUE
participant_0228,AI-diverse,42,95.23809523809523,40,1.912765,50,96,48,1.8338708333333333,TRUE,TRUE
participant_0229,AI-diverse,32,84.375,27,2.6189851851851853,37,83.78378378378379,31,3.3827709677419353,TRUE,TRUE
participant_0230,AI-diverse,33,93.93939393939394,30,3.286383333333333,44,95.45454545454545,41,3.162468292682927,TRUE,TRUE
participant_0231,AI-diverse,40,95,38,1.8431210526315789,49,91.83673469387756,45,1.8966066666666666,TRUE,TRUE
participant_0232,AI-diverse,34,91.17647058823529,31,2.616806451612903,38,92.10526315789474,35,2.556002857142857,TRUE,TRUE
participant_0233,AI-diverse,39,94.87179487179486,37,2.2618648648648647,44,95.45454545454545,42,2.167095238095238,TRUE,TRUE
participant_0234,AI-diverse,34,91.17647058823529,31,2.137290322580645,37,91.8918918918919,34,2.1217941176470587,TRUE,TRUE
participant_0235,AI-diverse,39,89.74358974358975,35,2.325674285714286,40,90,36,2.3001444444444443,TRUE,TRUE
participant_0236,AI-diverse,37,81.08108108108108,30,1.98255,45,84.44444444444444,38,1.9447894736842104,TRUE,TRUE
participant_0237,AI-diverse,33,75.75757575757575,25,1.631024,37,78.37837837837837,29,1.5816379310344828,TRUE,TRUE
participant_0238,AI-diverse,30,96.66666666666667,29,3.1988793103448274,38,97.36842105263158,37,3.0032378378378377,TRUE,TRUE
participant_0239,AI-diverse,34,94.11764705882352,32,1.681,40,95,38,1.6467894736842106,TRUE,TRUE
participant_0240,AI-diverse,41,87.8048780487805,36,2.597625,47,89.36170212765957,42,2.5462357142857144,TRUE,TRUE
participant_0241,AI-diverse,30,86.66666666666667,26,3.7183076923076923,39,89.74358974358975,35,3.8043428571428572,TRUE,TRUE
participant_0242,AI-diverse,30,73.33333333333333,22,2.039772727272727,35,77.14285714285715,27,1.941962962962963,TRUE,TRUE
participant_0243,AI-diverse,37,89.1891891891892,33,2.298969696969697,39,89.74358974358975,35,2.2585714285714285,TRUE,TRUE
participant_0244,AI-diverse,38,92.10526315789474,35,2.780397142857143,42,92.85714285714286,39,3.037717948717949,TRUE,TRUE
participant_0245,AI-diverse,36,80.55555555555556,29,2.076010344827586,43,69.76744186046511,30,2.1229933333333335,TRUE,TRUE
participant_0246,AI-diverse,41,70.73170731707317,29,1.9830206896551725,44,72.72727272727273,32,2.00804375,TRUE,TRUE
participant_0247,AI-diverse,33,93.93939393939394,31,2.195041935483871,43,90.69767441860465,39,2.1197743589743587,TRUE,TRUE
participant_0248,AI-diverse,37,94.5945945945946,32,3.41650625,42,95.23809523809523,37,3.6925162162162164,TRUE,TRUE
participant_0249,AI-diverse,46,89.13043478260869,41,2.987417073170732,50,90,45,2.9392955555555553,TRUE,TRUE
participant_0250,AI-diverse,28,89.28571428571429,25,2.9967799999999998,37,91.8918918918919,34,2.99615,TRUE,TRUE
participant_0251,AI-diverse,37,86.48648648648648,32,2.474296875,38,86.8421052631579,33,2.4716727272727272,TRUE,TRUE
participant_0252,AI-diverse,38,97.36842105263158,37,1.983664864864865,40,95,38,2.0323605263157893,TRUE,TRUE
participant_0253,AI-diverse,34,88.23529411764706,30,3.9885,40,90,36,3.939722222222222,TRUE,TRUE
participant_0254,AI-diverse,35,82.85714285714286,27,6.107688888888889,39,84.61538461538461,31,5.583116129032258,TRUE,TRUE
participant_0255,AI-diverse,30,70,21,2.547352380952381,39,74.35897435897436,29,2.7014275862068966,TRUE,TRUE
participant_0256,AI-diverse,36,86.11111111111111,31,3.1204741935483873,41,87.8048780487805,36,3.268841666666667,TRUE,TRUE
participant_0257,AI-diverse,35,97.14285714285714,34,2.6969117647058822,42,97.61904761904762,41,2.7315121951219514,TRUE,TRUE
participant_0258,AI-diverse,28,85.71428571428571,24,1.7348333333333334,36,88.88888888888889,32,1.72415625,TRUE,TRUE
participant_0259,AI-diverse,31,90.32258064516128,28,1.8007142857142857,41,92.6829268292683,38,1.7077894736842105,TRUE,TRUE
participant_0260,AI-diverse,33,78.78787878787878,26,3.7205307692307694,35,80,28,3.6009214285714286,TRUE,TRUE
participant_0262,AI-diverse,33,96.96969696969697,32,2.2881875,43,97.67441860465115,42,2.1987380952380953,TRUE,TRUE
participant_0263,AI-diverse,31,87.09677419354838,25,6.628792,38,89.47368421052632,32,6.331246875,TRUE,TRUE
participant_0264,AI-diverse,33,93.93939393939394,31,2.4461903225806454,43,95.34883720930233,41,2.5946073170731707,TRUE,TRUE
participant_0265,AI-diverse,33,87.87878787878788,29,2.1546,43,90.69767441860465,39,2.048053846153846,TRUE,TRUE
participant_0266,AI-diverse,29,79.3103448275862,23,3.0863521739130433,37,83.78378378378379,31,3.232341935483871,TRUE,TRUE
participant_0267,AI-diverse,33,87.87878787878788,26,5.588753846153846,41,90.2439024390244,33,5.263393939393939,TRUE,TRUE
participant_0268,AI-diverse,38,92.10526315789474,35,3.65294,41,92.6829268292683,38,3.704065789473684,TRUE,TRUE
participant_0269,AI-diverse,36,97.22222222222221,35,2.7838,42,97.61904761904762,41,2.757260975609756,TRUE,TRUE
participant_0270,AI-diverse,30,86.66666666666667,26,1.9865538461538461,33,87.87878787878788,29,1.9695586206896551,TRUE,TRUE
participant_0271,AI-diverse,40,95,38,1.7232368421052633,43,93.02325581395348,40,1.71543,TRUE,TRUE
participant_0272,AI-diverse,28,78.57142857142857,22,3.6485954545454544,39,84.61538461538461,33,3.629851515151515,TRUE,TRUE
participant_0273,AI-diverse,29,96.55172413793103,28,1.9709642857142857,37,94.5945945945946,35,1.9850285714285714,TRUE,TRUE
participant_0274,AI-diverse,33,87.87878787878788,29,2.0539655172413793,40,90,36,1.988527777777778,TRUE,TRUE
participant_0275,AI-diverse,34,79.41176470588235,27,4.397555555555556,42,83.33333333333334,34,4.342264705882353,TRUE,TRUE
participant_0276,AI-diverse,35,88.57142857142857,31,2.0115548387096776,39,89.74358974358975,35,1.9606057142857143,TRUE,TRUE
participant_0277,AI-diverse,31,93.54838709677419,29,2.663796551724138,37,94.5945945945946,35,2.8830085714285714,TRUE,TRUE
participant_0278,AI-diverse,34,88.23529411764706,30,2.542466666666667,42,90.47619047619048,38,2.4911052631578947,TRUE,TRUE
participant_0279,AI-diverse,31,93.54838709677419,29,2.0184724137931034,35,94.28571428571428,33,1.987190909090909,TRUE,TRUE
participant_0280,AI-diverse,36,94.44444444444444,34,2.968035294117647,40,95,38,2.8061236842105264,TRUE,TRUE
participant_0281,AI-diverse,32,90.625,29,2.7384068965517243,37,91.8918918918919,34,3.0251676470588236,TRUE,TRUE
participant_0282,AI-diverse,30,96.66666666666667,29,2.0915172413793104,35,97.14285714285714,34,2.094411764705882,TRUE,TRUE
participant_0283,AI-diverse,37,70.27027027027027,26,3.674723076923077,44,75,33,3.582090909090909,TRUE,TRUE
participant_0284,AI-diverse,24,100,24,2.4877875,32,100,32,2.24690625,TRUE,TRUE
participant_0285,AI-diverse,22,90.9090909090909,20,2.581315,27,92.5925925925926,25,2.669156,TRUE,TRUE
participant_0286,AI-diverse,24,100,24,1.9677083333333334,27,100,27,1.9647407407407407,TRUE,TRUE
participant_0287,AI-diverse,26,92.3076923076923,24,1.9277916666666668,33,93.93939393939394,31,1.9863870967741937,TRUE,TRUE
participant_0288,AI-diverse,37,91.8918918918919,34,2.260155882352941,41,92.6829268292683,38,2.262586842105263,TRUE,TRUE
participant_0289,AI-diverse,32,96.875,31,2.1929290322580646,38,97.36842105263158,37,2.3070405405405405,TRUE,TRUE
participant_0290,AI-diverse,32,84.375,26,4.345253846153846,39,87.17948717948718,33,4.027072727272727,TRUE,TRUE
participant_0291,AI-diverse,30,93.33333333333333,28,2.208142857142857,37,94.5945945945946,35,2.0706857142857142,TRUE,TRUE
participant_0292,AI-diverse,31,67.74193548387096,21,2.679390476190476,40,72.5,29,2.3096137931034484,TRUE,TRUE
participant_0293,AI-diverse,43,93.02325581395348,40,2.2963,48,93.75,45,2.252111111111111,TRUE,TRUE
participant_0294,AI-diverse,39,76.92307692307693,30,1.9259666666666666,48,81.25,39,1.789923076923077,TRUE,TRUE
participant_0295,AI-diverse,30,96.66666666666667,29,2.964910344827586,33,96.96969696969697,32,2.949540625,TRUE,TRUE
participant_0296,AI-diverse,35,94.28571428571428,33,2.361521212121212,38,94.73684210526315,36,2.3297083333333335,TRUE,TRUE
participant_0297,AI-diverse,35,77.14285714285715,27,4.44025925925926,39,79.48717948717949,31,4.506483870967742,TRUE,TRUE
participant_0298,AI-diverse,33,87.87878787878788,29,4.080479310344828,36,88.88888888888889,32,4.0225,TRUE,TRUE
participant_0309,AI-diverse,29,82.75862068965517,24,1.1754125,34,79.41176470588235,27,1.2428592592592593,TRUE,TRUE
participant_0314,AI-diverse,33,72.72727272727273,24,2.2475375,37,75.67567567567568,28,2.1237035714285715,TRUE,TRUE
participant_0332,AI-diverse,30,96.66666666666667,29,2.9208620689655174,37,97.2972972972973,36,2.699472222222222,TRUE,TRUE
participant_0341,AI-diverse,7,100,7,1.8484857142857143,8,100,8,1.8489375,FALSE,FALSE
participant_0342,AI-diverse,36,75,27,3.0693740740740743,43,74.4186046511628,32,2.944090625,TRUE,TRUE
participant_0347,AI-diverse,33,48.484848484848484,13,4.409107692307693,36,52.77777777777778,16,4.02301875,TRUE,TRUE
participant_0349,AI-diverse,35,85.71428571428571,30,3.731246666666667,39,87.17948717948718,34,3.7631323529411764,TRUE,TRUE
participant_0352,AI-diverse,29,89.65517241379311,26,3.127280769230769,32,87.5,28,3.1366392857142857,TRUE,TRUE
participant_0358,AI-diverse,35,85.71428571428571,30,1.9481766666666667,43,88.37209302325581,38,1.8963078947368421,TRUE,TRUE
participant_0366,AI-diverse,27,77.77777777777779,19,3.5873315789473685,33,81.81818181818183,25,3.59204,TRUE,TRUE
participant_0368,AI-diverse,41,97.5609756097561,40,2.283035,45,97.77777777777777,44,2.267118181818182,TRUE,TRUE
participant_0376,AI-diverse,38,92.10526315789474,35,3.6638942857142855,42,92.85714285714286,39,3.5765102564102564,TRUE,TRUE
participant_0377,AI-diverse,36,91.66666666666666,33,1.8602424242424243,42,90.47619047619048,38,1.819842105263158,TRUE,TRUE
participant_0379,AI-diverse,26,92.3076923076923,24,3.338375,30,93.33333333333333,28,3.1633178571428573,TRUE,TRUE
participant_0381,AI-diverse,34,82.35294117647058,28,2.800882142857143,40,85,34,2.650720588235294,TRUE,TRUE
participant_0384,AI-diverse,36,91.66666666666666,33,4.1377575757575755,45,93.33333333333333,42,3.9589761904761906,TRUE,TRUE
participant_0386,AI-diverse,28,78.57142857142857,22,6.61055,34,82.35294117647058,28,6.179842857142857,TRUE,TRUE
participant_0392,AI-diverse,30,93.33333333333333,28,2.7378892857142856,42,95.23809523809523,40,2.69516,TRUE,TRUE
participant_0394,AI-diverse,37,89.1891891891892,33,3.0352878787878788,43,90.69767441860465,39,2.8122051282051284,TRUE,TRUE
participant_0400,AI-diverse,31,93.54838709677419,29,2.9692931034482757,42,95.23809523809523,40,2.7128175,TRUE,TRUE
participant_0401,AI-diverse,31,90.32258064516128,28,2.4027142857142856,39,92.3076923076923,36,2.3117555555555556,TRUE,TRUE
participant_0406,AI-diverse,33,100,33,1.6428242424242425,46,100,46,1.6381934782608696,TRUE,TRUE
participant_0407,AI-diverse,33,27.27272727272727,9,1.5543111111111112,42,33.33333333333333,14,1.962057142857143,TRUE,FALSE
participant_0408,AI-diverse,31,93.54838709677419,29,2.7763896551724137,38,94.73684210526315,36,2.6571694444444445,TRUE,TRUE
participant_0409,AI-diverse,34,97.05882352941177,33,1.8406030303030303,44,93.18181818181817,41,1.846248780487805,TRUE,TRUE
participant_0410,AI-diverse,42,88.09523809523809,37,2.2726162162162162,45,88.88888888888889,40,2.30113,TRUE,TRUE
participant_0411,AI-diverse,41,92.6829268292683,38,2.4738447368421053,46,93.47826086956522,43,2.429746511627907,TRUE,TRUE
participant_0412,AI-diverse,25,84,21,2.3899142857142857,31,87.09677419354838,27,2.3182222222222224,TRUE,TRUE
participant_0413,AI-diverse,32,81.25,26,2.970084615384615,35,82.85714285714286,29,2.887351724137931,TRUE,TRUE
participant_0414,AI-diverse,33,90.9090909090909,30,1.84094,39,92.3076923076923,36,1.7723666666666666,TRUE,TRUE
participant_0415,AI-diverse,34,5.88235294117647,1,2.9744,46,4.3478260869565215,1,2.9744,TRUE,FALSE
participant_0416,AI-diverse,35,94.28571428571428,33,1.8632242424242424,43,95.34883720930233,41,1.877780487804878,TRUE,TRUE
participant_0417,AI-diverse,36,86.11111111111111,31,1.8497806451612904,41,87.8048780487805,36,1.7788416666666667,TRUE,TRUE
participant_0418,AI-diverse,30,86.66666666666667,26,3.6475538461538464,33,87.87878787878788,29,3.4758,TRUE,TRUE
participant_0419,AI-diverse,39,97.43589743589743,38,1.7226026315789473,43,97.67441860465115,42,1.7194833333333333,TRUE,TRUE
participant_0420,AI-diverse,37,75.67567567567568,28,1.9041428571428571,39,76.92307692307693,30,1.9390833333333333,TRUE,TRUE
participant_0421,AI-diverse,31,96.7741935483871,30,3.156903333333333,38,97.36842105263158,37,2.9053054054054055,TRUE,TRUE
participant_0422,AI-diverse,39,69.23076923076923,27,3.692466666666667,45,73.33333333333333,33,3.4617454545454547,TRUE,TRUE
participant_0423,AI-diverse,23,60.86956521739131,14,2.6335357142857143,26,65.38461538461539,17,2.461805882352941,TRUE,TRUE
participant_0424,AI-diverse,26,65.38461538461539,17,1.9446588235294118,34,67.64705882352942,23,2.103291304347826,TRUE,TRUE
participant_0425,AI-diverse,38,81.57894736842105,31,2.5412677419354837,41,82.92682926829268,34,2.4322882352941178,TRUE,TRUE
participant_0426,AI-diverse,28,67.85714285714286,19,3.167847368421053,31,70.96774193548387,22,3.1619545454545452,TRUE,TRUE
participant_0427,AI-diverse,33,78.78787878787878,26,2.257596153846154,40,82.5,33,2.111751515151515,TRUE,TRUE
participant_0428,AI-diverse,27,85.18518518518519,23,2.501795652173913,38,89.47368421052632,34,2.3826382352941176,TRUE,TRUE
participant_0429,AI-diverse,37,94.5945945945946,35,2.1539885714285716,42,95.23809523809523,40,2.0788349999999998,TRUE,TRUE
participant_0430,AI-diverse,32,81.25,26,2.005146153846154,40,85,34,1.8804970588235295,TRUE,TRUE
participant_0431,AI-diverse,38,89.47368421052632,34,2.7014088235294116,45,91.11111111111111,41,2.6741780487804876,TRUE,TRUE
participant_0432,AI-diverse,33,90.9090909090909,30,2.6434966666666666,37,91.8918918918919,34,2.6109970588235294,TRUE,TRUE
participant_0433,AI-diverse,36,100,36,2.980638888888889,40,100,40,2.853735,TRUE,TRUE
participant_0434,AI-diverse,36,83.33333333333334,30,2.76018,41,85.36585365853658,35,2.7163114285714287,TRUE,TRUE
participant_0435,AI-diverse,30,100,30,3.63097,34,100,34,3.8827676470588237,TRUE,TRUE
participant_0436,AI-diverse,36,94.44444444444444,34,5.974761764705883,39,94.87179487179486,37,6.040675675675676,TRUE,TRUE
participant_0437,AI-diverse,45,77.77777777777779,35,1.9048542857142856,49,79.59183673469387,39,1.8414846153846154,TRUE,TRUE
participant_0438,AI-diverse,30,46.666666666666664,14,4.03175,40,60,24,2.97335,TRUE,TRUE
participant_0439,AI-diverse,38,84.21052631578947,32,2.00928125,43,86.04651162790698,37,1.9995135135135136,TRUE,TRUE
participant_0440,AI-diverse,38,86.8421052631579,33,2.8763181818181818,44,88.63636363636364,39,2.8312820512820513,TRUE,TRUE
participant_0441,AI-diverse,28,100,28,3.2054892857142856,34,97.05882352941177,33,3.2445575757575758,TRUE,TRUE
participant_0442,AI-diverse,39,82.05128205128204,32,2.40546875,43,81.3953488372093,35,2.3516857142857144,TRUE,TRUE
participant_0443,AI-diverse,35,94.28571428571428,33,2.2998636363636362,45,95.55555555555556,43,2.191551162790698,TRUE,TRUE
participant_0444,AI-diverse,42,88.09523809523809,37,1.9846567567567568,45,82.22222222222221,37,1.9846567567567568,TRUE,TRUE
participant_0445,AI-diverse,29,93.10344827586206,27,2.3518296296296297,40,95,38,2.2935473684210526,TRUE,TRUE
participant_0446,AI-diverse,37,81.08108108108108,29,4.646989655172414,46,84.78260869565217,37,4.558218918918919,TRUE,TRUE
participant_0447,AI-diverse,32,96.875,31,2.3620129032258066,34,97.05882352941177,33,2.3140151515151515,TRUE,TRUE
participant_0448,AI-diverse,33,93.93939393939394,30,1.9324633333333334,37,94.5945945945946,34,1.8650205882352942,TRUE,TRUE
participant_0449,AI-diverse,33,72.72727272727273,24,2.2710291666666667,38,71.05263157894737,27,2.847188888888889,TRUE,TRUE
participant_0450,AI-diverse,30,83.33333333333334,25,2.113432,33,84.84848484848484,28,2.0649571428571427,TRUE,TRUE
participant_0451,AI-diverse,41,97.5609756097561,40,3.54454,48,97.91666666666666,47,3.544087234042553,TRUE,TRUE
participant_0452,AI-diverse,40,70,28,1.9298214285714286,46,73.91304347826086,34,1.934135294117647,TRUE,TRUE
participant_0453,AI-diverse,32,90.625,29,2.243286206896552,37,91.8918918918919,34,2.1373617647058825,TRUE,TRUE
participant_0454,AI-diverse,30,10,3,0.7458,35,8.571428571428571,3,0.7458,TRUE,FALSE
participant_0455,AI-diverse,35,97.14285714285714,34,1.8816,41,97.5609756097561,40,1.955535,TRUE,TRUE
participant_0456,AI-diverse,34,76.47058823529412,25,3.449308,39,79.48717948717949,30,3.2546333333333335,TRUE,TRUE
participant_0457,AI-diverse,43,76.74418604651163,30,3.2950233333333334,46,78.26086956521739,33,3.6890515151515153,TRUE,TRUE
participant_0458,AI-diverse,35,77.14285714285715,26,1.7481846153846154,42,80.95238095238095,33,1.708339393939394,TRUE,TRUE
participant_0459,AI-diverse,30,96.66666666666667,29,2.648144827586207,36,97.22222222222221,35,2.5016971428571426,TRUE,TRUE
participant_0461,AI-diverse,38,86.8421052631579,33,3.31770303030303,41,87.8048780487805,36,3.2803555555555555,TRUE,TRUE
participant_0462,AI-diverse,34,79.41176470588235,27,4.015107407407408,37,81.08108108108108,30,4.097756666666666,TRUE,TRUE
participant_0464,AI-diverse,28,78.57142857142857,22,2.6660227272727273,31,80.64516129032258,25,2.509804,TRUE,TRUE
participant_0465,AI-diverse,39,82.05128205128204,32,2.12624375,48,85.41666666666666,41,2.075139024390244,TRUE,TRUE
participant_0466,AI-diverse,37,89.1891891891892,33,1.8585636363636364,43,90.69767441860465,39,1.9493692307692307,TRUE,TRUE
participant_0467,AI-diverse,28,92.85714285714286,26,1.9309346153846154,34,94.11764705882352,32,1.88644375,TRUE,TRUE
participant_0468,AI-diverse,34,94.11764705882352,32,2.2695250000000002,41,95.1219512195122,39,2.236071794871795,TRUE,TRUE
participant_0469,AI-diverse,37,86.48648648648648,32,2.613515625,41,87.8048780487805,36,2.6287333333333334,TRUE,TRUE
participant_0470,AI-diverse,39,94.87179487179486,37,3.2031837837837838,47,95.74468085106383,45,3.03958,TRUE,TRUE
participant_0471,AI-diverse,34,88.23529411764706,30,2.3323033333333334,39,89.74358974358975,35,2.25178,TRUE,TRUE
participant_0472,AI-diverse,37,81.08108108108108,30,2.7902666666666667,41,82.92682926829268,34,2.941270588235294,TRUE,TRUE
participant_0473,AI-diverse,40,95,38,1.7298842105263157,46,95.65217391304348,44,1.7020977272727273,TRUE,TRUE
participant_0474,AI-diverse,31,93.54838709677419,29,1.8864137931034484,43,95.34883720930233,41,1.899121951219512,TRUE,TRUE
participant_0475,AI-diverse,32,71.875,23,2.573395652173913,43,79.06976744186046,34,2.4684676470588234,TRUE,TRUE
participant_0476,AI-diverse,39,71.7948717948718,28,3.7048071428571427,43,74.4186046511628,32,4.29840625,TRUE,TRUE
participant_0477,AI-diverse,39,89.74358974358975,35,1.9690542857142856,45,91.11111111111111,41,2.056180487804878,TRUE,TRUE
participant_0478,AI-diverse,33,81.81818181818183,27,2.982574074074074,43,74.4186046511628,32,2.915421875,TRUE,TRUE
participant_0479,AI-diverse,33,69.6969696969697,23,2.7880652173913045,43,76.74418604651163,33,2.6341121212121212,TRUE,TRUE
participant_0480,AI-diverse,36,97.22222222222221,35,2.5682885714285715,41,97.5609756097561,40,2.4858975,TRUE,TRUE
participant_0481,AI-diverse,34,79.41176470588235,27,2.1178074074074074,38,81.57894736842105,31,2.018490322580645,TRUE,TRUE
participant_0482,AI-diverse,32,78.125,25,2.577424,34,76.47058823529412,26,2.6132115384615386,TRUE,TRUE
participant_0483,AI-diverse,37,81.08108108108108,30,2.3686000000000003,42,83.33333333333334,35,2.3143714285714285,TRUE,TRUE
participant_0484,AI-diverse,38,97.36842105263158,36,2.737,43,97.67441860465115,41,2.739268292682927,TRUE,TRUE
participant_0485,AI-diverse,38,86.8421052631579,33,1.5595727272727273,41,87.8048780487805,36,1.6100583333333334,TRUE,TRUE
participant_0486,AI-diverse,29,96.55172413793103,28,2.4983642857142856,34,97.05882352941177,33,2.3930575757575756,TRUE,TRUE
participant_0487,AI-diverse,34,82.35294117647058,28,1.8421642857142857,41,85.36585365853658,35,1.7599285714285715,TRUE,TRUE
participant_0488,AI-diverse,38,92.10526315789474,32,2.37228125,43,93.02325581395348,37,2.3365756756756757,TRUE,TRUE
participant_0489,AI-diverse,32,96.875,31,1.8818774193548387,36,97.22222222222221,35,1.973142857142857,TRUE,TRUE
participant_0490,AI-diverse,29,100,29,1.891903448275862,39,97.43589743589743,38,1.8796657894736841,TRUE,TRUE
participant_0491,AI-diverse,38,84.21052631578947,32,2.2133625,42,85.71428571428571,36,2.1414388888888887,TRUE,TRUE
participant_0492,AI-diverse,36,83.33333333333334,30,2.0858,41,85.36585365853658,35,2.0159142857142855,TRUE,TRUE
participant_0493,AI-diverse,31,93.54838709677419,29,3.0340241379310346,37,94.5945945945946,35,2.874517142857143,TRUE,TRUE
participant_0494,AI-diverse,40,100,40,2.531885,42,100,42,2.5579595238095236,TRUE,TRUE
participant_0495,AI-diverse,32,81.25,26,2.4427692307692306,37,81.08108108108108,30,2.4200333333333335,TRUE,TRUE
participant_0496,AI-diverse,31,93.54838709677419,29,1.7700206896551725,38,94.73684210526315,36,1.7407055555555555,TRUE,TRUE
participant_0497,AI-diverse,35,97.14285714285714,34,2.3088970588235296,37,97.2972972972973,36,2.263336111111111,TRUE,TRUE
participant_0498,AI-diverse,37,75.67567567567568,28,4.717989285714285,44,79.54545454545455,35,4.90766,TRUE,TRUE
participant_0500,AI-diverse,33,90.9090909090909,30,1.7905233333333332,39,92.3076923076923,36,1.921386111111111,TRUE,TRUE
participant_0501,AI-diverse,37,100,37,2.69182972972973,42,100,42,2.7668809523809523,TRUE,TRUE
participant_0502,AI-diverse,30,96.66666666666667,29,2.1912206896551725,36,97.22222222222221,35,2.146165714285714,TRUE,TRUE
participant_0503,AI-diverse,34,76.47058823529412,26,2.513880769230769,40,80,32,2.383278125,TRUE,TRUE
participant_0504,AI-diverse,42,88.09523809523809,36,3.8672583333333335,45,88.88888888888889,39,3.7291076923076925,TRUE,TRUE
participant_0505,AI-diverse,40,92.5,37,2.4435135135135133,40,92.5,37,2.4435135135135133,TRUE,TRUE
participant_0507,AI-diverse,42,97.61904761904762,41,1.9437780487804879,45,97.77777777777777,44,1.9245954545454547,TRUE,TRUE
participant_0508,AI-diverse,36,91.66666666666666,33,2.1323575757575757,41,92.6829268292683,38,2.1290763157894737,TRUE,TRUE
participant_0509,AI-diverse,45,77.77777777777779,35,3.0833628571428573,50,80,40,3.1090675,TRUE,TRUE
participant_0510,AI-diverse,30,90,27,1.768437037037037,42,92.85714285714286,39,1.642820512820513,TRUE,TRUE
participant_0511,AI-diverse,36,88.88888888888889,32,3.85153125,42,90.47619047619048,38,3.7318184210526315,TRUE,TRUE
participant_0512,AI-diverse,36,91.66666666666666,33,2.9026242424242423,43,93.02325581395348,40,2.83811,TRUE,TRUE
participant_0513,AI-diverse,36,83.33333333333334,30,3.2966033333333336,42,85.71428571428571,36,3.1978555555555555,TRUE,TRUE
participant_0514,AI-diverse,33,90.9090909090909,30,2.4206666666666665,38,92.10526315789474,35,2.558885714285714,TRUE,TRUE
participant_0515,AI-diverse,37,67.56756756756756,25,2.415396,41,70.73170731707317,29,2.322641379310345,TRUE,TRUE
participant_0516,AI-diverse,35,88.57142857142857,31,2.2999806451612903,44,90.9090909090909,40,2.31658,TRUE,TRUE
participant_0517,AI-diverse,36,88.88888888888889,32,1.7070625,42,88.09523809523809,37,1.813781081081081,TRUE,TRUE
participant_0518,AI-diverse,33,75.75757575757575,25,1.702624,37,78.37837837837837,29,1.732903448275862,TRUE,TRUE
participant_0519,AI-diverse,32,71.875,23,2.222178260869565,39,76.92307692307693,30,2.0482833333333335,TRUE,TRUE
participant_0520,AI-diverse,35,91.42857142857143,32,1.578834375,46,93.47826086956522,43,1.4755488372093024,TRUE,TRUE
participant_0522,AI-diverse,37,86.48648648648648,32,1.4039625,40,87.5,35,1.4082857142857144,TRUE,TRUE
participant_0523,AI-diverse,33,84.84848484848484,28,1.8153928571428573,41,85.36585365853658,35,1.8137714285714286,TRUE,TRUE
participant_0524,AI-diverse,34,88.23529411764706,30,1.8958333333333333,37,89.1891891891892,33,2.0775757575757576,TRUE,TRUE
participant_0525,AI-diverse,30,76.66666666666667,23,2.620608695652174,36,80.55555555555556,29,2.5147241379310343,TRUE,TRUE
participant_0526,AI-diverse,40,77.5,31,2.501303225806452,49,81.63265306122449,40,2.3971425,TRUE,TRUE
participant_0527,AI-diverse,40,92.5,37,1.8016297297297297,46,93.47826086956522,43,1.8220116279069767,TRUE,TRUE
participant_0528,AI-diverse,34,97.05882352941177,32,4.374965625,38,97.36842105263158,35,4.17626,TRUE,TRUE
participant_0529,AI-diverse,31,90.32258064516128,28,1.8852535714285714,38,92.10526315789474,35,1.79384,TRUE,TRUE
participant_0530,AI-diverse,33,93.93939393939394,31,2.3696129032258066,37,94.5945945945946,35,2.4026428571428573,TRUE,TRUE
participant_0531,AI-diverse,29,58.620689655172406,17,2.2644176470588233,36,66.66666666666666,24,2.052795833333333,TRUE,TRUE
participant_0532,AI-diverse,31,87.09677419354838,27,1.779388888888889,38,86.8421052631579,33,1.830387878787879,TRUE,TRUE
participant_0533,AI-diverse,37,86.48648648648648,31,2.3183129032258063,39,87.17948717948718,33,2.249030303030303,TRUE,TRUE
participant_0534,AI-diverse,41,90.2439024390244,37,2.504810810810811,48,89.58333333333334,43,2.6121883720930232,TRUE,TRUE
participant_0535,AI-diverse,28,82.14285714285714,23,3.3423,35,85.71428571428571,30,3.0330233333333334,TRUE,TRUE
participant_0536,AI-diverse,32,84.375,27,2.2863148148148147,37,83.78378378378379,31,2.2424677419354837,TRUE,TRUE
participant_0537,AI-diverse,32,96.875,31,2.8568064516129033,42,97.61904761904762,41,2.6267073170731705,TRUE,TRUE
participant_0538,AI-diverse,33,96.96969696969697,32,3.085925,37,97.2972972972973,36,2.9708055555555557,TRUE,TRUE
participant_0539,AI-diverse,33,87.87878787878788,29,2.7460999999999998,41,90.2439024390244,37,2.665435135135135,TRUE,TRUE
participant_0540,AI-diverse,37,75.67567567567568,28,2.114514285714286,43,79.06976744186046,34,2.041405882352941,TRUE,TRUE
participant_0541,AI-diverse,31,87.09677419354838,27,1.8092222222222223,35,88.57142857142857,31,1.9010967741935483,TRUE,TRUE
participant_0542,AI-diverse,36,94.44444444444444,34,2.679044117647059,42,95.23809523809523,40,2.57334,TRUE,TRUE
participant_0543,AI-diverse,25,88,22,2.5480545454545456,30,90,27,2.5287814814814813,TRUE,TRUE
participant_0544,AI-diverse,29,82.75862068965517,24,2.886125,32,84.375,27,3.0204851851851853,TRUE,TRUE
participant_0545,AI-diverse,31,83.87096774193549,26,2.2156230769230767,37,86.48648648648648,32,2.163225,TRUE,TRUE
participant_0546,AI-diverse,27,96.29629629629629,26,2.0563884615384613,33,96.96969696969697,32,2.001159375,TRUE,TRUE
participant_0547,AI-diverse,34,91.17647058823529,31,3.0389709677419354,37,91.8918918918919,34,2.935144117647059,TRUE,TRUE
participant_0548,AI-diverse,35,94.28571428571428,33,2.691418181818182,38,92.10526315789474,35,2.7461942857142856,TRUE,TRUE
participant_0549,AI-diverse,39,100,39,2.7207128205128206,42,100,42,2.6609380952380954,TRUE,TRUE
participant_0550,AI-diverse,36,83.33333333333334,30,2.2262766666666667,38,84.21052631578947,32,2.1703625,TRUE,TRUE
participant_0552,AI-diverse,28,89.28571428571429,25,2.246592,38,92.10526315789474,35,2.102065714285714,TRUE,TRUE
participant_0553,AI-diverse,33,72.72727272727273,24,2.7335833333333333,35,74.28571428571429,26,2.7105,TRUE,TRUE
participant_0554,AI-diverse,32,96.875,31,1.9689387096774194,43,97.67441860465115,42,1.954652380952381,TRUE,TRUE
participant_0555,AI-diverse,30,93.33333333333333,28,2.797742857142857,39,94.87179487179486,37,2.566535135135135,TRUE,TRUE
participant_0556,AI-diverse,29,72.41379310344827,21,1.8526857142857143,37,75.67567567567568,28,1.8817214285714285,TRUE,TRUE
participant_0557,AI-diverse,38,94.73684210526315,36,1.8938666666666666,40,95,38,1.8358052631578947,TRUE,TRUE
participant_0558,AI-diverse,42,97.61904761904762,41,2.5226243902439025,49,97.95918367346938,48,2.6539875,TRUE,TRUE
participant_0559,AI-diverse,34,88.23529411764706,28,2.7960357142857144,42,88.09523809523809,35,2.819,TRUE,TRUE
participant_0560,AI-diverse,34,76.47058823529412,26,1.5973115384615384,38,78.94736842105263,30,1.6912933333333333,TRUE,TRUE
participant_0561,AI-diverse,30,93.33333333333333,28,1.9893214285714285,40,95,38,1.8513447368421052,TRUE,TRUE
participant_0563,AI-diverse,30,90,27,2.812807407407407,34,91.17647058823529,31,3.0144870967741935,TRUE,TRUE
participant_0564,AI-diverse,29,100,29,2.503886206896552,37,97.2972972972973,36,2.3035027777777777,TRUE,TRUE
participant_0565,AI-diverse,42,92.85714285714286,39,4.207738461538462,48,93.75,45,3.9529644444444445,TRUE,TRUE
participant_0566,AI-diverse,29,65.51724137931035,19,1.8003473684210527,34,70.58823529411765,24,1.674925,TRUE,TRUE
participant_0567,AI-diverse,34,94.11764705882352,32,1.87988125,41,95.1219512195122,39,1.8750102564102564,TRUE,TRUE
participant_0568,AI-diverse,31,77.41935483870968,24,1.4696666666666667,35,80,28,1.5113535714285715,TRUE,TRUE
participant_0569,AI-diverse,30,70,21,2.1786190476190477,33,72.72727272727273,24,2.2094666666666667,TRUE,TRUE
participant_0570,AI-diverse,37,86.48648648648648,32,2.0925625,44,88.63636363636364,39,2.1085358974358974,TRUE,TRUE
participant_0571,AI-diverse,34,91.17647058823529,31,3.8362903225806453,34,91.17647058823529,31,3.8362903225806453,TRUE,TRUE
participant_0572,AI-diverse,29,89.65517241379311,26,2.2471346153846152,37,91.8918918918919,34,2.4050235294117646,TRUE,TRUE
participant_0573,AI-diverse,29,79.3103448275862,23,1.945,37,83.78378378378379,31,2.0304838709677417,TRUE,TRUE
participant_0574,AI-diverse,36,88.88888888888889,32,1.74103125,47,91.48936170212765,43,1.7132790697674418,TRUE,TRUE
participant_0575,AI-diverse,38,89.47368421052632,34,1.8598911764705883,45,91.11111111111111,41,1.7479756097560974,TRUE,TRUE
participant_0576,AI-diverse,41,80.48780487804879,33,2.171727272727273,44,81.81818181818183,36,2.1303222222222225,TRUE,TRUE
participant_0577,AI-diverse,36,91.66666666666666,33,2.2077636363636364,41,92.6829268292683,38,2.091371052631579,TRUE,TRUE
participant_0578,AI-diverse,44,95.45454545454545,42,2.0100857142857143,50,96,48,2.082610416666667,TRUE,TRUE
participant_0580,AI-diverse,36,88.88888888888889,32,3.585484375,40,90,36,3.612216666666667,TRUE,TRUE
participant_0581,AI-diverse,27,85.18518518518519,23,3.042682608695652,32,87.5,28,3.1765857142857143,TRUE,TRUE
participant_0582,AI-diverse,41,97.5609756097561,40,2.446115,44,97.72727272727273,43,2.5178767441860463,TRUE,TRUE
participant_0583,AI-diverse,35,91.42857142857143,32,3.2434531250000003,39,92.3076923076923,36,3.0999055555555555,TRUE,TRUE
participant_0584,AI-diverse,32,84.375,26,8.506703846153846,41,87.8048780487805,35,7.938051428571429,TRUE,TRUE
participant_0585,AI-diverse,38,92.10526315789474,35,2.98376,42,92.85714285714286,39,2.917471794871795,TRUE,TRUE
participant_0586,AI-diverse,33,87.87878787878788,29,2.084862068965517,39,89.74358974358975,35,2.1051714285714285,TRUE,TRUE
participant_0587,AI-diverse,41,95.1219512195122,39,2.773805128205128,46,95.65217391304348,44,2.821340909090909,TRUE,TRUE
participant_0588,AI-diverse,26,96.15384615384616,25,2.241896,32,93.75,30,2.1794466666666668,TRUE,TRUE
participant_0589,AI-diverse,34,94.11764705882352,32,2.01138125,39,94.87179487179486,37,1.9812135135135136,TRUE,TRUE
participant_0590,AI-diverse,37,83.78378378378379,31,2.9224193548387096,41,85.36585365853658,35,2.8087285714285715,TRUE,TRUE
participant_0591,AI-diverse,36,94.44444444444444,34,4.114555882352941,41,95.1219512195122,39,3.9414564102564102,TRUE,TRUE
participant_0592,AI-diverse,31,96.7741935483871,30,2.8987266666666667,38,97.36842105263158,37,3.0218432432432434,TRUE,TRUE
participant_0593,AI-diverse,35,85.71428571428571,30,2.2362333333333333,40,87.5,35,2.2031685714285714,TRUE,TRUE
participant_0594,AI-diverse,32,81.25,26,1.7491769230769232,36,83.33333333333334,30,1.6957333333333333,TRUE,TRUE
participant_0595,AI-diverse,45,88.88888888888889,40,1.76875,49,89.79591836734694,44,1.7585681818181818,TRUE,TRUE
participant_0596,AI-diverse,35,91.42857142857143,32,2.09515625,42,92.85714285714286,39,2.0201282051282052,TRUE,TRUE
participant_0597,AI-diverse,30,86.66666666666667,26,2.182330769230769,39,89.74358974358975,35,2.1975828571428573,TRUE,TRUE
participant_0598,AI-diverse,40,87.5,35,1.9341485714285713,45,88.88888888888889,40,1.9196875,TRUE,TRUE
participant_0599,AI-diverse,35,94.28571428571428,33,3.0857454545454543,42,95.23809523809523,40,2.9553525,TRUE,TRUE
participant_0601,AI-diverse,33,100,33,2.2686,43,97.67441860465115,42,2.2204928571428573,TRUE,TRUE
participant_0602,AI-diverse,35,77.14285714285715,27,3.6831259259259257,38,78.94736842105263,30,3.711263333333333,TRUE,TRUE
participant_0603,AI-diverse,31,80.64516129032258,25,2.1747,34,82.35294117647058,28,2.1447857142857143,TRUE,TRUE
participant_0604,AI-diverse,36,91.66666666666666,32,5.482778125,47,93.61702127659575,43,5.262032558139535,TRUE,TRUE
participant_0605,AI-diverse,40,85,34,2.0865911764705882,45,86.66666666666667,39,2.077179487179487,TRUE,TRUE
participant_0606,AI-diverse,37,94.5945945945946,34,3.6526764705882355,43,95.34883720930233,40,3.437575,TRUE,TRUE
participant_0607,AI-diverse,33,72.72727272727273,23,2.5979347826086956,43,79.06976744186046,33,2.4938545454545453,TRUE,TRUE
participant_0608,AI-diverse,44,86.36363636363636,38,2.2645263157894737,49,87.75510204081633,43,2.4474651162790697,TRUE,TRUE
participant_0609,AI-diverse,34,79.41176470588235,26,1.5289076923076923,38,81.57894736842105,29,1.5099310344827586,TRUE,TRUE
participant_0610,AI-diverse,38,73.68421052631578,28,2.2024749999999997,44,75,33,2.3325727272727272,TRUE,TRUE
participant_0611,AI-diverse,41,78.04878048780488,32,3.164290625,46,80.43478260869566,37,3.2292027027027026,TRUE,TRUE
participant_0612,AI-diverse,40,95,38,2.409307894736842,44,95.45454545454545,42,2.349957142857143,TRUE,TRUE
participant_0613,AI-diverse,36,91.66666666666666,33,1.807590909090909,44,93.18181818181817,41,1.871809756097561,TRUE,TRUE
participant_0614,AI-diverse,37,97.2972972972973,36,3.505202777777778,43,97.67441860465115,42,3.653595238095238,TRUE,TRUE
participant_0615,AI-diverse,32,96.875,31,2.1710967741935483,38,97.36842105263158,37,2.172702702702703,TRUE,TRUE
participant_0616,AI-diverse,33,100,33,1.9357,40,100,40,2.0213375,TRUE,TRUE
participant_0617,AI-diverse,42,80.95238095238095,34,2.3971470588235295,44,81.81818181818183,36,2.3531916666666666,TRUE,TRUE
participant_0618,AI-diverse,35,91.42857142857143,32,1.875365625,42,92.85714285714286,39,1.8240025641025641,TRUE,TRUE
participant_0619,AI-diverse,41,90.2439024390244,35,2.2259228571428573,46,91.30434782608695,40,2.153575,TRUE,TRUE
participant_0620,AI-diverse,34,94.11764705882352,31,4.504538709677419,36,94.44444444444444,33,4.619336363636363,TRUE,TRUE
participant_0621,AI-diverse,35,91.42857142857143,32,2.493853125,39,92.3076923076923,36,2.427388888888889,TRUE,TRUE
participant_0622,AI-diverse,28,85.71428571428571,24,2.4152708333333335,39,89.74358974358975,35,2.213437142857143,TRUE,TRUE
participant_0623,AI-diverse,29,75.86206896551724,22,3.2306454545454546,32,78.125,25,3.115924,TRUE,TRUE
participant_0624,AI-diverse,42,92.85714285714286,39,2.2596307692307693,48,91.66666666666666,44,2.2227522727272726,TRUE,TRUE
participant_0625,AI-diverse,34,91.17647058823529,31,2.6055483870967744,37,91.8918918918919,34,2.536764705882353,TRUE,TRUE
participant_0626,AI-diverse,27,81.48148148148148,22,4.426081818181818,40,87.5,35,4.26816,TRUE,TRUE
participant_0627,AI-diverse,42,85.71428571428571,36,2.1568388888888888,46,86.95652173913044,40,2.15611,TRUE,TRUE
participant_0629,AI-diverse,28,100,28,3.253764285714286,38,100,38,2.9930263157894736,TRUE,TRUE
participant_0631,AI-diverse,34,91.17647058823529,31,2.0087451612903227,39,92.3076923076923,36,1.9636916666666666,TRUE,TRUE
participant_0632,AI-diverse,38,89.47368421052632,34,2.5167058823529413,43,90.69767441860465,39,2.380871794871795,TRUE,TRUE
participant_0633,AI-diverse,28,89.28571428571429,25,2.949568,35,91.42857142857143,32,2.748246875,TRUE,TRUE
participant_0634,AI-diverse,42,92.85714285714286,39,2.508776923076923,51,92.15686274509804,47,2.505336170212766,TRUE,TRUE
participant_0635,AI-diverse,31,83.87096774193549,26,2.48,36,86.11111111111111,31,2.4570645161290323,TRUE,TRUE
participant_0636,AI-diverse,36,91.66666666666666,32,2.77866875,39,92.3076923076923,35,2.69766,TRUE,TRUE
participant_0638,AI-diverse,29,72.41379310344827,21,2.892552380952381,34,76.47058823529412,26,2.7823884615384613,TRUE,TRUE
participant_0639,AI-diverse,33,87.87878787878788,29,2.8456275862068967,35,88.57142857142857,31,2.858261290322581,TRUE,TRUE
participant_0640,AI-diverse,36,83.33333333333334,30,3.12415,41,85.36585365853658,35,3.095137142857143,TRUE,TRUE
participant_0641,AI-diverse,29,96.55172413793103,28,2.412771428571429,31,96.7741935483871,30,2.35461,TRUE,TRUE
participant_0642,AI-diverse,31,96.7741935483871,30,2.7851333333333335,38,97.36842105263158,37,2.7130756756756758,TRUE,TRUE
participant_0643,AI-diverse,31,83.87096774193549,26,3.4139576923076924,38,86.8421052631579,33,3.2516000000000003,TRUE,TRUE
participant_0644,AI-diverse,33,84.84848484848484,28,2.513067857142857,39,87.17948717948718,34,2.396814705882353,TRUE,TRUE
participant_0645,AI-diverse,27,85.18518518518519,23,2.9273956521739133,34,88.23529411764706,30,2.7443,TRUE,TRUE
participant_0646,AI-diverse,38,94.73684210526315,36,3.1089333333333333,49,95.91836734693877,47,2.914708510638298,TRUE,TRUE
participant_0647,AI-diverse,33,100,33,3.034251515151515,37,100,37,2.959162162162162,TRUE,TRUE
participant_0648,AI-diverse,39,89.74358974358975,33,6.011630303030303,44,90.9090909090909,38,5.704521052631579,TRUE,TRUE
participant_0649,AI-diverse,31,90.32258064516128,28,1.7476642857142857,37,91.8918918918919,34,1.6795411764705883,TRUE,TRUE
participant_0651,AI-diverse,36,80.55555555555556,29,1.7995206896551723,41,80.48780487804879,33,1.8503757575757576,TRUE,TRUE
participant_0652,AI-diverse,31,67.74193548387096,21,2.2504238095238094,38,68.42105263157895,26,2.090746153846154,TRUE,TRUE
participant_0653,AI-diverse,35,94.28571428571428,33,2.1781272727272727,42,95.23809523809523,40,2.1815625,TRUE,TRUE
participant_0654,AI-diverse,35,88.57142857142857,27,4.085244444444444,43,90.69767441860465,35,3.7704971428571428,TRUE,TRUE
participant_0655,AI-diverse,39,71.7948717948718,23,2.9331695652173915,45,75.55555555555556,29,2.870513793103448,TRUE,TRUE
participant_0656,AI-diverse,35,91.42857142857143,30,4.1231,43,88.37209302325581,36,4.078,TRUE,TRUE
participant_0657,AI-diverse,32,93.75,28,3.1440357142857143,38,86.8421052631579,31,3.402638709677419,TRUE,TRUE
participant_0658,AI-diverse,27,92.5925925925926,25,3.54932,32,93.75,30,3.3395033333333335,TRUE,TRUE
participant_0659,AI-diverse,39,94.87179487179486,37,1.696672972972973,42,95.23809523809523,40,1.699185,TRUE,TRUE
participant_0660,AI-diverse,30,26.666666666666668,6,0.45155,35,22.857142857142858,6,0.45155,TRUE,FALSE
participant_0661,AI-diverse,34,97.05882352941177,33,4.056160606060606,35,97.14285714285714,34,4.0256647058823525,TRUE,TRUE
participant_0662,AI-diverse,40,87.5,35,2.6535571428571427,45,88.88888888888889,40,2.907915,TRUE,TRUE
participant_0663,AI-diverse,34,88.23529411764706,30,2.6393333333333335,40,90,36,2.5157527777777777,TRUE,TRUE
participant_0664,AI-diverse,42,85.71428571428571,35,4.410428571428572,51,88.23529411764706,44,4.2366090909090905,TRUE,TRUE
participant_0665,AI-diverse,25,56.00000000000001,14,3.46625,31,64.51612903225806,20,2.965405,TRUE,TRUE
participant_0667,AI-diverse,38,92.10526315789474,35,5.001454285714286,44,90.9090909090909,40,4.912815,TRUE,TRUE
participant_0668,AI-diverse,42,95.23809523809523,40,3.4994,48,95.83333333333334,46,3.7925652173913043,TRUE,TRUE
participant_0669,AI-diverse,40,95,38,2.8381315789473684,46,95.65217391304348,44,2.716318181818182,TRUE,TRUE
participant_0670,AI-diverse,41,100,41,5.821378048780488,46,100,46,5.768484782608696,TRUE,TRUE
participant_0673,AI-diverse,32,81.25,26,2.3400576923076923,38,84.21052631578947,31,2.3592,TRUE,TRUE
participant_0674,AI-diverse,41,70.73170731707317,28,5.032717857142857,45,73.33333333333333,32,4.8843875,TRUE,TRUE
participant_0675,AI-diverse,34,76.47058823529412,26,2.598526923076923,38,78.94736842105263,30,2.534386666666667,TRUE,TRUE
participant_0676,AI-diverse,35,94.28571428571428,33,3.6352333333333333,40,95,38,4.186771052631579,TRUE,TRUE
participant_0677,AI-diverse,34,97.05882352941177,33,2.7419636363636366,40,97.5,39,2.5833871794871794,TRUE,TRUE
participant_0678,AI-diverse,33,96.96969696969697,32,2.414465625,35,97.14285714285714,34,2.388185294117647,TRUE,TRUE
participant_0679,AI-diverse,38,92.10526315789474,35,3.4370085714285716,43,93.02325581395348,40,3.2730575,TRUE,TRUE
participant_0680,AI-diverse,36,80.55555555555556,28,4.438703571428571,41,80.48780487804879,32,4.2959125,TRUE,TRUE
participant_0681,AI-diverse,32,84.375,27,3.2728555555555556,36,86.11111111111111,31,3.2131354838709676,TRUE,TRUE
participant_0682,AI-diverse,29,89.65517241379311,26,3.1336769230769232,39,92.3076923076923,36,3.0725194444444446,TRUE,TRUE
participant_0683,AI-diverse,33,87.87878787878788,29,1.8469931034482758,38,89.47368421052632,34,1.8270882352941176,TRUE,TRUE
participant_0684,AI-diverse,41,85.36585365853658,35,4.213242857142857,45,84.44444444444444,38,4.113957894736842,TRUE,TRUE
participant_0686,AI-diverse,34,94.11764705882352,32,3.67039375,35,94.28571428571428,33,3.664560606060606,TRUE,TRUE
participant_0687,AI-diverse,33,72.72727272727273,24,2.3383166666666666,40,77.5,31,2.330203225806452,TRUE,TRUE
participant_0688,AI-diverse,33,90.9090909090909,30,2.1470533333333335,40,92.5,37,2.1471567567567567,TRUE,TRUE
participant_0689,AI-diverse,34,100,34,3.081314705882353,37,100,37,3.138124324324324,TRUE,TRUE
participant_0690,AI-diverse,29,72.41379310344827,21,2.3210761904761905,40,75,30,2.3498866666666665,TRUE,TRUE
participant_0691,AI-diverse,32,90.625,29,3.250948275862069,35,91.42857142857143,32,3.221878125,TRUE,TRUE
participant_0692,AI-diverse,36,83.33333333333334,30,1.6852533333333333,40,85,34,1.7114411764705884,TRUE,TRUE
participant_0693,AI-diverse,40,97.5,39,2.426574358974359,45,97.77777777777777,44,2.900709090909091,TRUE,TRUE
participant_0694,AI-diverse,38,92.10526315789474,35,2.1154228571428573,43,93.02325581395348,40,2.0631825,TRUE,TRUE
participant_0695,AI-diverse,40,75,30,6.7747633333333335,45,75.55555555555556,34,6.672064705882353,TRUE,TRUE
participant_0696,AI-diverse,29,89.65517241379311,26,1.799,37,91.8918918918919,34,1.8008235294117647,TRUE,TRUE
participant_0697,AI-diverse,31,74.19354838709677,23,2.168895652173913,41,78.04878048780488,32,2.17788125,TRUE,TRUE
participant_0699,AI-diverse,29,96.55172413793103,28,2.403564285714286,37,97.2972972972973,36,2.3478499999999998,TRUE,TRUE
participant_0702,AI-diverse,2,100,2,3.35715,3,100,3,2.8305333333333333,FALSE,FALSE
participant_0703,AI-diverse,11,81.81818181818183,9,3.931,13,84.61538461538461,11,3.9003454545454543,FALSE,FALSE
participant_0704,AI-diverse,35,94.28571428571428,33,1.7894727272727273,38,94.73684210526315,36,1.764527777777778,TRUE,TRUE
participant_0705,AI-diverse,37,89.1891891891892,33,2.0972757575757575,42,85.71428571428571,36,2.0814166666666667,TRUE,TRUE
participant_0706,AI-diverse,31,80.64516129032258,25,3.168392,35,82.85714285714286,29,3.112144827586207,TRUE,TRUE
participant_0708,AI-diverse,33,100,33,1.6951484848484848,45,97.77777777777777,44,1.726156818181818,TRUE,TRUE
participant_0709,AI-diverse,38,92.10526315789474,35,1.9908457142857143,41,92.6829268292683,38,1.9469631578947368,TRUE,TRUE
participant_0710,AI-diverse,35,88.57142857142857,31,4.905787096774193,42,90.47619047619048,38,4.663302631578947,TRUE,TRUE
participant_0711,AI-diverse,29,93.10344827586206,27,3.1980296296296298,36,94.44444444444444,34,3.255205882352941,TRUE,TRUE
participant_0712,AI-diverse,31,96.7741935483871,30,2.04482,35,97.14285714285714,34,2.107273529411765,TRUE,TRUE
participant_0713,AI-diverse,42,73.80952380952381,31,2.7799709677419355,45,75.55555555555556,34,2.7490029411764705,TRUE,TRUE
participant_0714,AI-diverse,30,76.66666666666667,23,2.674213043478261,33,78.78787878787878,26,2.68985,TRUE,TRUE
participant_0715,AI-diverse,35,91.42857142857143,32,2.186709375,39,92.3076923076923,36,2.2896916666666667,TRUE,TRUE
participant_0716,AI-diverse,33,90.9090909090909,30,4.809036666666667,39,92.3076923076923,36,4.626377777777778,TRUE,TRUE
participant_0718,AI-diverse,34,88.23529411764706,30,2.517376666666667,40,90,36,2.4247555555555556,TRUE,TRUE
participant_0719,AI-diverse,32,87.5,28,2.9963285714285712,39,89.74358974358975,34,2.851870588235294,TRUE,TRUE
participant_0722,AI-diverse,35,82.85714285714286,29,1.864551724137931,39,84.61538461538461,33,1.835090909090909,TRUE,TRUE
participant_0723,AI-diverse,32,81.25,26,1.783173076923077,41,85.36585365853658,35,1.7383,TRUE,TRUE
participant_0725,AI-diverse,33,90.9090909090909,30,3.07898,42,92.85714285714286,39,2.711925641025641,TRUE,TRUE
participant_0726,AI-diverse,36,94.44444444444444,34,2.1776323529411763,41,95.1219512195122,39,2.168453846153846,TRUE,TRUE
participant_0727,AI-diverse,35,85.71428571428571,30,4.103226666666667,40,87.5,35,4.032645714285715,TRUE,TRUE
participant_0728,AI-diverse,32,87.5,28,3.943575,36,88.88888888888889,32,3.927084375,TRUE,TRUE
participant_0730,AI-diverse,42,83.33333333333334,35,1.8958771428571428,48,85.41666666666666,41,1.9163317073170731,TRUE,TRUE
participant_0732,AI-diverse,33,84.84848484848484,28,2.4409535714285715,40,87.5,35,2.5370371428571428,TRUE,TRUE
participant_0733,AI-diverse,36,100,36,2.2014944444444446,41,100,41,2.365236585365854,TRUE,TRUE
participant_0734,AI-diverse,23,91.30434782608695,17,7.214311764705882,30,93.33333333333333,23,5.875826086956522,TRUE,TRUE
participant_0735,AI-diverse,37,91.8918918918919,34,1.8061382352941175,44,93.18181818181817,41,2.036736585365854,TRUE,TRUE
participant_0736,AI-diverse,35,77.14285714285715,26,1.74205,39,79.48717948717949,30,1.69229,TRUE,TRUE
participant_0740,AI-diverse,40,95,38,2.0318315789473687,46,95.65217391304348,44,1.9642659090909091,TRUE,TRUE
participant_0741,AI-diverse,39,100,39,1.8239435897435898,42,100,42,1.8636904761904762,TRUE,TRUE
participant_0742,AI-diverse,33,78.78787878787878,26,3.393269230769231,39,82.05128205128204,32,3.290178125,TRUE,TRUE
participant_0743,AI-diverse,31,74.19354838709677,23,2.5774434782608697,39,76.92307692307693,30,2.4599766666666665,TRUE,TRUE
participant_0744,AI-diverse,33,100,33,1.6541333333333332,39,97.43589743589743,38,1.626071052631579,TRUE,TRUE
participant_0745,AI-diverse,36,88.88888888888889,32,3.11135625,42,90.47619047619048,38,3.0616184210526316,TRUE,TRUE
participant_0747,AI-diverse,32,90.625,28,1.6598821428571429,39,92.3076923076923,35,1.7198714285714285,TRUE,TRUE
participant_0752,AI-diverse,38,73.68421052631578,28,2.4695142857142858,40,75,30,2.409526666666667,TRUE,TRUE
participant_0753,AI-diverse,25,92,23,3.0629434782608698,33,93.93939393939394,31,2.8161451612903226,TRUE,TRUE
participant_0761,AI-diverse,35,85.71428571428571,30,3.4877333333333334,40,85,34,3.4194705882352943,TRUE,TRUE
participant_0763,AI-diverse,37,89.1891891891892,33,2.1894030303030303,43,90.69767441860465,39,2.242546153846154,TRUE,TRUE
participant_0764,AI-diverse,34,91.17647058823529,31,3.9413225806451613,38,92.10526315789474,35,3.6765971428571427,TRUE,TRUE
participant_0765,AI-diverse,35,88.57142857142857,31,3.3282,42,90.47619047619048,38,3.2156736842105262,TRUE,TRUE
participant_0766,AI-diverse,2,100,2,6.14565,2,100,2,6.14565,FALSE,FALSE
participant_0768,AI-diverse,35,94.28571428571428,33,3.2802484848484847,44,95.45454545454545,42,3.1036023809523807,TRUE,TRUE
participant_0770,AI-diverse,31,80.64516129032258,25,2.769136,41,85.36585365853658,35,2.746937142857143,TRUE,TRUE
participant_0771,AI-diverse,31,96.7741935483871,30,2.2056633333333333,39,97.43589743589743,38,2.154771052631579,TRUE,TRUE
participant_0772,AI-diverse,38,92.10526315789474,35,2.6032114285714285,43,93.02325581395348,40,2.54317,TRUE,TRUE
participant_0775,AI-diverse,41,95.1219512195122,39,3.304171794871795,46,95.65217391304348,44,3.760747727272727,TRUE,TRUE
participant_0776,AI-diverse,35,85.71428571428571,30,1.47397,42,88.09523809523809,37,1.445264864864865,TRUE,TRUE
participant_0777,AI-diverse,35,85.71428571428571,30,2.09263,45,88.88888888888889,40,2.0766125,TRUE,TRUE
participant_0778,AI-diverse,32,78.125,22,3.5957227272727272,41,80.48780487804879,29,3.0918896551724138,TRUE,TRUE
participant_0779,AI-diverse,35,91.42857142857143,32,1.943009375,43,90.69767441860465,39,1.9050333333333334,TRUE,TRUE
participant_0780,AI-diverse,39,89.74358974358975,34,3.8727,41,90.2439024390244,36,3.8393166666666665,TRUE,TRUE
participant_0781,AI-diverse,19,89.47368421052632,12,5.043225,20,90,13,5.440261538461539,FALSE,TRUE
participant_0783,AI-diverse,34,94.11764705882352,32,4.170646875,42,95.23809523809523,40,3.877445,TRUE,TRUE
participant_0784,AI-diverse,32,84.375,27,1.7141333333333333,38,84.21052631578947,32,1.740440625,TRUE,TRUE
participant_0785,AI-diverse,38,94.73684210526315,36,2.6657972222222224,43,95.34883720930233,41,2.5715,TRUE,TRUE
participant_0787,AI-diverse,42,100,39,6.4508794871794874,48,100,45,6.071942222222222,TRUE,TRUE
participant_0788,AI-diverse,35,82.85714285714286,29,2.8388275862068966,40,85,34,2.8028029411764708,TRUE,TRUE
participant_0789,AI-diverse,35,65.71428571428571,23,4.386430434782609,42,69.04761904761905,29,4.18431724137931,TRUE,TRUE
participant_0790,AI-diverse,33,90.9090909090909,30,2.302233333333333,39,92.3076923076923,36,2.3043583333333335,TRUE,TRUE
participant_0792,AI-diverse,29,72.41379310344827,21,1.9612761904761904,31,74.19354838709677,23,1.9113826086956522,TRUE,TRUE
participant_0793,AI-diverse,33,90.9090909090909,30,2.66032,43,90.69767441860465,39,2.524874358974359,TRUE,TRUE
participant_0794,AI-diverse,33,69.6969696969697,22,4.1732,37,72.97297297297297,26,3.847726923076923,TRUE,TRUE
participant_0795,AI-diverse,31,96.7741935483871,30,1.23518,36,97.22222222222221,35,1.2789142857142857,TRUE,TRUE
participant_0796,AI-diverse,37,91.8918918918919,34,2.263214705882353,39,92.3076923076923,36,2.249722222222222,TRUE,TRUE
participant_0797,AI-diverse,20,80,16,2.2640625,33,81.81818181818183,27,2.1187407407407406,TRUE,TRUE
participant_0798,AI-diverse,33,93.93939393939394,31,2.326451612903226,41,92.6829268292683,38,2.342634210526316,TRUE,TRUE
participant_0800,AI-diverse,38,86.8421052631579,33,3.7999272727272726,45,88.88888888888889,40,3.6356875,TRUE,TRUE
participant_0801,AI-diverse,43,95.34883720930233,40,6.2406025,48,95.83333333333334,45,6.426837777777778,TRUE,TRUE
participant_0802,AI-diverse,34,50,17,2.7781470588235293,40,55.00000000000001,22,3.010009090909091,TRUE,TRUE
participant_0803,AI-diverse,33,93.93939393939394,31,3.2335,38,94.73684210526315,36,3.272022222222222,TRUE,TRUE
participant_0804,AI-diverse,34,94.11764705882352,32,2.698128125,43,93.02325581395348,40,2.606495,TRUE,TRUE
participant_0807,AI-diverse,34,97.05882352941177,33,2.308609090909091,37,97.2972972972973,36,2.237875,TRUE,TRUE
participant_0808,AI-diverse,37,81.08108108108108,30,1.9851,44,84.0909090909091,37,1.9595405405405406,TRUE,TRUE
participant_0809,AI-diverse,42,71.42857142857143,30,3.5724233333333335,48,75,36,3.6398805555555556,TRUE,TRUE
participant_0810,AI-diverse,35,88.57142857142857,31,2.302741935483871,41,90.2439024390244,37,2.225756756756757,TRUE,TRUE
participant_0811,AI-diverse,40,82.5,33,2.576081818181818,42,83.33333333333334,35,2.5942342857142857,TRUE,TRUE
participant_0812,AI-diverse,29,82.75862068965517,22,2.1996454545454545,33,78.78787878787878,24,2.4029833333333332,TRUE,TRUE
participant_0813,AI-diverse,34,94.11764705882352,32,2.974865625,41,95.1219512195122,39,3.163423076923077,TRUE,TRUE
participant_0814,AI-diverse,36,91.66666666666666,33,2.393078787878788,41,92.6829268292683,38,2.379328947368421,TRUE,TRUE
participant_0815,AI-diverse,34,91.17647058823529,31,3.000225806451613,38,92.10526315789474,35,2.9942885714285716,TRUE,TRUE
participant_0816,AI-diverse,28,82.14285714285714,23,2.6489739130434784,32,84.375,27,2.6654666666666667,TRUE,TRUE
participant_0817,AI-diverse,38,84.21052631578947,32,3.2213781249999998,41,85.36585365853658,35,3.1237514285714285,TRUE,TRUE
participant_0818,AI-diverse,31,80.64516129032258,25,3.292248,37,83.78378378378379,31,3.0783193548387096,TRUE,TRUE
participant_0819,AI-diverse,34,85.29411764705883,29,3.064451724137931,38,86.8421052631579,33,3.1569666666666665,TRUE,TRUE
participant_0820,AI-diverse,23,86.95652173913044,20,3.46051,32,81.25,26,3.224819230769231,TRUE,TRUE
participant_0821,AI-diverse,50,84,42,3.0314738095238094,54,85.18518518518519,46,2.929773913043478,TRUE,TRUE
participant_0822,AI-diverse,37,81.08108108108108,30,4.58953,41,82.92682926829268,34,4.714814705882353,TRUE,TRUE
participant_0823,AI-diverse,40,82.5,33,2.0141515151515152,48,85.41666666666666,41,1.9918292682926828,TRUE,TRUE
participant_0824,AI-diverse,34,73.52941176470588,25,3.79276,38,76.31578947368422,29,3.6557344827586205,TRUE,TRUE
participant_0825,AI-diverse,38,86.8421052631579,31,3.0726935483870967,43,88.37209302325581,36,2.917038888888889,TRUE,TRUE
participant_0826,AI-diverse,29,34.48275862068966,10,3.80496,31,32.25806451612903,10,3.80496,TRUE,TRUE
participant_0827,AI-diverse,38,71.05263157894737,25,4.298288,41,65.85365853658537,25,4.298288,TRUE,TRUE
participant_0828,AI-diverse,35,85.71428571428571,30,1.8833133333333334,41,87.8048780487805,36,1.853711111111111,TRUE,TRUE
participant_0829,AI-diverse,41,95.1219512195122,39,1.450576923076923,46,95.65217391304348,44,1.4186886363636364,TRUE,TRUE
participant_0830,AI-diverse,31,83.87096774193549,26,2.047269230769231,36,86.11111111111111,31,1.963483870967742,TRUE,TRUE
participant_0831,AI-diverse,37,89.1891891891892,33,1.5552484848484849,40,90,36,1.5317416666666666,TRUE,TRUE
participant_0832,AI-diverse,30,86.66666666666667,26,3.732303846153846,32,87.5,28,4.228864285714286,TRUE,TRUE
participant_0833,AI-diverse,33,84.84848484848484,28,1.9501714285714287,38,84.21052631578947,32,1.93536875,TRUE,TRUE
participant_0834,AI-diverse,36,91.66666666666666,33,2.3690757575757577,40,92.5,37,2.4995054054054053,TRUE,TRUE
participant_0835,AI-diverse,32,71.875,23,2.135391304347826,41,75.60975609756098,31,2.032709677419355,TRUE,TRUE
participant_0836,AI-diverse,36,94.44444444444444,34,2.6453676470588237,44,95.45454545454545,42,2.506902380952381,TRUE,TRUE
participant_0837,AI-diverse,37,89.1891891891892,33,1.908121212121212,39,89.74358974358975,35,1.9907371428571428,TRUE,TRUE
participant_0838,AI-diverse,29,68.96551724137932,20,1.503555,33,72.72727272727273,24,1.4608166666666667,TRUE,TRUE
participant_0839,AI-diverse,31,96.7741935483871,30,2.9105333333333334,37,97.2972972972973,36,2.7785,TRUE,TRUE
participant_0840,AI-diverse,40,95,38,3.4690631578947366,43,95.34883720930233,41,3.4166341463414636,TRUE,TRUE
participant_0841,AI-diverse,38,94.73684210526315,36,2.4953944444444445,43,95.34883720930233,41,2.408553658536585,TRUE,TRUE
participant_0842,AI-diverse,34,91.17647058823529,31,2.6411612903225805,36,91.66666666666666,33,2.641009090909091,TRUE,TRUE
participant_0843,AI-diverse,35,77.14285714285715,27,2.5955,41,80.48780487804879,33,2.529739393939394,TRUE,TRUE
participant_0844,AI-diverse,28,89.28571428571429,25,1.72308,33,90.9090909090909,30,1.8497333333333332,TRUE,TRUE
participant_0845,AI-diverse,39,84.61538461538461,33,1.503651515151515,43,86.04651162790698,37,1.5272864864864866,TRUE,TRUE
participant_0846,AI-diverse,31,87.09677419354838,27,2.3609666666666667,35,88.57142857142857,31,2.447996774193548,TRUE,TRUE
participant_0847,AI-diverse,35,48.57142857142857,17,1.3281470588235293,39,46.15384615384615,18,1.3414222222222223,TRUE,TRUE
participant_0848,AI-diverse,36,94.44444444444444,34,1.897214705882353,42,95.23809523809523,40,1.9421525,TRUE,TRUE
participant_0849,AI-diverse,32,65.625,21,2.6725333333333334,37,67.56756756756756,25,2.637964,TRUE,TRUE
participant_0850,AI-diverse,25,88,22,1.653,38,86.8421052631579,33,1.6933333333333334,TRUE,TRUE
participant_0851,AI-diverse,28,85.71428571428571,24,1.8064458333333333,37,89.1891891891892,33,1.7522939393939394,TRUE,TRUE
participant_0852,AI-diverse,29,79.3103448275862,23,3.066921739130435,36,83.33333333333334,30,2.9068,TRUE,TRUE
participant_0853,AI-diverse,32,93.75,30,2.4812766666666666,34,94.11764705882352,32,2.4348125,TRUE,TRUE
participant_0854,AI-diverse,30,93.33333333333333,28,2.3170357142857143,34,94.11764705882352,32,2.24375625,TRUE,TRUE
participant_0855,AI-diverse,33,90.9090909090909,30,2.3523833333333335,39,92.3076923076923,36,2.730838888888889,TRUE,TRUE
participant_0856,AI-diverse,33,81.81818181818183,27,2.607537037037037,36,83.33333333333334,30,2.560853333333333,TRUE,TRUE
participant_0857,AI-diverse,34,73.52941176470588,25,1.8521159999999999,37,75.67567567567568,28,1.81815,TRUE,TRUE
participant_0858,AI-diverse,36,100,36,2.161061111111111,37,100,37,2.1461540540540542,TRUE,TRUE
participant_0859,AI-diverse,39,97.43589743589743,38,3.0230947368421055,47,97.87234042553192,46,2.994304347826087,TRUE,TRUE
participant_0860,AI-diverse,41,82.92682926829268,34,2.758514705882353,47,85.1063829787234,40,2.776535,TRUE,TRUE
participant_0861,AI-diverse,37,83.78378378378379,31,1.8460612903225806,41,82.92682926829268,34,1.89525,TRUE,TRUE
participant_0862,AI-diverse,36,88.88888888888889,32,1.688821875,42,90.47619047619048,38,1.6586184210526316,TRUE,TRUE
participant_0863,AI-diverse,32,93.75,30,2.5219,41,95.1219512195122,39,2.3069410256410254,TRUE,TRUE
participant_0864,AI-diverse,32,93.75,30,2.8751333333333333,39,94.87179487179486,37,2.671972972972973,TRUE,TRUE
participant_0865,AI-diverse,28,89.28571428571429,25,2.571432,35,91.42857142857143,32,2.41773125,TRUE,TRUE
participant_0866,AI-diverse,38,84.21052631578947,32,3.009028125,42,85.71428571428571,36,2.8791527777777777,TRUE,TRUE
participant_0867,AI-diverse,29,72.41379310344827,21,3.5608095238095236,35,77.14285714285715,27,3.2491518518518516,TRUE,TRUE
participant_0868,AI-diverse,34,82.35294117647058,28,3.117585714285714,38,84.21052631578947,32,2.9250249999999998,TRUE,TRUE
participant_0869,AI-diverse,34,88.23529411764706,30,2.0450766666666667,43,90.69767441860465,39,2.0741948717948717,TRUE,TRUE
participant_0870,AI-diverse,37,94.5945945945946,35,1.72694,42,95.23809523809523,40,1.7415475,TRUE,TRUE
participant_0871,AI-diverse,34,76.47058823529412,26,2.714184615384615,37,78.37837837837837,29,2.635606896551724,TRUE,TRUE
participant_0872,AI-diverse,29,93.10344827586206,27,2.8412703703703706,37,94.5945945945946,35,2.5679828571428573,TRUE,TRUE
participant_0873,AI-diverse,34,94.11764705882352,32,2.722315625,40,95,38,2.7148236842105264,TRUE,TRUE
participant_0874,AI-diverse,37,94.5945945945946,35,2.7407742857142856,41,95.1219512195122,39,2.787397435897436,TRUE,TRUE
participant_0875,AI-diverse,34,82.35294117647058,28,2.664967857142857,40,80,32,2.655815625,TRUE,TRUE
participant_0876,AI-diverse,33,93.93939393939394,31,2.029667741935484,36,91.66666666666666,33,2.0103878787878786,TRUE,TRUE
participant_0877,AI-diverse,33,96.96969696969697,30,3.7994833333333333,34,97.05882352941177,31,3.753974193548387,TRUE,TRUE
participant_0878,AI-diverse,38,94.73684210526315,36,2.6182805555555557,40,95,38,2.5577605263157897,TRUE,TRUE
participant_0879,AI-diverse,25,92,23,1.8991347826086957,31,93.54838709677419,29,1.9007137931034483,TRUE,TRUE
participant_0880,AI-diverse,34,94.11764705882352,32,2.671275,40,95,38,2.5701842105263157,TRUE,TRUE
participant_0881,AI-diverse,36,72.22222222222221,26,2.452696153846154,40,75,30,2.39149,TRUE,TRUE
participant_0882,AI-diverse,39,84.61538461538461,33,2.675757575757576,46,86.95652173913044,40,2.6088275,TRUE,TRUE
participant_0883,AI-diverse,34,100,34,1.7072794117647059,41,100,41,1.7628170731707318,TRUE,TRUE
participant_0884,AI-diverse,36,80.55555555555556,29,2.2820689655172415,41,80.48780487804879,33,2.382030303030303,TRUE,TRUE
participant_0885,AI-diverse,34,88.23529411764706,30,2.937316666666667,42,90.47619047619048,38,2.975957894736842,TRUE,TRUE
participant_0886,AI-diverse,33,87.87878787878788,29,2.183058620689655,37,89.1891891891892,33,2.236460606060606,TRUE,TRUE
participant_0887,AI-diverse,40,87.5,35,4.820534285714285,47,89.36170212765957,42,4.696642857142857,TRUE,TRUE
participant_0888,AI-diverse,35,85.71428571428571,30,2.4913766666666666,40,87.5,35,2.3741142857142856,TRUE,TRUE
participant_0889,AI-diverse,38,84.21052631578947,32,2.3748,45,86.66666666666667,39,2.8351897435897437,TRUE,TRUE
participant_0890,AI-diverse,29,79.3103448275862,22,2.490972727272727,39,79.48717948717949,30,2.6000033333333334,TRUE,TRUE
participant_0891,AI-diverse,33,75.75757575757575,25,1.806456,34,76.47058823529412,26,1.7931192307692307,TRUE,TRUE
participant_0892,AI-diverse,32,87.5,28,2.811757142857143,38,89.47368421052632,34,2.5956970588235295,TRUE,TRUE
participant_0893,AI-diverse,36,88.88888888888889,32,2.029221875,44,90.9090909090909,40,2.1194375,TRUE,TRUE
participant_0894,AI-diverse,29,79.3103448275862,23,1.9086695652173913,41,82.92682926829268,34,1.896279411764706,TRUE,TRUE
participant_0895,AI-diverse,40,82.5,33,2.2320121212121213,47,85.1063829787234,40,2.1955725,TRUE,TRUE
participant_0896,AI-diverse,37,86.48648648648648,32,2.635734375,41,87.8048780487805,36,2.636936111111111,TRUE,TRUE
participant_0897,AI-diverse,41,82.92682926829268,34,2.7265323529411765,48,85.41666666666666,41,2.6833048780487805,TRUE,TRUE
participant_0898,AI-diverse,33,81.81818181818183,27,2.347259259259259,38,84.21052631578947,32,2.301609375,TRUE,TRUE
participant_0899,AI-diverse,30,80,24,2.4435708333333332,33,81.81818181818183,27,2.3252888888888887,TRUE,TRUE
participant_0900,AI-diverse,30,43.333333333333336,13,2.0464615384615383,36,52.77777777777778,19,2.306784210526316,TRUE,TRUE
participant_0901,AI-diverse,44,59.09090909090909,26,1.4804538461538461,53,66.0377358490566,35,1.4151228571428571,TRUE,TRUE
participant_0902,AI-diverse,29,86.20689655172413,25,1.91932,34,85.29411764705883,29,1.8886896551724137,TRUE,TRUE
participant_0903,AI-diverse,32,84.375,27,3.2090296296296295,38,86.8421052631579,32,3.2087093749999998,TRUE,TRUE
participant_0904,AI-diverse,33,90.9090909090909,29,1.8833172413793104,38,84.21052631578947,31,1.908083870967742,TRUE,TRUE
participant_0905,AI-diverse,36,77.77777777777779,27,2.867892592592592,40,80,31,3.5993354838709677,TRUE,TRUE
participant_0906,AI-diverse,41,63.41463414634146,26,1.9748846153846153,44,65.9090909090909,29,1.9933724137931035,TRUE,TRUE
participant_0907,AI-diverse,36,94.44444444444444,34,2.209605882352941,40,92.5,37,2.258764864864865,TRUE,TRUE
participant_0908,AI-diverse,34,100,34,1.6063117647058824,40,100,40,1.57066,TRUE,TRUE
participant_0909,AI-diverse,36,88.88888888888889,32,3.358984375,43,90.69767441860465,39,3.1224230769230767,TRUE,TRUE
participant_0910,AI-diverse,35,85.71428571428571,30,2.7369166666666667,38,86.8421052631579,33,2.6616939393939396,TRUE,TRUE
participant_0911,AI-diverse,36,50,17,4.6928,45,44.44444444444444,19,4.743252631578947,TRUE,TRUE
participant_0912,AI-diverse,29,96.55172413793103,27,3.2536962962962965,35,97.14285714285714,33,2.9839030303030305,TRUE,TRUE
participant_0913,AI-diverse,39,94.87179487179486,37,2.0671135135135135,44,95.45454545454545,42,2.089661904761905,TRUE,TRUE
participant_0914,AI-diverse,38,97.36842105263158,37,3.7698108108108106,42,97.61904761904762,41,3.7869756097560976,TRUE,TRUE
participant_0915,AI-diverse,32,93.75,30,2.19023,38,94.73684210526315,36,2.0839666666666665,TRUE,TRUE
participant_0917,AI-diverse,38,89.47368421052632,34,2.4666411764705884,41,90.2439024390244,37,2.434045945945946,TRUE,TRUE
participant_0918,AI-diverse,42,83.33333333333334,35,2.365074285714286,47,85.1063829787234,40,2.2976525,TRUE,TRUE
participant_0920,AI-diverse,31,80.64516129032258,25,2.3234,41,85.36585365853658,35,2.343845714285714,TRUE,TRUE
participant_0921,AI-diverse,41,82.92682926829268,33,2.4058484848484847,44,84.0909090909091,36,2.6905638888888888,TRUE,TRUE
participant_0922,AI-diverse,29,89.65517241379311,26,2.0393884615384614,35,91.42857142857143,32,2.00295,TRUE,TRUE
participant_0923,AI-diverse,34,76.47058823529412,26,2.8666153846153843,38,78.94736842105263,30,2.8162,TRUE,TRUE
participant_0924,AI-diverse,26,88.46153846153845,23,2.205791304347826,34,91.17647058823529,31,2.083316129032258,TRUE,TRUE
participant_0925,AI-diverse,35,97.14285714285714,34,2.8626323529411764,42,97.61904761904762,41,2.791865853658537,TRUE,TRUE
participant_0926,AI-diverse,30,90,27,2.660759259259259,36,91.66666666666666,33,2.6194727272727274,TRUE,TRUE
participant_0928,AI-diverse,27,88.88888888888889,24,2.7869166666666665,31,90.32258064516128,28,2.6420714285714286,TRUE,TRUE
participant_0929,AI-diverse,26,92.3076923076923,24,2.3594375,34,94.11764705882352,32,2.17338125,TRUE,TRUE
participant_0930,AI-diverse,34,85.29411764705883,29,5.341531034482759,43,86.04651162790698,37,5.041181081081081,TRUE,TRUE
participant_0931,AI-diverse,32,68.75,22,2.194009090909091,33,69.6969696969697,23,2.1596391304347824,TRUE,TRUE
participant_0933,AI-diverse,39,97.43589743589743,38,2.8210973684210527,45,97.77777777777777,44,2.7711045454545453,TRUE,TRUE
participant_0934,AI-diverse,39,87.17948717948718,34,1.3984176470588234,44,86.36363636363636,38,1.4528684210526315,TRUE,TRUE
participant_0935,AI-diverse,27,92.5925925925926,25,4.21958,32,93.75,30,4.177816666666667,TRUE,TRUE
participant_0939,AI-diverse,35,77.14285714285715,27,1.638348148148148,42,78.57142857142857,33,1.7235545454545453,TRUE,TRUE
participant_0940,AI-diverse,34,76.47058823529412,25,3.86796,36,75,26,3.8906961538461537,TRUE,TRUE
participant_0941,AI-diverse,33,90.9090909090909,30,2.3123,39,89.74358974358975,35,2.363417142857143,TRUE,TRUE
participant_0942,AI-diverse,35,77.14285714285715,27,2.286459259259259,40,77.5,31,2.2941322580645163,TRUE,TRUE
participant_0943,AI-diverse,40,100,40,2.3013,47,100,47,2.4637021276595745,TRUE,TRUE
participant_0944,AI-diverse,36,100,36,1.4967416666666666,43,100,43,1.4584651162790698,TRUE,TRUE
participant_0945,AI-diverse,32,96.875,31,1.546032258064516,38,97.36842105263158,37,1.5322783783783784,TRUE,TRUE
participant_0947,AI-diverse,36,86.11111111111111,31,1.776925806451613,43,88.37209302325581,38,1.7132157894736841,TRUE,TRUE
participant_0948,AI-diverse,32,90.625,29,3.007303448275862,35,91.42857142857143,32,3.02890625,TRUE,TRUE
participant_0951,AI-diverse,32,84.375,27,1.9742777777777778,45,88.88888888888889,40,1.972715,TRUE,TRUE
participant_0952,AI-diverse,33,90.9090909090909,30,2.0296266666666667,37,91.8918918918919,34,2.002673529411765,TRUE,TRUE
participant_0953,AI-diverse,40,95,38,2.5640473684210527,46,95.65217391304348,44,2.554990909090909,TRUE,TRUE
participant_0954,AI-diverse,30,70,21,2.2234190476190476,41,78.04878048780488,32,2.043590625,TRUE,TRUE
participant_0956,AI-diverse,29,96.55172413793103,28,2.345357142857143,35,97.14285714285714,34,2.693964705882353,TRUE,TRUE
participant_0957,AI-diverse,33,78.78787878787878,26,3.348573076923077,37,81.08108108108108,30,3.2728166666666665,TRUE,TRUE
participant_0958,AI-diverse,29,79.3103448275862,23,2.9168826086956523,33,81.81818181818183,27,2.8884592592592595,TRUE,TRUE
participant_0959,AI-diverse,31,90.32258064516128,28,3.213214285714286,38,92.10526315789474,35,3.0533314285714286,TRUE,TRUE
participant_0960,AI-diverse,32,87.5,28,2.404892857142857,36,88.88888888888889,32,2.3450625,TRUE,TRUE
participant_0961,AI-diverse,37,89.1891891891892,33,1.9934666666666667,39,89.74358974358975,35,2.0064828571428572,TRUE,TRUE
participant_0962,AI-diverse,33,87.87878787878788,29,3.1516275862068963,41,87.8048780487805,36,2.9132416666666665,TRUE,TRUE
participant_0963,AI-diverse,27,96.29629629629629,26,2.445326923076923,33,96.96969696969697,32,2.5631625,TRUE,TRUE
participant_0964,AI-diverse,37,91.8918918918919,34,2.142061764705882,46,93.47826086956522,43,2.124474418604651,TRUE,TRUE
participant_0965,AI-diverse,31,87.09677419354838,27,1.9462222222222223,33,87.87878787878788,29,1.938448275862069,TRUE,TRUE
participant_0966,AI-diverse,34,73.52941176470588,25,2.30502,37,75.67567567567568,28,2.3452678571428573,TRUE,TRUE
participant_0967,AI-diverse,37,94.5945945945946,35,2.19786,42,95.23809523809523,40,2.2162025,TRUE,TRUE
participant_0968,AI-diverse,39,87.17948717948718,34,1.975470588235294,44,88.63636363636364,39,1.9624820512820513,TRUE,TRUE
participant_0969,AI-diverse,38,94.73684210526315,36,1.865611111111111,41,95.1219512195122,39,1.8337435897435896,TRUE,TRUE
participant_0970,AI-diverse,31,77.41935483870968,24,2.3713458333333333,41,82.92682926829268,34,2.158038235294118,TRUE,TRUE
participant_0972,AI-diverse,33,93.93939393939394,31,2.120864516129032,39,94.87179487179486,37,2.1043405405405404,TRUE,TRUE
participant_0973,AI-diverse,38,84.21052631578947,32,1.619740625,43,83.72093023255815,36,1.6601777777777778,TRUE,TRUE
participant_0975,AI-diverse,39,92.3076923076923,35,2.289225714285714,46,93.47826086956522,42,2.230442857142857,TRUE,TRUE
participant_0976,AI-diverse,35,71.42857142857143,25,2.67726,37,72.97297297297297,27,2.596588888888889,TRUE,TRUE
participant_0977,AI-diverse,34,79.41176470588235,27,2.2151666666666667,37,81.08108108108108,30,2.2168166666666664,TRUE,TRUE
participant_0978,AI-diverse,29,82.75862068965517,24,3.0495833333333335,41,87.8048780487805,36,2.8345166666666666,TRUE,TRUE
participant_0979,AI-diverse,35,94.28571428571428,33,3.2048454545454543,42,95.23809523809523,40,2.90481,TRUE,TRUE
participant_0980,AI-diverse,31,96.7741935483871,30,2.7871466666666667,43,97.67441860465115,42,2.499471428571429,TRUE,TRUE
participant_0981,AI-diverse,39,92.3076923076923,36,3.0070166666666664,44,93.18181818181817,41,2.8334365853658534,TRUE,TRUE
participant_0984,AI-diverse,25,92,23,2.8899434782608697,35,94.28571428571428,33,3.3018454545454543,TRUE,TRUE
participant_0985,AI-diverse,36,94.44444444444444,34,2.6396470588235292,41,95.1219512195122,39,2.582692307692308,TRUE,TRUE
participant_0986,AI-diverse,36,77.77777777777779,28,1.7619785714285714,41,80.48780487804879,33,1.799730303030303,TRUE,TRUE
participant_0989,AI-diverse,39,84.61538461538461,33,1.800790909090909,44,86.36363636363636,38,1.8160473684210525,TRUE,TRUE
participant_0990,AI-diverse,40,82.5,33,2.0522060606060606,46,82.6086956521739,38,1.9331421052631579,TRUE,TRUE
participant_0992,AI-diverse,11,81.81818181818183,9,2.8873888888888892,13,84.61538461538461,11,2.9429636363636362,FALSE,FALSE
participant_0994,AI-diverse,41,87.8048780487805,36,3.475111111111111,45,88.88888888888889,40,3.390715,TRUE,TRUE
participant_0995,AI-diverse,33,75.75757575757575,25,3.783952,40,80,32,3.763259375,TRUE,TRUE
participant_0996,AI-diverse,37,78.37837837837837,29,1.6473689655172414,45,80,36,1.6544,TRUE,TRUE
participant_0997,AI-diverse,43,95.34883720930233,41,2.468570731707317,53,96.22641509433963,51,2.825994117647059,TRUE,TRUE
participant_0998,AI-diverse,34,97.05882352941177,33,1.9260696969696969,40,97.5,39,1.8271589743589745,TRUE,TRUE
participant_1000,AI-diverse,34,73.52941176470588,25,2.43784,41,78.04878048780488,32,2.23725,TRUE,TRUE
participant_1001,AI-diverse,31,87.09677419354838,27,2.4723296296296295,34,88.23529411764706,30,2.39395,TRUE,TRUE
participant_1002,AI-diverse,34,91.17647058823529,31,2.4312870967741933,41,92.6829268292683,38,2.397342105263158,TRUE,TRUE
participant_1003,AI-diverse,39,87.17948717948718,34,2.9649058823529413,48,89.58333333333334,43,2.674295348837209,TRUE,TRUE
participant_1004,AI-diverse,32,84.375,27,2.811259259259259,40,87.5,35,2.5723142857142856,TRUE,TRUE
participant_1005,AI-diverse,25,80,20,1.801455,31,83.87096774193549,26,1.8682615384615384,TRUE,TRUE
participant_1006,AI-diverse,28,89.28571428571429,25,3.8648279999999997,32,90.625,29,3.640951724137931,TRUE,TRUE
participant_1007,AI-diverse,39,97.43589743589743,37,3.673602702702703,46,97.82608695652173,44,3.586090909090909,TRUE,TRUE
participant_1008,AI-diverse,29,58.620689655172406,17,4.085929411764706,35,65.71428571428571,23,4.066447826086956,TRUE,TRUE
participant_1009,AI-diverse,36,91.66666666666666,32,2.511509375,38,92.10526315789474,34,2.442161764705882,TRUE,TRUE
participant_1011,AI-diverse,35,62.857142857142854,22,2.278431818181818,41,68.29268292682927,28,2.2252642857142857,TRUE,TRUE
participant_1012,AI-diverse,35,65.71428571428571,23,1.445008695652174,41,70.73170731707317,29,1.4598827586206897,TRUE,TRUE
participant_1015,AI-diverse,29,89.65517241379311,26,3.9642769230769233,34,91.17647058823529,31,3.6927903225806453,TRUE,TRUE
participant_1017,AI-diverse,36,88.88888888888889,32,3.2584375,41,78.04878048780488,32,3.2584375,TRUE,TRUE
participant_1018,AI-diverse,37,89.1891891891892,33,2.853066666666667,44,90.9090909090909,39,2.684641025641026,TRUE,TRUE
participant_1019,AI-diverse,32,81.25,26,3.952019230769231,34,82.35294117647058,28,3.832185714285714,TRUE,TRUE
participant_1020,AI-diverse,34,70.58823529411765,23,3.672691304347826,39,74.35897435897436,28,3.392782142857143,TRUE,TRUE
participant_1021,AI-diverse,41,95.1219512195122,39,2.930658974358974,50,94,47,3.00171914893617,TRUE,TRUE
participant_1022,AI-diverse,31,77.41935483870968,24,2.58145,36,80.55555555555556,29,2.6213655172413795,TRUE,TRUE
participant_1024,AI-diverse,34,88.23529411764706,30,2.3248333333333333,40,90,36,2.300672222222222,TRUE,TRUE
participant_1025,AI-diverse,33,90.9090909090909,30,2.4891533333333333,39,92.3076923076923,36,2.635202777777778,TRUE,TRUE
participant_1026,AI-diverse,44,86.36363636363636,38,1.5053973684210527,46,86.95652173913044,40,1.5225175,TRUE,TRUE
participant_1028,AI-diverse,26,80.76923076923077,20,1.746665,30,83.33333333333334,24,1.8064166666666666,TRUE,TRUE
participant_1029,AI-diverse,40,90,36,2.7213444444444446,45,91.11111111111111,41,2.6505341463414633,TRUE,TRUE
participant_1031,AI-diverse,42,80.95238095238095,34,6.348788235294117,48,81.25,39,5.859715384615384,TRUE,TRUE
participant_1033,AI-diverse,31,83.87096774193549,26,1.9479653846153846,33,81.81818181818183,27,2.007540740740741,TRUE,TRUE
participant_1034,AI-diverse,35,100,35,3.189542857142857,43,100,43,3.1119069767441863,TRUE,TRUE
participant_1036,AI-diverse,32,87.5,28,2.6949678571428572,40,85,34,2.9198235294117647,TRUE,TRUE
participant_1037,AI-diverse,40,92.5,37,2.001324324324324,45,93.33333333333333,42,1.9513261904761905,TRUE,TRUE
participant_1038,AI-diverse,44,81.81818181818183,36,3.5088055555555555,46,82.6086956521739,38,3.428552631578947,TRUE,TRUE
participant_1039,AI-diverse,41,87.8048780487805,36,2.5407555555555557,42,88.09523809523809,37,2.525127027027027,TRUE,TRUE
participant_1041,AI-diverse,34,82.35294117647058,28,2.0699214285714285,36,83.33333333333334,30,2.088033333333333,TRUE,TRUE
participant_1042,AI-diverse,43,93.02325581395348,40,2.6376425,51,94.11764705882352,48,2.569125,TRUE,TRUE
participant_1043,AI-diverse,28,75,21,2.3401619047619047,31,77.41935483870968,24,2.206008333333333,TRUE,TRUE
participant_1044,AI-diverse,30,86.66666666666667,26,2.265826923076923,37,89.1891891891892,33,2.2691545454545454,TRUE,TRUE
participant_1046,AI-diverse,29,100,28,1.9852178571428571,36,97.22222222222221,34,2.098691176470588,TRUE,TRUE
participant_1047,AI-diverse,27,74.07407407407408,20,3.12237,37,81.08108108108108,29,2.98831724137931,TRUE,TRUE
participant_1050,AI-diverse,38,65.78947368421053,25,1.906548,39,66.66666666666666,26,1.9004769230769232,TRUE,TRUE
participant_1051,AI-diverse,34,79.41176470588235,27,3.6467185185185187,39,82.05128205128204,31,3.4832483870967743,TRUE,TRUE
participant_1052,AI-diverse,35,88.57142857142857,31,1.8845483870967743,40,90,36,1.8741944444444445,TRUE,TRUE
participant_1053,AI-diverse,32,84.375,25,3.688688,38,86.8421052631579,31,4.312793548387097,TRUE,TRUE
participant_1054,AI-diverse,41,97.5609756097561,40,2.20735,48,97.91666666666666,47,2.356404255319149,TRUE,TRUE
participant_1055,AI-diverse,30,96.66666666666667,29,2.354655172413793,39,97.43589743589743,38,2.933657894736842,TRUE,TRUE
participant_1056,AI-diverse,30,86.66666666666667,26,2.0978807692307693,39,89.74358974358975,35,2.1605857142857143,TRUE,TRUE
participant_1057,AI-diverse,32,93.75,30,2.09793,40,92.5,37,2.1916513513513514,TRUE,TRUE
participant_1058,AI-diverse,34,94.11764705882352,32,1.628003125,37,94.5945945945946,35,1.609397142857143,TRUE,TRUE
participant_1059,AI-diverse,28,85.71428571428571,24,3.5632916666666667,34,85.29411764705883,29,3.359241379310345,TRUE,TRUE
participant_1060,AI-diverse,34,94.11764705882352,32,2.5671875,44,95.45454545454545,42,2.3280714285714286,TRUE,TRUE
participant_1061,AI-diverse,37,81.08108108108108,30,2.30503,44,81.81818181818183,36,2.180638888888889,TRUE,TRUE
participant_1062,AI-diverse,33,87.87878787878788,29,1.972351724137931,41,90.2439024390244,37,1.9493189189189188,TRUE,TRUE
participant_1063,AI-diverse,30,90,27,2.1370814814814816,35,91.42857142857143,32,2.10869375,TRUE,TRUE
participant_1064,AI-diverse,40,90,36,1.7426944444444445,45,91.11111111111111,41,1.7047439024390245,TRUE,TRUE
participant_1065,AI-diverse,35,91.42857142857143,32,3.541909375,40,92.5,37,3.428872972972973,TRUE,TRUE
participant_1066,AI-diverse,31,83.87096774193549,26,2.3101153846153846,37,86.48648648648648,32,2.25203125,TRUE,TRUE
participant_1067,AI-diverse,36,86.11111111111111,31,1.9634387096774193,41,87.8048780487805,36,1.8759166666666667,TRUE,TRUE
participant_1068,AI-diverse,26,80.76923076923077,21,2.2054285714285715,33,75.75757575757575,25,2.19064,TRUE,TRUE
participant_1069,AI-diverse,33,87.87878787878788,29,2.340544827586207,40,90,36,2.2105277777777776,TRUE,TRUE
participant_1072,AI-diverse,33,90.9090909090909,30,2.346156666666667,37,91.8918918918919,34,2.2924529411764705,TRUE,TRUE
participant_1073,AI-diverse,41,95.1219512195122,39,2.241174358974359,44,95.45454545454545,42,2.2208071428571428,TRUE,TRUE
participant_1074,AI-diverse,35,82.85714285714286,29,1.8665448275862069,40,82.5,33,1.8094939393939393,TRUE,TRUE
participant_1075,AI-diverse,40,90,36,2.687963888888889,48,91.66666666666666,44,2.526875,TRUE,TRUE
participant_1076,AI-diverse,27,92.5925925925926,25,1.6418,34,94.11764705882352,32,1.6997499999999999,TRUE,TRUE
participant_1077,AI-diverse,42,80.95238095238095,34,3.3400794117647057,51,84.31372549019608,43,3.135590697674419,TRUE,TRUE
participant_1080,AI-diverse,27,74.07407407407408,20,3.063565,35,80,28,2.7043785714285713,TRUE,TRUE
participant_1082,AI-diverse,40,72.5,29,2.8024724137931036,43,74.4186046511628,32,2.787803125,TRUE,TRUE
participant_1083,AI-diverse,39,87.17948717948718,34,2.4336176470588233,45,88.88888888888889,40,2.266575,TRUE,TRUE
participant_1084,AI-diverse,37,86.48648648648648,32,3.15210625,42,88.09523809523809,37,3.0205243243243243,TRUE,TRUE
participant_1085,AI-diverse,32,75,24,5.630029166666667,40,80,31,5.168458064516129,TRUE,TRUE
participant_1087,AI-diverse,38,97.36842105263158,37,4.786813513513514,46,97.82608695652173,45,4.510886666666667,TRUE,TRUE
participant_1089,AI-diverse,40,77.5,31,3.6633,45,80,36,3.5021555555555555,TRUE,TRUE
participant_1090,AI-diverse,32,87.5,28,2.364092857142857,38,89.47368421052632,34,2.313708823529412,TRUE,TRUE
participant_1091,AI-diverse,37,37.83783783783784,13,3.717969230769231,43,37.2093023255814,15,3.6668266666666667,TRUE,TRUE
participant_1092,AI-diverse,38,89.47368421052632,34,2.3471382352941177,42,90.47619047619048,38,2.257478947368421,TRUE,TRUE
participant_1093,AI-diverse,30,83.33333333333334,25,1.859456,35,85.71428571428571,30,1.91629,TRUE,TRUE
participant_1094,AI-diverse,33,81.81818181818183,27,2.544137037037037,40,82.5,33,2.5694545454545454,TRUE,TRUE
participant_1095,AI-diverse,26,84.61538461538461,22,3.8663,35,88.57142857142857,31,3.680041935483871,TRUE,TRUE
participant_1096,AI-diverse,41,90.2439024390244,37,2.1863432432432433,48,91.66666666666666,44,2.157825,TRUE,TRUE
participant_1097,AI-diverse,32,81.25,26,3.3132615384615387,41,85.36585365853658,35,3.101785714285714,TRUE,TRUE
participant_1098,AI-diverse,37,72.97297297297297,27,2.0543407407407406,45,77.77777777777779,35,2.2120457142857144,TRUE,TRUE
participant_1099,AI-diverse,38,81.57894736842105,31,2.2309806451612904,43,83.72093023255815,36,2.1447694444444445,TRUE,TRUE
participant_1100,AI-diverse,38,89.47368421052632,34,2.0799117647058822,45,91.11111111111111,41,1.993829268292683,TRUE,TRUE
participant_1101,AI-diverse,31,93.54838709677419,29,1.8228620689655173,36,94.44444444444444,34,1.7384176470588235,TRUE,TRUE
participant_1102,AI-diverse,40,82.5,33,2.6004515151515153,44,81.81818181818183,36,2.519686111111111,TRUE,TRUE
participant_1103,AI-diverse,29,79.3103448275862,23,2.0643478260869563,34,82.35294117647058,28,2.0509285714285714,TRUE,TRUE
participant_1104,AI-diverse,40,62.5,25,2.423988,48,68.75,33,2.2443060606060605,TRUE,TRUE
participant_1105,AI-diverse,31,87.09677419354838,27,4.193285185185185,35,88.57142857142857,31,3.976306451612903,TRUE,TRUE
participant_1106,AI-diverse,46,89.13043478260869,41,3.8979634146341464,52,90.38461538461539,47,3.8214255319148935,TRUE,TRUE
participant_1107,AI-diverse,35,94.28571428571428,33,2.2770272727272727,37,94.5945945945946,35,2.26614,TRUE,TRUE
participant_1109,AI-diverse,37,91.8918918918919,34,1.6771352941176472,43,93.02325581395348,40,1.638595,TRUE,TRUE
participant_1110,AI-diverse,40,80,32,2.2529,43,81.3953488372093,35,2.2032342857142857,TRUE,TRUE
participant_1111,AI-diverse,30,96.66666666666667,29,1.7552482758620689,36,94.44444444444444,34,1.8199235294117646,TRUE,TRUE
participant_1112,AI-diverse,31,70.96774193548387,22,1.4737954545454546,36,72.22222222222221,26,1.5206807692307693,TRUE,TRUE
participant_1113,AI-diverse,33,84.84848484848484,28,1.9584285714285714,39,87.17948717948718,34,1.9695588235294117,TRUE,TRUE
participant_1115,AI-diverse,36,83.33333333333334,30,3.9740533333333334,42,85.71428571428571,36,3.849091666666667,TRUE,TRUE
participant_1117,AI-diverse,37,91.8918918918919,34,2.3445382352941175,43,93.02325581395348,40,2.2713975,TRUE,TRUE
participant_1118,AI-diverse,36,88.88888888888889,32,1.773721875,43,90.69767441860465,39,1.8060769230769231,TRUE,TRUE
participant_1119,AI-diverse,36,88.88888888888889,32,2.364378125,45,91.11111111111111,41,2.389860975609756,TRUE,TRUE
participant_1120,AI-diverse,34,97.05882352941177,33,2.101990909090909,38,97.36842105263158,37,2.0699324324324326,TRUE,TRUE
participant_1122,AI-diverse,28,96.42857142857143,27,2.1482444444444444,42,95.23809523809523,40,2.13068,TRUE,TRUE
participant_1123,AI-diverse,38,89.47368421052632,34,2.701635294117647,44,90.9090909090909,40,2.6992325,TRUE,TRUE
participant_1124,AI-diverse,33,96.96969696969697,32,2.2454375,39,97.43589743589743,38,2.1532605263157896,TRUE,TRUE
participant_1125,AI-diverse,30,66.66666666666666,20,2.21395,37,70.27027027027027,26,2.1418346153846155,TRUE,TRUE
participant_1128,AI-diverse,35,91.42857142857143,32,2.9008375,40,90,36,3.056286111111111,TRUE,TRUE
participant_1130,AI-diverse,39,92.3076923076923,36,1.94775,46,89.13043478260869,41,1.9593365853658535,TRUE,TRUE
participant_1131,AI-diverse,38,92.10526315789474,35,1.9897457142857142,41,92.6829268292683,38,1.9774868421052632,TRUE,TRUE
participant_1132,AI-diverse,38,92.10526315789474,35,2.668082857142857,47,93.61702127659575,44,2.667161363636364,TRUE,TRUE
participant_1133,AI-diverse,37,37.83783783783784,14,2.560092857142857,44,38.63636363636363,17,2.364811764705882,TRUE,TRUE
participant_1135,AI-diverse,36,83.33333333333334,30,1.9575,40,85,34,2.036,TRUE,TRUE
participant_1136,AI-diverse,29,82.75862068965517,24,3.3616208333333333,36,86.11111111111111,31,3.2758806451612905,TRUE,TRUE
participant_1137,AI-diverse,39,97.43589743589743,38,2.9673342105263156,45,97.77777777777777,44,3.0603363636363636,TRUE,TRUE
participant_1138,AI-diverse,40,92.5,36,2.4877833333333332,48,85.41666666666666,40,2.5323775,TRUE,TRUE
participant_1139,AI-diverse,29,89.65517241379311,26,2.0245615384615383,40,92.5,37,1.9746837837837838,TRUE,TRUE
participant_1140,AI-diverse,38,84.21052631578947,32,1.91571875,41,85.36585365853658,35,1.879457142857143,TRUE,TRUE
participant_1141,AI-diverse,35,85.71428571428571,30,1.4418066666666667,42,88.09523809523809,37,1.3991756756756757,TRUE,TRUE
participant_1142,AI-diverse,32,78.125,25,2.198236,38,78.94736842105263,30,2.1883133333333333,TRUE,TRUE
participant_1143,AI-diverse,34,79.41176470588235,27,5.255333333333334,37,81.08108108108108,30,5.1349,TRUE,TRUE
participant_1144,AI-diverse,40,80,32,2.011621875,46,82.6086956521739,38,2.2049815789473683,TRUE,TRUE
participant_1145,AI-diverse,33,84.84848484848484,28,2.0997642857142855,44,84.0909090909091,37,2.106289189189189,TRUE,TRUE
participant_1146,AI-diverse,34,91.17647058823529,31,2.1658709677419354,40,87.5,35,2.167642857142857,TRUE,TRUE
participant_1147,AI-diverse,39,89.74358974358975,35,3.4085428571428573,44,88.63636363636364,39,3.317374358974359,TRUE,TRUE
participant_1148,AI-diverse,4,75,3,3.2634,4,75,3,3.2634,FALSE,FALSE
participant_1150,AI-diverse,32,87.5,28,2.8717321428571427,40,90,36,2.802388888888889,TRUE,TRUE
participant_1151,AI-diverse,30,90,27,1.998,35,91.42857142857143,32,2.057875,TRUE,TRUE
participant_1152,AI-diverse,37,91.8918918918919,34,2.0254970588235293,45,91.11111111111111,41,1.9743317073170732,TRUE,TRUE
participant_1153,AI-diverse,30,100,30,2.921456666666667,35,100,35,2.88448,TRUE,TRUE
participant_1155,AI-diverse,30,96.66666666666667,29,3.2694689655172415,38,97.36842105263158,37,3.11902972972973,TRUE,TRUE
participant_1156,AI-diverse,36,91.66666666666666,31,8.279077419354838,41,92.6829268292683,35,7.6382771428571425,TRUE,TRUE
participant_1157,AI-diverse,37,94.5945945945946,35,4.443865714285714,44,95.45454545454545,42,4.437861904761905,TRUE,TRUE
participant_1158,AI-diverse,31,58.06451612903226,18,4.167944444444444,39,64.1025641025641,25,4.906716,TRUE,TRUE
participant_1160,AI-diverse,33,100,33,2.895409090909091,43,100,43,2.8062023255813955,TRUE,TRUE
participant_1161,AI-diverse,29,79.3103448275862,23,2.1405652173913046,38,84.21052631578947,32,2.204584375,TRUE,TRUE
participant_1162,AI-diverse,26,73.07692307692307,19,1.8909,33,75.75757575757575,25,1.792708,TRUE,TRUE
participant_1164,AI-diverse,29,82.75862068965517,24,3.435425,37,83.78378378378379,31,3.428048387096774,TRUE,TRUE
participant_1165,AI-diverse,37,81.08108108108108,30,1.9826733333333333,39,82.05128205128204,32,2.024765625,TRUE,TRUE
participant_1166,AI-diverse,32,84.375,27,2.691637037037037,38,86.8421052631579,33,2.557560606060606,TRUE,TRUE
participant_1168,AI-diverse,39,100,39,2.9696871794871798,43,100,43,2.8158162790697676,TRUE,TRUE
participant_1169,AI-diverse,36,94.44444444444444,34,3.0465705882352943,46,95.65217391304348,44,3.0268454545454544,TRUE,TRUE
participant_1170,AI-diverse,31,96.7741935483871,30,2.7174066666666667,38,97.36842105263158,37,2.6884459459459458,TRUE,TRUE
participant_1171,AI-diverse,29,68.96551724137932,20,2.07091,34,70.58823529411765,24,1.9921125,TRUE,TRUE
participant_1172,AI-diverse,36,86.11111111111111,31,2.433225806451613,39,87.17948717948718,34,2.392058823529412,TRUE,TRUE
participant_1175,AI-diverse,36,80.55555555555556,29,2.353596551724138,40,82.5,33,2.2916151515151513,TRUE,TRUE
participant_1176,AI-diverse,33,90.9090909090909,30,1.8271366666666666,36,91.66666666666666,33,1.801339393939394,TRUE,TRUE
participant_1177,AI-diverse,29,65.51724137931035,19,1.531621052631579,37,72.97297297297297,27,1.479025925925926,TRUE,TRUE
participant_1179,AI-diverse,25,60,15,4.730406666666667,30,63.33333333333333,19,4.299410526315789,TRUE,TRUE
participant_1181,AI-diverse,42,80.95238095238095,34,2.1180441176470586,44,81.81818181818183,36,2.0826666666666664,TRUE,TRUE
participant_1182,AI-diverse,42,78.57142857142857,33,3.503860606060606,46,80.43478260869566,36,3.600433333333333,TRUE,TRUE
participant_1183,AI-diverse,43,93.02325581395348,40,2.4755000000000003,49,93.87755102040816,46,2.4760913043478263,TRUE,TRUE
participant_1184,AI-diverse,40,92.5,37,2.6160513513513513,45,93.33333333333333,42,2.476095238095238,TRUE,TRUE
participant_1185,AI-diverse,31,74.19354838709677,23,2.3409304347826088,37,78.37837837837837,29,2.2841206896551722,TRUE,TRUE
participant_1186,AI-diverse,36,97.22222222222221,35,1.2832457142857143,41,97.5609756097561,40,1.2808125,TRUE,TRUE
participant_1187,AI-diverse,40,90,36,1.8630027777777778,53,92.45283018867924,49,1.8831918367346938,TRUE,TRUE
participant_1188,AI-diverse,30,83.33333333333334,25,2.007048,32,84.375,27,2.092,TRUE,TRUE
participant_1189,AI-diverse,32,93.75,30,1.5600800000000001,37,94.5945945945946,35,1.5450685714285715,TRUE,TRUE
participant_1190,AI-diverse,33,96.96969696969697,32,3.07140625,37,97.2972972972973,36,3.0002805555555554,TRUE,TRUE
participant_1191,AI-diverse,36,72.22222222222221,26,2.1235615384615385,40,75,30,2.2902033333333334,TRUE,TRUE
participant_1192,AI-diverse,28,85.71428571428571,24,2.6239708333333334,33,84.84848484848484,28,2.6902214285714288,TRUE,TRUE
participant_1193,AI-diverse,38,81.57894736842105,31,3.2401290322580643,41,82.92682926829268,34,3.182570588235294,TRUE,TRUE
participant_1194,AI-diverse,32,81.25,26,1.9587961538461538,38,81.57894736842105,31,1.8672612903225807,TRUE,TRUE
participant_1195,AI-diverse,30,93.33333333333333,28,1.6433892857142858,38,94.73684210526315,36,1.6097444444444444,TRUE,TRUE
participant_1196,AI-diverse,37,72.97297297297297,27,2.8250407407407407,40,75,30,2.85518,TRUE,TRUE
participant_1197,AI-diverse,34,76.47058823529412,26,1.6353846153846154,43,81.3953488372093,35,1.557322857142857,TRUE,TRUE
participant_1198,AI-diverse,31,100,31,2.750641935483871,37,100,37,2.7452405405405407,TRUE,TRUE
participant_1199,AI-diverse,46,95.65217391304348,44,4.929213636363636,51,96.07843137254902,49,4.7598142857142856,TRUE,TRUE
participant_1201,AI-diverse,33,100,33,3.3001515151515153,40,100,40,3.17325,TRUE,TRUE
participant_1202,AI-diverse,36,72.22222222222221,26,2.287346153846154,42,76.19047619047619,32,2.7016875000000002,TRUE,TRUE
participant_1204,AI-diverse,36,80.55555555555556,28,1.9617785714285714,43,83.72093023255815,33,2.2052424242424244,TRUE,TRUE
participant_1205,AI-diverse,27,70.37037037037037,18,2.7292388888888888,32,75,23,2.7187869565217393,TRUE,TRUE
participant_1206,AI-diverse,40,82.5,33,2.2698939393939392,44,84.0909090909091,37,2.2581513513513514,TRUE,TRUE
participant_1208,AI-diverse,30,90,27,1.7215185185185184,34,91.17647058823529,31,1.819,TRUE,TRUE
participant_1209,AI-diverse,41,85.36585365853658,35,2.24718,47,87.2340425531915,41,2.170882926829268,TRUE,TRUE
participant_1211,AI-diverse,36,80.55555555555556,29,2.9467241379310343,41,82.92682926829268,34,2.7292647058823527,TRUE,TRUE
participant_1212,AI-diverse,39,87.17948717948718,34,4.369891176470588,47,89.36170212765957,42,4.6673261904761905,TRUE,TRUE
participant_1213,AI-diverse,32,71.875,23,2.58,36,75,27,2.5790074074074076,TRUE,TRUE
participant_1215,AI-diverse,34,94.11764705882352,32,2.971525,39,94.87179487179486,37,2.877883783783784,TRUE,TRUE
participant_1216,AI-diverse,47,78.72340425531915,37,1.8100432432432432,49,79.59183673469387,39,1.7835923076923077,TRUE,TRUE
participant_1217,AI-diverse,39,84.61538461538461,33,2.457272727272727,45,86.66666666666667,39,2.5032641025641027,TRUE,TRUE
participant_1218,AI-diverse,32,96.875,31,4.0042451612903225,38,97.36842105263158,37,3.9113594594594594,TRUE,TRUE
participant_1219,AI-diverse,31,87.09677419354838,27,1.9485555555555556,36,88.88888888888889,32,1.87959375,TRUE,TRUE
participant_1220,AI-diverse,31,93.54838709677419,29,2.183348275862069,33,93.93939393939394,31,2.1553709677419355,TRUE,TRUE
participant_1221,AI-diverse,40,82.5,33,2.444872727272727,46,84.78260869565217,39,2.851397435897436,TRUE,TRUE
participant_1222,AI-diverse,38,81.57894736842105,31,2.8970129032258063,42,80.95238095238095,34,2.8516117647058823,TRUE,TRUE
participant_1223,AI-diverse,35,91.42857142857143,32,1.7316875,39,92.3076923076923,36,1.7346666666666666,TRUE,TRUE
participant_1224,AI-diverse,37,100,37,2.1974135135135135,43,100,43,3.0343697674418606,TRUE,TRUE
participant_1226,AI-diverse,23,21.73913043478261,5,3.03134,29,34.48275862068966,10,3.00074,TRUE,FALSE
participant_1227,AI-diverse,31,70.96774193548387,22,2.425659090909091,38,76.31578947368422,29,2.5025724137931036,TRUE,TRUE
participant_1228,AI-diverse,39,87.17948717948718,33,4.843539393939394,43,86.04651162790698,36,4.757452777777778,TRUE,TRUE
participant_1229,AI-diverse,28,71.42857142857143,20,3.254485,31,74.19354838709677,23,3.1005086956521737,TRUE,TRUE
participant_1230,AI-diverse,35,82.85714285714286,29,2.9997310344827586,38,84.21052631578947,32,2.942728125,TRUE,TRUE
participant_1231,AI-diverse,31,54.83870967741935,17,1.9966588235294118,36,61.111111111111114,22,2.0038227272727274,TRUE,TRUE
participant_1232,AI-diverse,36,91.66666666666666,33,2.763333333333333,38,92.10526315789474,35,2.7092,TRUE,TRUE
participant_1233,AI-diverse,40,87.5,35,1.544042857142857,46,89.13043478260869,41,1.6476926829268292,TRUE,TRUE
participant_1235,AI-diverse,28,92.85714285714286,26,2.9382346153846153,35,94.28571428571428,33,2.7733181818181816,TRUE,TRUE
participant_1236,AI-diverse,29,86.20689655172413,25,2.653956,33,87.87878787878788,29,3.1733724137931034,TRUE,TRUE
participant_1238,AI-diverse,42,90.47619047619048,38,1.8979947368421053,45,91.11111111111111,41,1.860419512195122,TRUE,TRUE
participant_1241,AI-diverse,31,80.64516129032258,25,1.8415439999999998,38,81.57894736842105,31,2.0226354838709675,TRUE,TRUE
participant_1242,AI-diverse,36,86.11111111111111,31,3.193516129032258,40,87.5,35,3.0428,TRUE,TRUE
participant_1243,AI-diverse,32,84.375,27,3.0860222222222222,36,86.11111111111111,31,3.257603225806452,TRUE,TRUE
participant_1244,AI-diverse,39,94.87179487179486,37,4.733572972972973,42,95.23809523809523,40,4.82752,TRUE,TRUE
participant_1245,AI-diverse,32,87.5,28,1.9624785714285715,37,89.1891891891892,33,1.898709090909091,TRUE,TRUE
participant_1246,AI-diverse,35,80,28,2.400617857142857,40,77.5,31,2.400225806451613,TRUE,TRUE
participant_1248,AI-diverse,40,80,32,2.323621875,42,80.95238095238095,34,2.311955882352941,TRUE,TRUE
participant_1249,AI-diverse,34,85.29411764705883,29,2.3365241379310344,39,87.17948717948718,34,2.225594117647059,TRUE,TRUE
participant_1250,AI-diverse,34,94.11764705882352,32,2.5483000000000002,39,92.3076923076923,36,2.6828861111111113,TRUE,TRUE
participant_1251,AI-diverse,35,88.57142857142857,31,2.4493483870967743,41,90.2439024390244,37,2.5347837837837837,TRUE,TRUE
participant_1253,AI-diverse,26,80.76923076923077,21,2.3749904761904763,31,83.87096774193549,26,2.391784615384615,TRUE,TRUE
participant_1254,AI-diverse,36,77.77777777777779,28,1.3728857142857143,40,80,32,1.3481125,TRUE,TRUE
participant_1255,AI-diverse,29,100,29,2.486003448275862,32,100,32,2.457478125,TRUE,TRUE
participant_1257,AI-diverse,36,88.88888888888889,32,2.048890625,40,90,36,2.010486111111111,TRUE,TRUE
participant_1258,AI-diverse,35,85.71428571428571,30,3.51017,40,85,34,3.5061676470588234,TRUE,TRUE
participant_1259,AI-diverse,39,89.74358974358975,35,2.807477142857143,43,90.69767441860465,39,2.9011641025641026,TRUE,TRUE
participant_1260,AI-diverse,32,59.375,19,2.4983631578947367,35,62.857142857142854,22,2.3259954545454544,TRUE,TRUE
participant_1261,AI-diverse,35,97.14285714285714,34,1.482170588235294,42,97.61904761904762,41,1.4647999999999999,TRUE,TRUE
participant_1262,AI-diverse,35,91.42857142857143,32,2.1046375,43,93.02325581395348,40,1.9267275,TRUE,TRUE
participant_1263,AI-diverse,33,87.87878787878788,29,2.0167862068965516,40,90,36,1.9720638888888888,TRUE,TRUE
participant_1264,AI-diverse,35,80,28,3.0907,36,80.55555555555556,29,3.0409793103448277,TRUE,TRUE
participant_1266,AI-diverse,33,69.6969696969697,23,3.641621739130435,40,75,30,3.621306666666667,TRUE,TRUE
participant_1267,AI-diverse,39,94.87179487179486,37,2.350810810810811,45,95.55555555555556,43,2.289767441860465,TRUE,TRUE
participant_1273,AI-diverse,37,83.78378378378379,31,4.022541935483871,44,86.36363636363636,38,3.9770394736842105,TRUE,TRUE
participant_1274,AI-diverse,37,97.2972972972973,36,1.6629,44,97.72727272727273,43,1.6053837209302326,TRUE,TRUE
participant_1275,AI-diverse,32,93.75,30,2.1159833333333333,43,90.69767441860465,39,2.1795589743589745,TRUE,TRUE
participant_1276,AI-diverse,32,96.875,31,2.447483870967742,38,94.73684210526315,36,2.8596944444444445,TRUE,TRUE
participant_0003,All-stimuli,75,86.66666666666667,65,2.9131015384615386,80,87.5,70,2.87426,TRUE,TRUE
participant_0004,All-stimuli,72,81.94444444444444,59,2.282308474576271,80,83.75,67,2.2462089552238806,TRUE,TRUE
participant_0005,All-stimuli,75,70.66666666666667,53,2.135547169811321,80,72.5,58,2.1100689655172413,TRUE,TRUE
participant_0006,All-stimuli,73,73.97260273972603,53,2.4818264150943397,80,76.25,60,2.4478133333333334,TRUE,TRUE
participant_0007,All-stimuli,72,87.5,60,3.3588,80,88.75,67,3.2627164179104478,TRUE,TRUE
participant_0008,All-stimuli,73,86.3013698630137,63,3.609063492063492,80,87.5,70,3.487157142857143,TRUE,TRUE
participant_0009,All-stimuli,74,86.48648648648648,64,2.7834453125,80,87.5,70,2.7403,TRUE,TRUE
participant_0010,All-stimuli,77,88.31168831168831,68,1.8206779411764706,80,88.75,71,1.8152366197183099,TRUE,TRUE
participant_0011,All-stimuli,73,83.56164383561644,61,1.8988,80,85,68,1.8391985294117648,TRUE,TRUE
participant_0012,All-stimuli,73,69.86301369863014,48,6.107258333333333,80,72.5,55,5.823805454545455,TRUE,TRUE
participant_0013,All-stimuli,73,78.08219178082192,57,3.49699649122807,80,80,64,3.3469828125,TRUE,TRUE
participant_0014,All-stimuli,77,84.4155844155844,65,3.9857184615384615,80,85,68,3.8775191176470587,TRUE,TRUE
participant_0015,All-stimuli,75,93.33333333333333,70,1.753307142857143,80,93.75,75,1.742084,TRUE,TRUE
participant_0016,All-stimuli,72,88.88888888888889,64,2.3120625,80,90,72,2.242263888888889,TRUE,TRUE
participant_0017,All-stimuli,77,80.51948051948052,62,1.9484564516129033,80,81.25,65,1.9591892307692307,TRUE,TRUE
participant_0018,All-stimuli,77,92.20779220779221,71,3.977816901408451,80,92.5,74,3.944531081081081,TRUE,TRUE
participant_0019,All-stimuli,77,80.51948051948052,62,2.203693548387097,80,81.25,65,2.203553846153846,TRUE,TRUE
participant_0020,All-stimuli,75,80,60,2.9537666666666667,80,81.25,65,3.0625846153846155,TRUE,TRUE
participant_0021,All-stimuli,73,65.75342465753424,48,3.5118104166666666,80,65,52,3.4553307692307693,TRUE,TRUE
participant_0025,All-stimuli,73,83.56164383561644,61,2.295811475409836,80,85,68,2.3071720588235296,TRUE,TRUE
participant_0026,All-stimuli,72,90.27777777777779,65,2.868323076923077,80,91.25,73,2.7585068493150686,TRUE,TRUE
participant_0031,All-stimuli,73,73.97260273972603,54,3.187311111111111,80,76.25,61,2.986698360655738,TRUE,TRUE
participant_0033,All-stimuli,75,72,54,1.8659444444444444,80,73.75,59,1.873864406779661,TRUE,TRUE
participant_0034,All-stimuli,74,50,37,1.9829945945945946,80,53.75,43,2.057093023255814,TRUE,TRUE
participant_0035,All-stimuli,72,80.55555555555556,58,3.138103448275862,80,82.5,66,3.0215454545454543,TRUE,TRUE
participant_0036,All-stimuli,74,97.2972972972973,72,1.8832777777777778,80,97.5,78,1.8746897435897436,TRUE,TRUE
participant_0037,All-stimuli,75,90.66666666666666,68,2.021261764705882,80,91.25,73,2.019264383561644,TRUE,TRUE
participant_0038,All-stimuli,76,77.63157894736842,59,2.0809966101694917,80,78.75,63,2.1363333333333334,TRUE,TRUE
participant_0039,All-stimuli,73,90.41095890410958,66,1.6549636363636364,80,88.75,71,1.6735084507042253,TRUE,TRUE
participant_0040,All-stimuli,72,90.27777777777779,65,2.74426,80,91.25,73,2.667482191780822,TRUE,TRUE
participant_0041,All-stimuli,74,87.83783783783784,65,2.5491353846153846,80,88.75,71,2.4992535211267604,TRUE,TRUE
participant_0042,All-stimuli,75,62.66666666666667,47,3.18671914893617,80,65,52,3.351207692307692,TRUE,TRUE
participant_0043,All-stimuli,77,83.11688311688312,64,2.49778125,80,83.75,67,2.4699776119402985,TRUE,TRUE
participant_0044,All-stimuli,79,83.54430379746836,66,3.0004848484848483,80,83.75,67,2.9988358208955224,TRUE,TRUE
participant_0045,All-stimuli,76,75,57,2.2865333333333333,80,76.25,61,2.2585901639344264,TRUE,TRUE
participant_0046,All-stimuli,73,89.04109589041096,65,1.3959953846153845,80,90,72,1.409836111111111,TRUE,TRUE
participant_0047,All-stimuli,73,86.3013698630137,63,1.8794444444444445,80,87.5,70,1.8473428571428572,TRUE,TRUE
participant_0048,All-stimuli,76,65.78947368421053,50,1.510252,80,67.5,54,1.5189407407407407,TRUE,TRUE
participant_0049,All-stimuli,76,88.1578947368421,67,2.206482089552239,80,88.75,71,2.1815323943661973,TRUE,TRUE
participant_0050,All-stimuli,76,80.26315789473685,61,1.7902622950819673,80,81.25,65,1.7698307692307693,TRUE,TRUE
participant_0051,All-stimuli,78,79.48717948717949,62,2.2106435483870968,80,80,64,2.2035109375,TRUE,TRUE
participant_0052,All-stimuli,74,89.1891891891892,66,2.383378787878788,80,90,72,2.3435694444444444,TRUE,TRUE
participant_0053,All-stimuli,77,75.32467532467533,58,2.69343275862069,80,76.25,61,2.6653754098360656,TRUE,TRUE
participant_0054,All-stimuli,71,87.32394366197182,62,2.412993548387097,80,88.75,71,2.483642253521127,TRUE,TRUE
participant_0055,All-stimuli,77,89.6103896103896,69,2.207691304347826,80,90,72,2.2150930555555557,TRUE,TRUE
participant_0056,All-stimuli,77,87.01298701298701,67,2.146741791044776,80,87.5,70,2.128602857142857,TRUE,TRUE
participant_0057,All-stimuli,77,93.5064935064935,72,2.154236111111111,80,93.75,75,2.124146666666667,TRUE,TRUE
participant_0058,All-stimuli,73,90.41095890410958,66,2.5330348484848484,80,91.25,73,2.491613698630137,TRUE,TRUE
participant_0060,All-stimuli,79,79.74683544303798,63,2.529415873015873,80,80,64,2.5248984375,TRUE,TRUE
participant_0061,All-stimuli,76,80.26315789473685,61,2.365434426229508,80,81.25,65,2.341329230769231,TRUE,TRUE
participant_0062,All-stimuli,76,82.89473684210526,63,2.59014126984127,80,83.75,67,2.638191044776119,TRUE,TRUE
participant_0063,All-stimuli,76,73.68421052631578,56,1.9642785714285715,80,75,60,1.9902483333333334,TRUE,TRUE
participant_0064,All-stimuli,75,81.33333333333333,61,3.4870475409836064,80,82.5,66,3.4147954545454544,TRUE,TRUE
participant_0065,All-stimuli,74,85.13513513513513,63,2.0467666666666666,80,86.25,69,2.023017391304348,TRUE,TRUE
participant_0066,All-stimuli,77,74.02597402597402,57,2.6133122807017544,80,75,60,2.58503,TRUE,TRUE
participant_0067,All-stimuli,69,82.6086956521739,57,2.336494736842105,80,85,68,2.253020588235294,TRUE,TRUE
participant_0068,All-stimuli,72,83.33333333333334,60,3.017395,80,85,68,2.906395588235294,TRUE,TRUE
participant_0069,All-stimuli,77,96.1038961038961,74,3.355408108108108,80,95,76,3.3238289473684213,TRUE,TRUE
participant_0070,All-stimuli,76,80.26315789473685,61,1.9886983606557376,80,81.25,65,1.9993384615384615,TRUE,TRUE
participant_0071,All-stimuli,73,84.93150684931507,62,1.5607129032258065,80,86.25,69,1.5821724637681158,TRUE,TRUE
participant_0072,All-stimuli,76,76.31578947368422,57,2.727375438596491,80,77.5,61,2.679793442622951,TRUE,TRUE
participant_0073,All-stimuli,76,94.73684210526315,72,2.634373611111111,80,93.75,75,2.8514733333333333,TRUE,TRUE
participant_0074,All-stimuli,72,73.61111111111111,53,2.461496226415094,80,76.25,61,2.4523934426229506,TRUE,TRUE
participant_0075,All-stimuli,74,81.08108108108108,60,3.23477,80,82.5,66,3.11539696969697,TRUE,TRUE
participant_0076,All-stimuli,69,88.40579710144928,61,2.666809836065574,80,90,72,2.609251388888889,TRUE,TRUE
participant_0077,All-stimuli,70,85.71428571428571,60,3.9027166666666666,80,87.5,70,3.9685,TRUE,TRUE
participant_0078,All-stimuli,72,83.33333333333334,60,2.129725,80,85,68,2.045894117647059,TRUE,TRUE
participant_0079,All-stimuli,76,81.57894736842105,62,1.9433870967741935,80,82.5,66,1.9588257575757575,TRUE,TRUE
participant_0080,All-stimuli,73,86.3013698630137,63,2.446968253968254,80,87.5,70,2.3872428571428572,TRUE,TRUE
participant_0081,All-stimuli,68,82.35294117647058,56,2.0246160714285715,75,84,63,2.1268920634920634,TRUE,TRUE
participant_0082,All-stimuli,75,89.33333333333333,65,3.289033846153846,80,88.75,69,3.232278260869565,TRUE,TRUE
participant_0083,All-stimuli,73,78.08219178082192,57,2.190943859649123,80,77.5,62,2.194575806451613,TRUE,TRUE
participant_0084,All-stimuli,67,92.53731343283582,62,2.351025806451613,80,93.75,75,2.2510626666666664,TRUE,TRUE
participant_0085,All-stimuli,73,86.3013698630137,63,2.6885555555555554,80,87.5,70,2.698442857142857,TRUE,TRUE
participant_0086,All-stimuli,73,82.1917808219178,60,2.2112933333333333,80,83.75,67,2.1841119402985076,TRUE,TRUE
participant_0087,All-stimuli,75,78.66666666666666,59,3.837035593220339,80,80,64,3.783184375,TRUE,TRUE
participant_0088,All-stimuli,75,84,63,1.9944015873015872,80,85,68,2.0039426470588233,TRUE,TRUE
participant_0089,All-stimuli,76,76.31578947368422,58,2.40765,80,77.5,62,2.392682258064516,TRUE,TRUE
participant_0090,All-stimuli,77,76.62337662337663,59,2.1922542372881355,80,77.5,62,2.1605322580645163,TRUE,TRUE
participant_0091,All-stimuli,75,96,72,2.5862291666666666,80,96.25,77,2.5312844155844156,TRUE,TRUE
participant_0092,All-stimuli,73,82.1917808219178,60,4.17533,80,83.75,67,3.9766701492537315,TRUE,TRUE
participant_0093,All-stimuli,70,74.28571428571429,52,3.7006346153846152,76,75,57,3.6525438596491226,TRUE,TRUE
participant_0094,All-stimuli,68,61.76470588235294,42,2.9097809523809524,80,67.5,54,2.771225925925926,TRUE,TRUE
participant_0095,All-stimuli,75,84,63,1.974663492063492,80,83.75,67,1.9818641791044775,TRUE,TRUE
participant_0096,All-stimuli,77,81.81818181818183,63,2.5449920634920633,80,82.5,66,2.534269696969697,TRUE,TRUE
participant_0097,All-stimuli,76,75,57,2.4503859649122806,80,76.25,61,2.425627868852459,TRUE,TRUE
participant_0098,All-stimuli,77,51.94805194805194,36,2.59975,80,52.5,38,2.8257631578947366,TRUE,TRUE
participant_0099,All-stimuli,76,65.78947368421053,50,1.92461,80,67.5,54,1.8693277777777777,TRUE,TRUE
participant_0100,All-stimuli,72,80.55555555555556,58,2.13723275862069,80,82.5,66,2.068506060606061,TRUE,TRUE
participant_0101,All-stimuli,76,84.21052631578947,64,2.774515625,80,85,68,2.7598,TRUE,TRUE
participant_0102,All-stimuli,77,96.1038961038961,74,1.7484554054054053,80,96.25,77,1.7663415584415585,TRUE,TRUE
participant_0103,All-stimuli,72,86.11111111111111,62,2.7791774193548386,80,87.5,70,2.7012,TRUE,TRUE
participant_0104,All-stimuli,71,81.69014084507043,57,3.9384491228070173,80,83.75,66,3.9175469696969696,TRUE,TRUE
participant_0105,All-stimuli,77,83.11688311688312,64,3.4577609375,80,83.75,67,3.4303432835820895,TRUE,TRUE
participant_0106,All-stimuli,71,92.95774647887323,66,1.942160606060606,80,92.5,74,1.9350297297297296,TRUE,TRUE
participant_0107,All-stimuli,77,93.5064935064935,72,3.8647916666666666,80,93.75,75,3.810826666666667,TRUE,TRUE
participant_0108,All-stimuli,69,82.6086956521739,57,3.0984035087719297,72,83.33333333333334,60,3.061113333333333,TRUE,TRUE
participant_0109,All-stimuli,76,88.1578947368421,67,3.770920895522388,80,88.75,71,3.666794366197183,TRUE,TRUE
participant_0110,All-stimuli,76,78.94736842105263,60,3.5179833333333335,80,80,64,3.440921875,TRUE,TRUE
participant_0111,All-stimuli,73,78.08219178082192,57,2.6232315789473684,80,80,64,2.50255,TRUE,TRUE
participant_0112,All-stimuli,76,78.94736842105263,60,2.880733333333333,80,80,64,2.852375,TRUE,TRUE
participant_0113,All-stimuli,74,86.48648648648648,64,2.336159375,80,87.5,70,2.3036742857142856,TRUE,TRUE
participant_0114,All-stimuli,76,90.78947368421053,69,3.162527536231884,80,91.25,73,3.231530136986301,TRUE,TRUE
participant_0115,All-stimuli,74,83.78378378378379,57,4.014621052631579,80,85,63,4.111955555555555,TRUE,TRUE
participant_0116,All-stimuli,73,83.56164383561644,61,2.7839590163934425,80,85,68,2.7349735294117647,TRUE,TRUE
participant_0117,All-stimuli,73,83.56164383561644,61,2.06872131147541,80,85,68,2.0713676470588234,TRUE,TRUE
participant_0118,All-stimuli,74,64.86486486486487,48,1.7912,80,66.25,53,1.828198113207547,TRUE,TRUE
participant_0119,All-stimuli,75,74.66666666666667,55,3.676823636363636,80,76.25,60,3.5790616666666666,TRUE,TRUE
participant_0121,All-stimuli,74,82.43243243243244,59,4.914806779661017,80,83.75,65,4.744123076923077,TRUE,TRUE
participant_0122,All-stimuli,77,61.038961038961034,47,2.3316595744680852,80,61.25000000000001,49,2.311248979591837,TRUE,TRUE
participant_0123,All-stimuli,74,79.72972972972973,59,1.5113050847457628,80,81.25,65,1.8411076923076923,TRUE,TRUE
participant_0124,All-stimuli,78,82.05128205128204,64,2.6629515625,80,82.5,66,2.6445621212121213,TRUE,TRUE
participant_0125,All-stimuli,74,87.83783783783784,64,3.641615625,80,88.75,70,3.5598428571428573,TRUE,TRUE
participant_0126,All-stimuli,74,77.02702702702703,57,1.6071877192982456,80,78.75,63,1.649457142857143,TRUE,TRUE
participant_0127,All-stimuli,71,73.23943661971832,52,3.308507692307692,80,76.25,61,3.5029311475409837,TRUE,TRUE
participant_0128,All-stimuli,75,74.66666666666667,56,1.9172125,80,76.25,61,1.878132786885246,TRUE,TRUE
participant_0129,All-stimuli,74,78.37837837837837,58,1.705293103448276,80,80,64,1.678453125,TRUE,TRUE
participant_0130,All-stimuli,76,72.36842105263158,53,3.2426849056603775,80,72.5,56,3.132739285714286,TRUE,TRUE
participant_0131,All-stimuli,73,63.013698630136986,46,3.606813043478261,80,66.25,53,3.401666037735849,TRUE,TRUE
participant_0132,All-stimuli,73,84.93150684931507,62,2.4815306451612904,80,86.25,69,2.415514492753623,TRUE,TRUE
participant_0133,All-stimuli,75,84,63,1.7778190476190476,80,85,68,1.753094117647059,TRUE,TRUE
participant_0134,All-stimuli,68,79.41176470588235,54,2.4723574074074075,80,82.5,66,2.333519696969697,TRUE,TRUE
participant_0135,All-stimuli,76,88.1578947368421,67,2.3840597014925375,80,88.75,71,2.3425845070422535,TRUE,TRUE
participant_0136,All-stimuli,73,82.1917808219178,59,2.7325084745762713,80,83.75,66,2.611239393939394,TRUE,TRUE
participant_0137,All-stimuli,68,82.35294117647058,56,2.3879464285714285,80,85,68,2.2681764705882355,TRUE,TRUE
participant_0138,All-stimuli,74,86.48648648648648,63,3.3407126984126982,80,87.5,69,3.3622014492753625,TRUE,TRUE
participant_0139,All-stimuli,76,77.63157894736842,59,2.205745762711864,80,78.75,63,2.1553492063492063,TRUE,TRUE
participant_0140,All-stimuli,74,91.8918918918919,68,2.37425,80,92.5,74,2.3195135135135136,TRUE,TRUE
participant_0141,All-stimuli,74,89.1891891891892,66,3.606319696969697,80,90,72,3.5752444444444444,TRUE,TRUE
participant_0142,All-stimuli,76,76.31578947368422,58,1.7625879310344827,80,77.5,62,1.78225,TRUE,TRUE
participant_0143,All-stimuli,75,76,57,2.551217543859649,80,77.5,62,2.520708064516129,TRUE,TRUE
participant_0144,All-stimuli,74,90.54054054054053,67,2.60645223880597,80,91.25,73,2.5888027397260274,TRUE,TRUE
participant_0145,All-stimuli,72,65.27777777777779,47,2.836431914893617,80,68.75,55,2.737590909090909,TRUE,TRUE
participant_0146,All-stimuli,75,92,69,1.9542260869565218,80,92.5,74,1.9264202702702702,TRUE,TRUE
participant_0147,All-stimuli,74,82.43243243243244,61,3.748872131147541,80,82.5,66,3.771768181818182,TRUE,TRUE
participant_0148,All-stimuli,73,82.1917808219178,60,2.1200783333333333,80,83.75,67,2.1705746268656716,TRUE,TRUE
participant_0149,All-stimuli,78,82.05128205128204,64,3.96759375,80,82.5,66,3.9256818181818183,TRUE,TRUE
participant_0150,All-stimuli,74,85.13513513513513,63,2.652633333333333,80,85,68,2.6332676470588234,TRUE,TRUE
participant_0151,All-stimuli,77,71.42857142857143,55,2.045287272727273,80,72.5,58,2.0316344827586206,TRUE,TRUE
participant_0152,All-stimuli,73,84.93150684931507,62,2.388182258064516,80,86.25,69,2.3603695652173915,TRUE,TRUE
participant_0153,All-stimuli,77,90.9090909090909,70,2.5722285714285715,80,90,72,2.597777777777778,TRUE,TRUE
participant_0154,All-stimuli,76,82.89473684210526,63,1.5111031746031747,80,83.75,67,1.4735194029850747,TRUE,TRUE
participant_0155,All-stimuli,74,93.24324324324324,69,1.9594536231884059,80,93.75,75,1.9419586666666666,TRUE,TRUE
participant_0157,All-stimuli,70,88.57142857142857,62,3.380608064516129,80,88.75,70,3.4884642857142856,TRUE,TRUE
participant_0158,All-stimuli,78,89.74358974358975,70,2.280887142857143,80,90,72,2.4440583333333334,TRUE,TRUE
participant_0159,All-stimuli,74,83.78378378378379,62,3.315298387096774,80,85,68,3.2281764705882354,TRUE,TRUE
participant_0160,All-stimuli,72,79.16666666666666,57,2.3036684210526315,80,78.75,63,2.255009523809524,TRUE,TRUE
participant_0161,All-stimuli,75,80,59,2.5777322033898304,80,81.25,64,2.5633515625,TRUE,TRUE
participant_0162,All-stimuli,73,89.04109589041096,65,2.1177076923076923,80,90,72,2.149208333333333,TRUE,TRUE
participant_0163,All-stimuli,74,89.1891891891892,66,3.967681818181818,80,90,72,4.418097222222222,TRUE,TRUE
participant_0164,All-stimuli,74,93.24324324324324,69,1.9391101449275363,80,93.75,75,1.9229826666666667,TRUE,TRUE
participant_0165,All-stimuli,76,85.52631578947368,65,2.288853846153846,80,86.25,69,2.291533333333333,TRUE,TRUE
participant_0166,All-stimuli,76,88.1578947368421,66,2.4809060606060607,80,88.75,70,2.4326885714285713,TRUE,TRUE
participant_0167,All-stimuli,76,88.1578947368421,67,2.3146626865671642,80,88.75,71,2.299388732394366,TRUE,TRUE
participant_0168,All-stimuli,78,85.8974358974359,67,1.545534328358209,80,86.25,69,1.5867289855072464,TRUE,TRUE
participant_0169,All-stimuli,75,64,48,2.11728125,80,65,52,2.045934615384615,TRUE,TRUE
participant_0170,All-stimuli,76,82.89473684210526,63,2.4087031746031746,80,83.75,67,2.362692537313433,TRUE,TRUE
participant_0171,All-stimuli,76,84.21052631578947,64,2.801015625,80,85,68,2.800264705882353,TRUE,TRUE
participant_0172,All-stimuli,73,86.3013698630137,63,2.9105269841269843,80,87.5,70,2.8108400000000002,TRUE,TRUE
participant_0173,All-stimuli,75,81.33333333333333,61,2.0544262295081968,80,82.5,66,2.022666666666667,TRUE,TRUE
participant_0174,All-stimuli,70,67.14285714285714,47,2.3124255319148936,80,71.25,57,2.151298245614035,TRUE,TRUE
participant_0175,All-stimuli,80,72.5,58,2.9474775862068965,80,72.5,58,2.9474775862068965,TRUE,TRUE
participant_0176,All-stimuli,75,82.66666666666667,61,2.869065573770492,80,83.75,66,2.8291424242424243,TRUE,TRUE
participant_0177,All-stimuli,69,85.5072463768116,59,3.4525762711864405,80,86.25,69,3.206446376811594,TRUE,TRUE
participant_0178,All-stimuli,77,40.25974025974026,31,2.3038354838709676,80,40,32,2.35655,TRUE,TRUE
participant_0179,All-stimuli,74,86.48648648648648,64,2.3559671875,80,87.5,70,2.284267142857143,TRUE,TRUE
participant_0180,All-stimuli,77,58.44155844155844,45,3.5176866666666666,80,60,48,3.3833270833333335,TRUE,TRUE
participant_0181,All-stimuli,75,78.66666666666666,59,4.427508474576271,80,80,64,4.5145,TRUE,TRUE
participant_0182,All-stimuli,75,74.66666666666667,56,2.3705696428571428,80,76.25,61,2.3434672131147543,TRUE,TRUE
participant_0183,All-stimuli,72,69.44444444444444,50,2.156402,80,72.5,58,2.0955741379310346,TRUE,TRUE
participant_0184,All-stimuli,74,87.83783783783784,65,1.781583076923077,80,88.75,71,1.764825352112676,TRUE,TRUE
participant_0185,All-stimuli,73,78.08219178082192,57,2.2496719298245615,80,80,64,2.223675,TRUE,TRUE
participant_0186,All-stimuli,72,80.55555555555556,58,3.0211155172413795,80,82.5,66,2.8846651515151516,TRUE,TRUE
participant_0187,All-stimuli,71,95.77464788732394,68,2.0688676470588234,80,96.25,77,2.1080064935064935,TRUE,TRUE
participant_0188,All-stimuli,76,89.47368421052632,68,2.200185294117647,80,90,72,2.182263888888889,TRUE,TRUE
participant_0189,All-stimuli,71,83.09859154929578,59,6.983581355932204,80,83.75,67,6.887974626865672,TRUE,TRUE
participant_0190,All-stimuli,75,81.33333333333333,61,3.7071098360655736,80,82.5,66,3.6223924242424244,TRUE,TRUE
participant_0191,All-stimuli,74,89.1891891891892,66,2.368831818181818,80,90,72,2.315475,TRUE,TRUE
participant_0192,All-stimuli,74,68.91891891891892,51,2.389913725490196,80,71.25,57,2.266977192982456,TRUE,TRUE
participant_0193,All-stimuli,73,90.41095890410958,66,2.2733530303030305,80,91.25,73,2.2191616438356165,TRUE,TRUE
participant_0194,All-stimuli,75,86.66666666666667,65,3.222753846153846,80,87.5,70,3.15508,TRUE,TRUE
participant_0195,All-stimuli,74,64.86486486486487,48,2.4191458333333333,80,67.5,54,2.5330555555555554,TRUE,TRUE
participant_0196,All-stimuli,77,72.72727272727273,56,4.093625,80,72.5,58,4.146327586206897,TRUE,TRUE
participant_0197,All-stimuli,74,64.86486486486487,48,2.484447916666667,80,67.5,54,2.4673796296296295,TRUE,TRUE
participant_0198,All-stimuli,72,86.11111111111111,62,2.7255580645161293,80,87.5,70,2.6256242857142857,TRUE,TRUE
participant_0199,All-stimuli,76,88.1578947368421,65,5.412233846153846,80,88.75,69,5.213110144927536,TRUE,TRUE
participant_0200,All-stimuli,69,81.15942028985508,56,2.1435,80,83.75,67,2.0722850746268655,TRUE,TRUE
participant_0201,All-stimuli,79,77.21518987341773,61,2.487493442622951,80,77.5,62,2.470843548387097,TRUE,TRUE
participant_0202,All-stimuli,74,90.54054054054053,67,2.1621373134328357,80,91.25,73,2.0956575342465755,TRUE,TRUE
participant_0203,All-stimuli,74,85.13513513513513,63,3.8783523809523808,80,85,68,3.890048529411765,TRUE,TRUE
participant_0204,All-stimuli,73,84.93150684931507,62,2.3906951612903224,80,85,68,2.3286514705882353,TRUE,TRUE
participant_0205,All-stimuli,72,83.33333333333334,57,6.546342105263157,80,83.75,63,6.222215873015873,TRUE,TRUE
participant_0206,All-stimuli,69,78.26086956521739,53,3.9118603773584906,80,77.5,61,4.126347540983606,TRUE,TRUE
participant_0207,All-stimuli,76,50,38,2.901152631578947,80,51.24999999999999,41,2.8111560975609757,TRUE,TRUE
participant_0208,All-stimuli,70,84.28571428571429,59,4.206183050847458,80,86.25,69,4.145171014492754,TRUE,TRUE
participant_0209,All-stimuli,73,89.04109589041096,65,2.3577676923076925,80,90,72,2.3492527777777776,TRUE,TRUE
participant_0210,All-stimuli,78,82.05128205128204,64,2.6698,80,82.5,66,2.6370515151515153,TRUE,TRUE
participant_0211,All-stimuli,72,76.38888888888889,55,4.391407272727273,80,78.75,63,4.112661904761905,TRUE,TRUE
participant_0212,All-stimuli,75,78.66666666666666,59,2.684027118644068,80,80,64,2.5900125,TRUE,TRUE
participant_0213,All-stimuli,75,85.33333333333334,64,2.5777640625,80,86.25,69,2.5959884057971014,TRUE,TRUE
participant_0214,All-stimuli,72,79.16666666666666,57,3.6833894736842105,80,81.25,65,3.4914553846153846,TRUE,TRUE
participant_0215,All-stimuli,73,86.3013698630137,63,3.084736507936508,80,86.25,69,3.0051594202898553,TRUE,TRUE
participant_0216,All-stimuli,75,89.33333333333333,66,3.545590909090909,80,90,71,3.622056338028169,TRUE,TRUE
participant_0217,All-stimuli,71,87.32394366197182,62,2.9742516129032257,80,88.75,71,3.0607295774647887,TRUE,TRUE
participant_0218,All-stimuli,75,77.33333333333333,58,2.355203448275862,80,78.75,62,2.3259612903225806,TRUE,TRUE
participant_0219,All-stimuli,74,85.13513513513513,62,3.7956790322580645,80,86.25,68,3.9595926470588236,TRUE,TRUE
participant_0220,All-stimuli,77,79.22077922077922,61,1.9462983606557378,80,80,64,1.9511796875,TRUE,TRUE
participant_0221,All-stimuli,71,71.83098591549296,51,1.9440588235294118,80,75,60,1.9372833333333335,TRUE,TRUE
participant_0222,All-stimuli,76,82.89473684210526,62,4.593112903225807,80,83.75,66,4.631681818181818,TRUE,TRUE
participant_0223,All-stimuli,74,90.54054054054053,67,2.7907358208955224,80,91.25,73,3.056794520547945,TRUE,TRUE
participant_0225,All-stimuli,73,84.93150684931507,62,2.4077951612903226,80,86.25,69,2.43111884057971,TRUE,TRUE
participant_0226,All-stimuli,75,89.33333333333333,67,1.527120895522388,80,90,72,1.6807680555555555,TRUE,TRUE
participant_0227,All-stimuli,77,81.81818181818183,63,2.009615873015873,80,82.5,66,2.0038,TRUE,TRUE
participant_0228,All-stimuli,72,94.44444444444444,68,2.008202941176471,80,95,76,1.948328947368421,TRUE,TRUE
participant_0229,All-stimuli,75,82.66666666666667,62,2.7072790322580644,80,82.5,66,3.0606757575757575,TRUE,TRUE
participant_0230,All-stimuli,69,86.95652173913044,59,3.3184203389830507,80,88.75,70,3.2408071428571428,TRUE,TRUE
participant_0231,All-stimuli,71,85.91549295774648,61,1.9675311475409836,80,85,68,1.9901191176470587,TRUE,TRUE
participant_0232,All-stimuli,76,81.57894736842105,62,2.6678032258064515,80,82.5,66,2.6324681818181817,TRUE,TRUE
participant_0233,All-stimuli,75,81.33333333333333,61,2.277573770491803,80,82.5,66,2.2160757575757577,TRUE,TRUE
participant_0234,All-stimuli,77,81.81818181818183,63,2.494984126984127,80,82.5,66,2.4707424242424243,TRUE,TRUE
participant_0235,All-stimuli,79,86.07594936708861,68,2.395026470588235,80,86.25,69,2.3807014492753624,TRUE,TRUE
participant_0236,All-stimuli,72,79.16666666666666,57,2.0933684210526318,80,81.25,65,2.0576538461538463,TRUE,TRUE
participant_0237,All-stimuli,76,67.10526315789474,51,2.0430941176470587,80,68.75,55,1.9870854545454546,TRUE,TRUE
participant_0238,All-stimuli,72,73.61111111111111,53,3.5850339622641507,80,76.25,61,3.415722950819672,TRUE,TRUE
participant_0239,All-stimuli,74,90.54054054054053,67,1.7770597014925373,80,91.25,73,1.7513561643835616,TRUE,TRUE
participant_0240,All-stimuli,74,83.78378378378379,61,3.5214803278688525,80,85,67,3.4065328358208955,TRUE,TRUE
participant_0241,All-stimuli,71,90.14084507042254,64,4.00478125,80,91.25,73,4.010712328767124,TRUE,TRUE
participant_0242,All-stimuli,75,73.33333333333333,55,2.136727272727273,80,75,60,2.084633333333333,TRUE,TRUE
participant_0243,All-stimuli,78,83.33333333333334,65,2.2569076923076925,80,83.75,67,2.2370597014925373,TRUE,TRUE
participant_0244,All-stimuli,76,84.21052631578947,64,3.4491828125,80,85,68,3.5574235294117647,TRUE,TRUE
participant_0245,All-stimuli,73,69.86301369863014,51,2.132809803921569,80,65,52,2.1588230769230767,TRUE,TRUE
participant_0246,All-stimuli,77,70.12987012987013,54,1.8971814814814814,80,71.25,57,1.9157473684210526,TRUE,TRUE
participant_0247,All-stimuli,70,91.42857142857143,64,2.5744140625,80,90,72,2.4914916666666667,TRUE,TRUE
participant_0248,All-stimuli,75,78.66666666666666,55,3.2183945454545455,80,80,60,3.40511,TRUE,TRUE
participant_0249,All-stimuli,76,88.1578947368421,67,3.4673671641791044,80,88.75,71,3.4098281690140846,TRUE,TRUE
participant_0250,All-stimuli,71,85.91549295774648,59,3.8839135593220337,80,87.5,68,3.7661838235294116,TRUE,TRUE
participant_0251,All-stimuli,79,79.74683544303798,63,2.3910349206349206,80,80,64,2.3909828125,TRUE,TRUE
participant_0252,All-stimuli,78,96.15384615384616,75,2.1864133333333333,80,95,76,2.2080934210526317,TRUE,TRUE
participant_0253,All-stimuli,74,74.32432432432432,55,4.004072727272727,80,76.25,61,3.9737540983606556,TRUE,TRUE
participant_0254,All-stimuli,76,81.57894736842105,60,5.199378333333334,80,82.5,64,5.0020578125,TRUE,TRUE
participant_0255,All-stimuli,71,69.01408450704226,48,2.7277291666666668,80,71.25,56,2.78175,TRUE,TRUE
participant_0256,All-stimuli,75,81.33333333333333,61,3.052350819672131,80,82.5,66,3.138439393939394,TRUE,TRUE
participant_0257,All-stimuli,73,87.67123287671232,63,2.801031746031746,80,88.75,70,2.8108857142857144,TRUE,TRUE
participant_0258,All-stimuli,72,79.16666666666666,57,1.6392456140350877,80,81.25,65,1.6457538461538461,TRUE,TRUE
participant_0259,All-stimuli,70,80,56,2.102357142857143,80,82.5,66,2.003151515151515,TRUE,TRUE
participant_0260,All-stimuli,78,75.64102564102564,59,3.193377966101695,80,76.25,61,3.155759016393443,TRUE,TRUE
participant_0262,All-stimuli,70,87.14285714285714,61,2.298295081967213,80,88.75,71,2.2439577464788734,TRUE,TRUE
participant_0263,All-stimuli,73,73.97260273972603,52,5.864317307692308,80,76.25,59,5.793637288135593,TRUE,TRUE
participant_0264,All-stimuli,70,81.42857142857143,57,2.20389649122807,80,83.75,67,2.330882089552239,TRUE,TRUE
participant_0265,All-stimuli,70,82.85714285714286,58,2.5525827586206895,80,85,68,2.4329485294117648,TRUE,TRUE
participant_0266,All-stimuli,72,81.94444444444444,59,2.9883322033898305,80,83.75,67,3.067583582089552,TRUE,TRUE
participant_0267,All-stimuli,72,87.5,58,5.831793103448276,80,88.75,65,5.640436923076923,TRUE,TRUE
participant_0268,All-stimuli,77,80.51948051948052,62,3.665233870967742,80,81.25,65,3.6945553846153847,TRUE,TRUE
participant_0269,All-stimuli,74,95.94594594594594,71,3.3172338028169013,80,96.25,77,3.2615363636363637,TRUE,TRUE
participant_0270,All-stimuli,77,88.31168831168831,68,2.3709014705882354,80,88.75,71,2.3477197183098593,TRUE,TRUE
participant_0271,All-stimuli,77,89.6103896103896,69,1.9514376811594203,80,88.75,71,1.9406112676056337,TRUE,TRUE
participant_0272,All-stimuli,69,75.36231884057972,52,3.2758596153846153,80,78.75,63,3.331122222222222,TRUE,TRUE
participant_0273,All-stimuli,72,90.27777777777779,65,2.0931046153846156,80,90,72,2.0880666666666667,TRUE,TRUE
participant_0274,All-stimuli,73,83.56164383561644,61,1.9844262295081967,80,85,68,1.9569411764705882,TRUE,TRUE
participant_0275,All-stimuli,72,77.77777777777779,55,4.021545454545454,80,80,62,4.033677419354839,TRUE,TRUE
participant_0276,All-stimuli,76,89.47368421052632,68,2.014466176470588,80,90,72,1.9895375,TRUE,TRUE
participant_0277,All-stimuli,74,87.83783783783784,65,3.151353846153846,80,88.75,71,3.2182140845070424,TRUE,TRUE
participant_0278,All-stimuli,72,84.72222222222221,61,3.0011475409836064,80,86.25,69,2.91968115942029,TRUE,TRUE
participant_0279,All-stimuli,76,88.1578947368421,67,2.2942119402985073,80,88.75,71,2.264138028169014,TRUE,TRUE
participant_0280,All-stimuli,76,88.1578947368421,67,2.779283582089552,80,88.75,71,2.7032605633802818,TRUE,TRUE
participant_0281,All-stimuli,75,76,57,2.5069561403508773,80,77.5,62,2.682877419354839,TRUE,TRUE
participant_0282,All-stimuli,75,85.33333333333334,64,2.5279375,80,86.25,69,2.4977391304347827,TRUE,TRUE
participant_0283,All-stimuli,73,65.75342465753424,48,3.5857791666666667,80,68.75,55,3.54152,TRUE,TRUE
participant_0284,All-stimuli,72,91.66666666666666,66,2.728590909090909,80,92.5,74,2.598393243243243,TRUE,TRUE
participant_0285,All-stimuli,75,82.66666666666667,62,2.879335483870968,80,83.75,67,2.8898716417910446,TRUE,TRUE
participant_0286,All-stimuli,77,74.02597402597402,57,2.0607894736842107,80,75,60,2.0548,TRUE,TRUE
participant_0287,All-stimuli,73,87.67123287671232,64,1.8779531250000001,80,88.75,71,1.9084507042253522,TRUE,TRUE
participant_0288,All-stimuli,76,90.78947368421053,69,2.3926434782608696,80,91.25,73,2.3866493150684933,TRUE,TRUE
participant_0289,All-stimuli,74,95.94594594594594,71,3.083150704225352,80,96.25,77,3.0686155844155842,TRUE,TRUE
participant_0290,All-stimuli,73,80.82191780821918,57,3.8982280701754384,80,82.5,64,3.783059375,TRUE,TRUE
participant_0291,All-stimuli,73,83.56164383561644,61,2.2918196721311475,80,85,68,2.212455882352941,TRUE,TRUE
participant_0292,All-stimuli,71,73.23943661971832,52,2.5236903846153846,80,75,60,2.365725,TRUE,TRUE
participant_0293,All-stimuli,75,80,60,2.644816666666667,80,81.25,65,2.5874153846153845,TRUE,TRUE
participant_0294,All-stimuli,71,78.87323943661971,56,1.997267857142857,80,81.25,65,1.9057692307692307,TRUE,TRUE
participant_0295,All-stimuli,77,94.8051948051948,73,3.0391205479452057,80,95,76,3.029719736842105,TRUE,TRUE
participant_0296,All-stimuli,77,90.9090909090909,70,2.55025,80,91.25,73,2.526805479452055,TRUE,TRUE
participant_0297,All-stimuli,76,71.05263157894737,54,4.593407407407407,80,72.5,58,4.618241379310345,TRUE,TRUE
participant_0298,All-stimuli,77,81.81818181818183,63,3.971574603174603,80,82.5,66,3.9484136363636364,TRUE,TRUE
participant_0309,All-stimuli,75,77.33333333333333,58,1.2144689655172414,80,76.25,61,1.2424016393442623,TRUE,TRUE
participant_0314,All-stimuli,76,76.31578947368422,58,2.179510344827586,80,77.5,62,2.127974193548387,TRUE,TRUE
participant_0332,All-stimuli,73,80.82191780821918,59,2.899728813559322,80,82.5,66,2.7812121212121212,TRUE,TRUE
participant_0341,All-stimuli,21,85.71428571428571,18,2.5689333333333333,22,86.36363636363636,19,2.5312052631578945,FALSE,FALSE
participant_0342,All-stimuli,73,80.82191780821918,59,3.3919762711864405,80,80,64,3.30413125,TRUE,TRUE
participant_0347,All-stimuli,77,54.54545454545454,35,6.327691428571429,80,56.25,38,6.01366052631579,TRUE,TRUE
participant_0349,All-stimuli,76,86.8421052631579,66,4.154377272727273,80,87.5,70,4.145685714285714,TRUE,TRUE
participant_0352,All-stimuli,77,89.6103896103896,69,3.6621608695652172,80,88.75,71,3.6507845070422533,TRUE,TRUE
participant_0358,All-stimuli,72,80.55555555555556,58,2.0831155172413793,80,82.5,66,2.0368954545454545,TRUE,TRUE
participant_0366,All-stimuli,74,72.97297297297297,51,3.7551960784313727,80,75,57,3.7395912280701755,TRUE,TRUE
participant_0368,All-stimuli,76,89.47368421052632,68,2.267919117647059,80,90,72,2.2590319444444447,TRUE,TRUE
participant_0376,All-stimuli,76,86.8421052631579,66,3.694518181818182,80,87.5,70,3.644082857142857,TRUE,TRUE
participant_0377,All-stimuli,74,89.1891891891892,66,1.9622424242424243,80,88.75,71,1.93343661971831,TRUE,TRUE
participant_0379,All-stimuli,76,90.78947368421053,69,3.279972463768116,80,91.25,73,3.216027397260274,TRUE,TRUE
participant_0381,All-stimuli,74,83.78378378378379,62,3.089167741935484,80,85,68,2.9886500000000003,TRUE,TRUE
participant_0384,All-stimuli,71,91.54929577464789,63,4.432682539682539,80,92.5,72,4.291527777777778,TRUE,TRUE
participant_0386,All-stimuli,74,70.27027027027027,51,6.492276470588235,80,72.5,57,6.293150877192983,TRUE,TRUE
participant_0392,All-stimuli,68,92.64705882352942,63,2.9746650793650793,80,93.75,75,2.913992,TRUE,TRUE
participant_0394,All-stimuli,74,81.08108108108108,60,2.83403,80,82.5,66,2.7205045454545456,TRUE,TRUE
participant_0400,All-stimuli,69,85.5072463768116,59,2.7519457627118644,80,87.5,70,2.639542857142857,TRUE,TRUE
participant_0401,All-stimuli,72,90.27777777777779,65,2.7356138461538464,80,91.25,73,2.6542753424657533,TRUE,TRUE
participant_0406,All-stimuli,67,91.04477611940298,61,1.8883081967213116,80,92.5,74,1.842304054054054,TRUE,TRUE
participant_0407,All-stimuli,71,39.436619718309856,28,1.8095142857142856,80,41.25,33,1.943830303030303,TRUE,TRUE
participant_0408,All-stimuli,73,84.93150684931507,62,3.464648387096774,80,86.25,69,3.332623188405797,TRUE,TRUE
participant_0409,All-stimuli,70,92.85714285714286,65,2.0261015384615386,80,91.25,73,2.008943835616438,TRUE,TRUE
participant_0410,All-stimuli,77,85.71428571428571,66,2.6194848484848485,80,86.25,69,2.6209333333333333,TRUE,TRUE
participant_0411,All-stimuli,75,89.33333333333333,67,2.5016432835820894,80,90,72,2.4733763888888887,TRUE,TRUE
participant_0412,All-stimuli,74,67.56756756756756,50,2.374032,80,70,56,2.341167857142857,TRUE,TRUE
participant_0413,All-stimuli,77,70.12987012987013,54,3.164588888888889,80,71.25,57,3.112259649122807,TRUE,TRUE
participant_0414,All-stimuli,74,87.83783783783784,65,2.152409230769231,80,88.75,71,2.091318309859155,TRUE,TRUE
participant_0415,All-stimuli,68,16.176470588235293,6,1.5509333333333335,80,13.750000000000002,6,1.5509333333333335,TRUE,FALSE
participant_0416,All-stimuli,72,86.11111111111111,62,1.9617,80,87.5,70,1.9589714285714286,TRUE,TRUE
participant_0417,All-stimuli,75,88,66,2.076310606060606,80,88.75,71,2.024388732394366,TRUE,TRUE
participant_0418,All-stimuli,77,84.4155844155844,65,3.654909230769231,80,85,68,3.5813367647058825,TRUE,TRUE
participant_0419,All-stimuli,76,89.47368421052632,68,1.9599176470588235,80,90,72,1.9449138888888888,TRUE,TRUE
participant_0420,All-stimuli,78,69.23076923076923,54,1.9415351851851852,80,70,56,1.9589178571428572,TRUE,TRUE
participant_0421,All-stimuli,73,89.04109589041096,65,3.1376030769230767,80,90,72,3.010186111111111,TRUE,TRUE
participant_0422,All-stimuli,74,70.27027027027027,52,4.033863461538462,80,72.5,58,3.8672741379310343,TRUE,TRUE
participant_0423,All-stimuli,77,67.53246753246754,52,2.468401923076923,80,68.75,55,2.424329090909091,TRUE,TRUE
participant_0424,All-stimuli,71,56.33802816901409,40,2.3814375,79,58.22784810126582,46,2.403782608695652,TRUE,TRUE
participant_0425,All-stimuli,77,84.4155844155844,65,2.5181876923076922,80,85,68,2.464716176470588,TRUE,TRUE
participant_0426,All-stimuli,77,63.63636363636363,49,3.344369387755102,80,65,52,3.3316923076923075,TRUE,TRUE
participant_0427,All-stimuli,73,69.86301369863014,51,2.193456862745098,80,72.5,58,2.1182172413793103,TRUE,TRUE
participant_0428,All-stimuli,69,84.05797101449275,58,2.680493103448276,80,86.25,69,2.593289855072464,TRUE,TRUE
participant_0429,All-stimuli,75,81.33333333333333,61,2.2183311475409835,80,82.5,66,2.167909090909091,TRUE,TRUE
participant_0430,All-stimuli,72,77.77777777777779,56,1.9527589285714286,80,80,64,1.8930875,TRUE,TRUE
participant_0431,All-stimuli,73,84.93150684931507,62,3.410532258064516,80,86.25,69,3.3224115942028987,TRUE,TRUE
participant_0432,All-stimuli,76,84.21052631578947,64,2.838259375,80,85,68,2.8105529411764705,TRUE,TRUE
participant_0433,All-stimuli,76,88.1578947368421,67,3.012476119402985,80,88.75,71,2.939187323943662,TRUE,TRUE
participant_0434,All-stimuli,75,86.66666666666667,65,3.3334138461538463,80,87.5,70,3.2705342857142856,TRUE,TRUE
participant_0435,All-stimuli,76,93.42105263157895,71,3.7727253521126762,80,93.75,75,3.879313333333333,TRUE,TRUE
participant_0436,All-stimuli,77,79.22077922077922,61,5.815034426229508,80,80,64,5.860628125,TRUE,TRUE
participant_0437,All-stimuli,76,72.36842105263158,55,1.8849781818181819,80,73.75,59,1.8444372881355933,TRUE,TRUE
participant_0438,All-stimuli,70,48.57142857142857,31,3.4919516129032258,80,55.00000000000001,41,3.0040585365853656,TRUE,TRUE
participant_0439,All-stimuli,75,74.66666666666667,56,2.0261071428571427,80,76.25,61,2.0188032786885244,TRUE,TRUE
participant_0440,All-stimuli,74,82.43243243243244,61,2.7278327868852457,80,83.75,67,2.7149149253731344,TRUE,TRUE
participant_0441,All-stimuli,74,85.13513513513513,63,3.380965079365079,80,85,68,3.3870220588235296,TRUE,TRUE
participant_0442,All-stimuli,76,82.89473684210526,63,2.4793968253968255,80,82.5,66,2.4475151515151516,TRUE,TRUE
participant_0443,All-stimuli,70,90,63,2.5553269841269843,80,91.25,73,2.456531506849315,TRUE,TRUE
participant_0444,All-stimuli,77,76.62337662337663,59,2.225505084745763,80,73.75,59,2.225505084745763,TRUE,TRUE
participant_0445,All-stimuli,69,89.85507246376811,62,2.7079532258064516,80,91.25,73,2.6239520547945205,TRUE,TRUE
participant_0446,All-stimuli,71,77.46478873239437,51,5.502307843137255,80,80,59,5.330662711864407,TRUE,TRUE
participant_0447,All-stimuli,78,97.43589743589743,76,2.588013157894737,80,97.5,78,2.5619115384615383,TRUE,TRUE
participant_0448,All-stimuli,76,93.42105263157895,70,2.2506114285714287,80,93.75,74,2.202427027027027,TRUE,TRUE
participant_0449,All-stimuli,75,65.33333333333333,49,2.311804081632653,80,65,52,2.6086115384615387,TRUE,TRUE
participant_0450,All-stimuli,77,89.6103896103896,69,2.323350724637681,80,90,72,2.295752777777778,TRUE,TRUE
participant_0451,All-stimuli,73,89.04109589041096,64,3.64224375,80,90,71,3.6323112676056337,TRUE,TRUE
participant_0452,All-stimuli,74,66.21621621621621,49,1.9097408163265306,80,68.75,55,1.9145981818181819,TRUE,TRUE
participant_0453,All-stimuli,75,80,60,2.24818,80,81.25,65,2.192396923076923,TRUE,TRUE
participant_0454,All-stimuli,75,20,15,1.0048533333333334,80,18.75,15,1.0048533333333334,TRUE,FALSE
participant_0455,All-stimuli,74,87.83783783783784,65,1.9951107692307692,80,88.75,71,2.0271718309859157,TRUE,TRUE
participant_0456,All-stimuli,75,78.66666666666666,58,4.472555172413793,80,80,63,4.298642857142857,TRUE,TRUE
participant_0457,All-stimuli,77,74.02597402597402,49,3.9353857142857143,80,75,52,4.148498076923077,TRUE,TRUE
participant_0458,All-stimuli,73,75.34246575342466,54,1.8698592592592593,80,77.5,61,1.8343409836065574,TRUE,TRUE
participant_0459,All-stimuli,74,89.1891891891892,66,2.652259090909091,80,90,72,2.580726388888889,TRUE,TRUE
participant_0461,All-stimuli,77,80.51948051948052,62,3.151143548387097,80,81.25,65,3.138146153846154,TRUE,TRUE
participant_0462,All-stimuli,77,83.11688311688312,64,4.0330984375,80,83.75,67,4.0693,TRUE,TRUE
participant_0464,All-stimuli,77,76.62337662337663,59,2.4976474576271186,80,77.5,62,2.442803225806452,TRUE,TRUE
participant_0465,All-stimuli,71,76.05633802816901,54,2.3570796296296295,80,78.75,63,2.2908444444444447,TRUE,TRUE
participant_0466,All-stimuli,74,89.1891891891892,66,1.8688727272727272,80,90,72,1.9172,TRUE,TRUE
participant_0467,All-stimuli,74,91.8918918918919,68,2.156019117647059,80,92.5,74,2.1185297297297296,TRUE,TRUE
participant_0468,All-stimuli,73,83.56164383561644,61,2.5267983606557376,80,85,68,2.4811279411764704,TRUE,TRUE
participant_0469,All-stimuli,76,81.57894736842105,61,2.517490163934426,80,82.5,65,2.5318276923076923,TRUE,TRUE
participant_0470,All-stimuli,72,86.11111111111111,62,3.3479016129032257,80,87.5,70,3.2261885714285716,TRUE,TRUE
participant_0471,All-stimuli,75,78.66666666666666,59,2.421093220338983,80,80,64,2.3701203125,TRUE,TRUE
participant_0472,All-stimuli,76,73.68421052631578,56,3.2695625,80,75,60,3.3231783333333333,TRUE,TRUE
participant_0473,All-stimuli,74,86.48648648648648,64,1.8803578125,80,87.5,70,1.8499942857142857,TRUE,TRUE
participant_0474,All-stimuli,68,88.23529411764706,60,2.7688166666666665,80,90,72,2.6289861111111112,TRUE,TRUE
participant_0475,All-stimuli,69,68.11594202898551,47,2.752459574468085,80,72.5,58,2.656989655172414,TRUE,TRUE
participant_0476,All-stimuli,76,67.10526315789474,51,4.146103921568628,80,68.75,55,4.4593763636363635,TRUE,TRUE
participant_0477,All-stimuli,74,82.43243243243244,61,2.0103967213114755,80,83.75,67,2.060010447761194,TRUE,TRUE
participant_0478,All-stimuli,70,81.42857142857143,57,3.4651684210526317,80,77.5,62,3.391590322580645,TRUE,TRUE
participant_0479,All-stimuli,70,68.57142857142857,48,2.8781,80,72.5,58,2.7749827586206894,TRUE,TRUE
participant_0480,All-stimuli,75,81.33333333333333,61,2.6125163934426228,80,82.5,66,2.5592318181818183,TRUE,TRUE
participant_0481,All-stimuli,76,78.94736842105263,60,2.4685066666666664,80,80,64,2.39848125,TRUE,TRUE
participant_0482,All-stimuli,78,75.64102564102564,58,2.3797844827586205,80,75,59,2.398905084745763,TRUE,TRUE
participant_0483,All-stimuli,75,62.66666666666667,47,2.180191489361702,80,65,52,2.1618076923076925,TRUE,TRUE
participant_0484,All-stimuli,75,89.33333333333333,65,2.799523076923077,80,90,70,2.7963857142857145,TRUE,TRUE
participant_0485,All-stimuli,77,80.51948051948052,62,1.6540322580645161,80,81.25,65,1.6776338461538463,TRUE,TRUE
participant_0486,All-stimuli,75,88,66,2.6349515151515153,80,88.75,71,2.576387323943662,TRUE,TRUE
participant_0487,All-stimuli,73,79.45205479452055,58,1.9348603448275863,80,81.25,65,1.880596923076923,TRUE,TRUE
participant_0488,All-stimuli,75,80,57,3.086864912280702,80,81.25,62,3.0079290322580645,TRUE,TRUE
participant_0489,All-stimuli,76,88.1578947368421,67,2.3665805970149254,80,88.75,71,2.38426338028169,TRUE,TRUE
participant_0490,All-stimuli,70,87.14285714285714,61,2.1821524590163937,80,87.5,70,2.1381914285714285,TRUE,TRUE
participant_0491,All-stimuli,76,81.57894736842105,62,2.439616129032258,80,82.5,66,2.3866727272727273,TRUE,TRUE
participant_0492,All-stimuli,75,76,57,2.1702280701754386,80,77.5,62,2.1239677419354837,TRUE,TRUE
participant_0493,All-stimuli,74,86.48648648648648,63,3.244120634920635,80,87.5,69,3.1449420289855072,TRUE,TRUE
participant_0494,All-stimuli,78,97.43589743589743,76,2.7703355263157894,80,97.5,78,2.7782615384615386,TRUE,TRUE
participant_0495,All-stimuli,75,72,54,2.342722222222222,80,72.5,58,2.337862068965517,TRUE,TRUE
participant_0496,All-stimuli,73,84.93150684931507,62,2.015108064516129,80,86.25,69,1.9749492753623188,TRUE,TRUE
participant_0497,All-stimuli,78,84.61538461538461,66,2.4277530303030304,80,85,68,2.4001367647058824,TRUE,TRUE
participant_0498,All-stimuli,73,76.71232876712328,55,4.759232727272727,80,78.75,62,4.861648387096774,TRUE,TRUE
participant_0500,All-stimuli,74,85.13513513513513,63,2.274509523809524,80,86.25,69,2.3007,TRUE,TRUE
participant_0501,All-stimuli,75,85.33333333333334,64,2.7529265625,80,86.25,69,2.7941826086956523,TRUE,TRUE
participant_0502,All-stimuli,74,86.48648648648648,64,2.3396765625,80,87.5,70,2.3044242857142856,TRUE,TRUE
participant_0503,All-stimuli,74,70.27027027027027,52,2.6402173076923074,80,72.5,58,2.555091379310345,TRUE,TRUE
participant_0504,All-stimuli,77,80.51948051948052,61,3.633137704918033,80,81.25,64,3.5599265625,TRUE,TRUE
participant_0505,All-stimuli,80,91.25,73,2.8677671232876714,80,91.25,73,2.8677671232876714,TRUE,TRUE
participant_0507,All-stimuli,77,92.20779220779221,71,2.1717169014084505,80,92.5,74,2.1510702702702704,TRUE,TRUE
participant_0508,All-stimuli,75,82.66666666666667,62,2.3607806451612903,80,83.75,67,2.3418731343283583,TRUE,TRUE
participant_0509,All-stimuli,75,74.66666666666667,55,3.3694436363636364,80,76.25,60,3.36274,TRUE,TRUE
participant_0510,All-stimuli,68,86.76470588235294,59,2.9593440677966103,80,88.75,71,2.68906338028169,TRUE,TRUE
participant_0511,All-stimuli,74,79.72972972972973,59,3.9362745762711864,80,81.25,65,3.858466153846154,TRUE,TRUE
participant_0512,All-stimuli,73,83.56164383561644,61,3.116077049180328,80,85,68,3.0561544117647057,TRUE,TRUE
participant_0513,All-stimuli,74,82.43243243243244,61,2.9752262295081966,80,83.75,67,2.95094776119403,TRUE,TRUE
participant_0514,All-stimuli,75,88,66,2.7408166666666665,80,88.75,71,2.786407042253521,TRUE,TRUE
participant_0515,All-stimuli,76,68.42105263157895,52,2.7121884615384615,80,70,56,2.6429553571428572,TRUE,TRUE
participant_0516,All-stimuli,71,77.46478873239437,55,2.83044,80,80,64,2.76621875,TRUE,TRUE
participant_0517,All-stimuli,74,79.72972972972973,59,1.702891525423729,80,80,64,1.7649140625,TRUE,TRUE
participant_0518,All-stimuli,76,76.31578947368422,58,2.233365517241379,80,77.5,62,2.2132870967741933,TRUE,TRUE
participant_0519,All-stimuli,73,73.97260273972603,54,2.2966574074074075,80,76.25,61,2.2025885245901637,TRUE,TRUE
participant_0520,All-stimuli,69,84.05797101449275,58,1.7334603448275863,80,86.25,69,1.6444434782608697,TRUE,TRUE
participant_0522,All-stimuli,77,79.22077922077922,61,1.5419967213114754,80,80,64,1.537890625,TRUE,TRUE
participant_0523,All-stimuli,72,70.83333333333334,51,1.8844705882352941,80,72.5,58,1.8751551724137931,TRUE,TRUE
participant_0524,All-stimuli,77,79.22077922077922,61,2.136967213114754,80,80,64,2.219375,TRUE,TRUE
participant_0525,All-stimuli,74,78.37837837837837,58,3.0696206896551725,80,80,64,2.979546875,TRUE,TRUE
participant_0526,All-stimuli,71,74.64788732394366,53,2.6049226415094338,80,77.5,62,2.5226806451612904,TRUE,TRUE
participant_0527,All-stimuli,74,85.13513513513513,63,2.1062904761904764,80,86.25,69,2.0925,TRUE,TRUE
participant_0528,All-stimuli,76,81.57894736842105,57,4.385136842105263,80,82.5,60,4.268716666666666,TRUE,TRUE
participant_0529,All-stimuli,73,91.78082191780823,67,1.9035761194029852,80,92.5,74,1.8586067567567568,TRUE,TRUE
participant_0530,All-stimuli,76,75,57,2.4160614035087717,80,76.25,61,2.431967213114754,TRUE,TRUE
participant_0531,All-stimuli,73,68.4931506849315,50,2.55553,80,71.25,57,2.430675438596491,TRUE,TRUE
participant_0532,All-stimuli,73,82.1917808219178,60,1.7958533333333333,80,82.5,66,1.8198560606060605,TRUE,TRUE
participant_0533,All-stimuli,78,84.61538461538461,65,2.450246153846154,80,85,67,2.4121835820895523,TRUE,TRUE
participant_0534,All-stimuli,73,90.41095890410958,66,2.3558424242424243,80,90,72,2.4323847222222224,TRUE,TRUE
participant_0535,All-stimuli,73,84.93150684931507,62,3.4985612903225807,80,86.25,69,3.348240579710145,TRUE,TRUE
participant_0536,All-stimuli,75,78.66666666666666,59,2.1016389830508473,80,78.75,63,2.091788888888889,TRUE,TRUE
participant_0537,All-stimuli,70,92.85714285714286,65,2.798923076923077,80,93.75,75,2.6808533333333333,TRUE,TRUE
participant_0538,All-stimuli,76,90.78947368421053,69,3.6518014492753625,80,91.25,73,3.5640232876712328,TRUE,TRUE
participant_0539,All-stimuli,72,77.77777777777779,56,2.7676964285714285,80,80,64,2.7183625,TRUE,TRUE
participant_0540,All-stimuli,74,70.27027027027027,52,2.630023076923077,80,72.5,58,2.533837931034483,TRUE,TRUE
participant_0541,All-stimuli,76,88.1578947368421,67,2.2747820895522386,80,88.75,71,2.288667605633803,TRUE,TRUE
participant_0542,All-stimuli,74,93.24324324324324,69,2.6134985507246378,80,93.75,75,2.5623666666666667,TRUE,TRUE
participant_0543,All-stimuli,75,86.66666666666667,65,2.3263953846153846,80,87.5,70,2.3347942857142856,TRUE,TRUE
participant_0544,All-stimuli,77,83.11688311688312,64,2.583634375,80,83.75,67,2.651323880597015,TRUE,TRUE
participant_0545,All-stimuli,74,75.67567567567568,56,2.4791214285714287,80,77.5,62,2.426577419354839,TRUE,TRUE
participant_0546,All-stimuli,74,90.54054054054053,67,2.4145358208955225,80,91.25,73,2.3608890410958905,TRUE,TRUE
participant_0547,All-stimuli,77,80.51948051948052,62,3.440775806451613,80,81.25,65,3.3679215384615384,TRUE,TRUE
participant_0548,All-stimuli,77,87.01298701298701,67,2.8582059701492537,80,86.25,69,2.8811565217391304,TRUE,TRUE
participant_0549,All-stimuli,77,97.40259740259741,75,2.6506613333333333,80,97.5,78,2.621169230769231,TRUE,TRUE
participant_0550,All-stimuli,78,70.51282051282051,55,2.0738236363636364,80,71.25,57,2.047782456140351,TRUE,TRUE
participant_0552,All-stimuli,70,85.71428571428571,60,2.81601,80,87.5,70,2.6624014285714286,TRUE,TRUE
participant_0553,All-stimuli,78,71.7948717948718,56,3.5991964285714286,80,72.5,58,3.559,TRUE,TRUE
participant_0554,All-stimuli,69,89.85507246376811,62,2.095375806451613,80,91.25,73,2.068104109589041,TRUE,TRUE
participant_0555,All-stimuli,71,81.69014084507043,58,3.0496379310344826,80,83.75,67,2.8881194029850747,TRUE,TRUE
participant_0556,All-stimuli,72,69.44444444444444,50,1.87429,80,71.25,57,1.8859,TRUE,TRUE
participant_0557,All-stimuli,78,84.61538461538461,66,1.9538727272727272,80,85,68,1.9196617647058825,TRUE,TRUE
participant_0558,All-stimuli,73,87.67123287671232,64,2.464834375,80,88.75,71,2.5593408450704227,TRUE,TRUE
participant_0559,All-stimuli,72,83.33333333333334,58,3.0532758620689657,80,83.75,65,3.0379384615384617,TRUE,TRUE
participant_0560,All-stimuli,76,71.05263157894737,54,1.7086611111111112,80,72.5,58,1.749593103448276,TRUE,TRUE
participant_0561,All-stimuli,70,90,63,2.138880952380952,80,91.25,73,2.0465698630136986,TRUE,TRUE
participant_0563,All-stimuli,76,90.78947368421053,69,3.026240579710145,80,91.25,73,3.1001904109589042,TRUE,TRUE
participant_0564,All-stimuli,72,91.66666666666666,66,2.1001772727272727,80,91.25,73,2.0400698630136986,TRUE,TRUE
participant_0565,All-stimuli,74,86.48648648648648,64,4.3198171875,80,87.5,70,4.146427142857143,TRUE,TRUE
participant_0566,All-stimuli,75,69.33333333333334,52,2.0518884615384616,80,71.25,57,1.9770140350877192,TRUE,TRUE
participant_0567,All-stimuli,73,87.67123287671232,64,1.975775,80,88.75,71,1.9636450704225352,TRUE,TRUE
participant_0568,All-stimuli,76,65.78947368421053,50,1.49269,80,67.5,54,1.5126,TRUE,TRUE
participant_0569,All-stimuli,77,72.72727272727273,56,2.1450089285714284,80,73.75,59,2.1592661016949153,TRUE,TRUE
participant_0570,All-stimuli,73,82.1917808219178,60,2.405415,80,83.75,67,2.3820268656716417,TRUE,TRUE
participant_0571,All-stimuli,80,82.5,66,3.6651348484848483,80,82.5,66,3.6651348484848483,TRUE,TRUE
participant_0572,All-stimuli,72,80.55555555555556,58,2.1370362068965516,80,82.5,66,2.2317181818181817,TRUE,TRUE
participant_0573,All-stimuli,72,79.16666666666666,57,2.0502456140350875,80,81.25,65,2.0780615384615384,TRUE,TRUE
participant_0574,All-stimuli,69,85.5072463768116,59,1.7668305084745763,80,87.5,70,1.7457285714285715,TRUE,TRUE
participant_0575,All-stimuli,73,80.82191780821918,59,2.0400271186440677,80,82.5,66,1.9513984848484849,TRUE,TRUE
participant_0576,All-stimuli,77,79.22077922077922,61,2.3365081967213115,80,80,64,2.30549375,TRUE,TRUE
participant_0577,All-stimuli,75,85.33333333333334,64,2.17373125,80,86.25,69,2.1120971014492755,TRUE,TRUE
participant_0578,All-stimuli,74,90.54054054054053,67,2.231225373134328,80,91.25,73,2.26073698630137,TRUE,TRUE
participant_0580,All-stimuli,76,90.78947368421053,69,3.6455115942028984,80,91.25,73,3.655405479452055,TRUE,TRUE
participant_0581,All-stimuli,75,80,60,3.2468783333333335,80,81.25,65,3.2888523076923075,TRUE,TRUE
participant_0582,All-stimuli,77,88.31168831168831,68,2.4128794117647057,80,88.75,71,2.457745070422535,TRUE,TRUE
participant_0583,All-stimuli,76,84.21052631578947,64,3.31356875,80,85,68,3.2334485294117647,TRUE,TRUE
participant_0584,All-stimuli,71,81.69014084507043,56,9.245607142857143,80,83.75,65,8.8371,TRUE,TRUE
participant_0585,All-stimuli,76,82.89473684210526,63,3.0205238095238096,80,83.75,67,2.9797432835820894,TRUE,TRUE
participant_0586,All-stimuli,74,89.1891891891892,66,2.378772727272727,80,90,72,2.3641527777777775,TRUE,TRUE
participant_0587,All-stimuli,75,81.33333333333333,61,2.803901639344262,80,82.5,66,2.833312121212121,TRUE,TRUE
participant_0588,All-stimuli,74,86.48648648648648,64,2.726159375,80,86.25,69,2.6639159420289857,TRUE,TRUE
participant_0589,All-stimuli,75,84,63,2.0795,80,85,68,2.0580764705882353,TRUE,TRUE
participant_0590,All-stimuli,76,76.31578947368422,57,2.9981263157894738,80,77.5,61,2.9279295081967214,TRUE,TRUE
participant_0591,All-stimuli,75,96,72,3.7892361111111112,80,96.25,77,3.722687012987013,TRUE,TRUE
participant_0592,All-stimuli,73,87.67123287671232,64,3.03735625,80,88.75,71,3.0878478873239437,TRUE,TRUE
participant_0593,All-stimuli,75,86.66666666666667,65,2.926083076923077,80,87.5,70,2.8602757142857143,TRUE,TRUE
participant_0594,All-stimuli,76,78.94736842105263,60,1.8923833333333333,80,80,64,1.85838125,TRUE,TRUE
participant_0595,All-stimuli,76,84.21052631578947,64,2.0456875,80,85,68,2.0228088235294117,TRUE,TRUE
participant_0596,All-stimuli,73,90.41095890410958,66,2.2383636363636366,80,91.25,73,2.1845479452054795,TRUE,TRUE
participant_0597,All-stimuli,71,77.46478873239437,55,2.5737763636363638,80,80,64,2.5270703125000002,TRUE,TRUE
participant_0598,All-stimuli,75,80,60,2.1427466666666666,80,81.25,65,2.1178015384615385,TRUE,TRUE
participant_0599,All-stimuli,73,89.04109589041096,65,3.1240784615384616,80,90,72,3.047911111111111,TRUE,TRUE
participant_0601,All-stimuli,70,92.85714285714286,65,2.20012,80,92.5,74,2.1811445945945946,TRUE,TRUE
participant_0602,All-stimuli,77,71.42857142857143,55,3.570290909090909,80,72.5,58,3.5906810344827584,TRUE,TRUE
participant_0603,All-stimuli,77,80.51948051948052,62,2.00185,80,81.25,65,1.9969415384615385,TRUE,TRUE
participant_0604,All-stimuli,69,81.15942028985508,52,4.9933538461538465,80,83.75,63,4.928141269841269,TRUE,TRUE
participant_0605,All-stimuli,75,77.33333333333333,58,2.2626672413793103,80,78.75,63,2.2428666666666666,TRUE,TRUE
participant_0606,All-stimuli,74,87.83783783783784,63,3.4515873015873018,80,88.75,69,3.344376811594203,TRUE,TRUE
participant_0607,All-stimuli,70,72.85714285714285,50,2.765572,80,76.25,60,2.680388333333333,TRUE,TRUE
participant_0608,All-stimuli,75,89.33333333333333,67,2.925179104477612,80,90,72,2.9885555555555556,TRUE,TRUE
participant_0609,All-stimuli,76,75,55,1.8477854545454546,80,76.25,58,1.821803448275862,TRUE,TRUE
participant_0610,All-stimuli,74,74.32432432432432,55,2.2385272727272727,80,75,60,2.3070766666666667,TRUE,TRUE
participant_0611,All-stimuli,75,74.66666666666667,56,3.5953892857142855,80,76.25,61,3.5994262295081967,TRUE,TRUE
participant_0612,All-stimuli,76,90.78947368421053,69,2.817717391304348,80,91.25,73,2.761191780821918,TRUE,TRUE
participant_0613,All-stimuli,72,80.55555555555556,58,1.971848275862069,80,82.5,66,1.9918318181818182,TRUE,TRUE
participant_0614,All-stimuli,74,86.48648648648648,64,3.2468140625,80,87.5,70,3.3579971428571427,TRUE,TRUE
participant_0615,All-stimuli,74,93.24324324324324,69,2.3524492753623187,80,93.75,75,2.3387333333333333,TRUE,TRUE
participant_0616,All-stimuli,73,84.93150684931507,62,2.0809435483870966,80,86.25,69,2.1158536231884058,TRUE,TRUE
participant_0617,All-stimuli,78,79.48717948717949,62,2.7412854838709677,80,80,64,2.7058062499999997,TRUE,TRUE
participant_0618,All-stimuli,73,86.3013698630137,63,2.1346587301587303,80,87.5,70,2.0801128571428573,TRUE,TRUE
participant_0619,All-stimuli,75,82.66666666666667,59,2.156494915254237,80,83.75,64,2.1167015625,TRUE,TRUE
participant_0620,All-stimuli,78,79.48717948717949,60,3.7283166666666667,80,80,62,3.814458064516129,TRUE,TRUE
participant_0621,All-stimuli,76,86.8421052631579,66,2.5052530303030305,80,87.5,70,2.47042,TRUE,TRUE
participant_0622,All-stimuli,69,85.5072463768116,59,2.6896169491525423,80,87.5,70,2.5455885714285715,TRUE,TRUE
participant_0623,All-stimuli,77,85.71428571428571,66,3.6523848484848487,80,86.25,69,3.592482608695652,TRUE,TRUE
participant_0624,All-stimuli,74,87.83783783783784,65,2.194563076923077,80,87.5,70,2.17603,TRUE,TRUE
participant_0625,All-stimuli,77,88.31168831168831,68,2.9703676470588234,80,88.75,71,2.922014084507042,TRUE,TRUE
participant_0626,All-stimuli,67,85.07462686567165,57,4.439429824561404,80,87.5,70,4.35799,TRUE,TRUE
participant_0627,All-stimuli,76,73.68421052631578,56,2.3484160714285713,80,75,60,2.3351583333333332,TRUE,TRUE
participant_0629,All-stimuli,70,87.14285714285714,61,3.1040131147540984,80,88.75,71,2.985554929577465,TRUE,TRUE
participant_0631,All-stimuli,75,89.33333333333333,67,1.9321850746268656,80,90,72,1.914975,TRUE,TRUE
participant_0632,All-stimuli,75,85.33333333333334,64,2.829828125,80,86.25,69,2.7303623188405797,TRUE,TRUE
participant_0633,All-stimuli,73,86.3013698630137,63,3.235084126984127,80,87.5,70,3.1145,TRUE,TRUE
participant_0634,All-stimuli,71,87.32394366197182,62,2.579974193548387,80,87.5,70,2.569527142857143,TRUE,TRUE
participant_0635,All-stimuli,75,89.33333333333333,65,2.946209230769231,80,90,70,2.9027514285714284,TRUE,TRUE
participant_0636,All-stimuli,77,80.51948051948052,61,3.1819590163934426,80,81.25,64,3.118753125,TRUE,TRUE
participant_0638,All-stimuli,75,68,51,3.1441098039215687,80,70,56,3.070501785714286,TRUE,TRUE
participant_0639,All-stimuli,78,71.7948717948718,56,3.1124214285714285,80,72.5,58,3.1099741379310344,TRUE,TRUE
participant_0640,All-stimuli,75,86.66666666666667,65,3.357103076923077,80,87.5,70,3.325957142857143,TRUE,TRUE
participant_0641,All-stimuli,78,91.02564102564102,71,2.992985915492958,80,91.25,73,2.9531876712328766,TRUE,TRUE
participant_0642,All-stimuli,73,91.78082191780823,67,3.5257985074626865,80,92.5,74,3.419706756756757,TRUE,TRUE
participant_0643,All-stimuli,73,84.93150684931507,62,3.1999725806451615,80,86.25,69,3.144031884057971,TRUE,TRUE
participant_0644,All-stimuli,74,75.67567567567568,56,2.4065142857142856,80,77.5,62,2.353074193548387,TRUE,TRUE
participant_0645,All-stimuli,73,78.08219178082192,57,3.3412140350877193,80,80,64,3.2101265625,TRUE,TRUE
participant_0646,All-stimuli,69,95.65217391304348,66,2.9250954545454544,80,96.25,77,2.8328051948051947,TRUE,TRUE
participant_0647,All-stimuli,76,82.89473684210526,63,2.991490476190476,80,83.75,67,2.952576119402985,TRUE,TRUE
participant_0648,All-stimuli,75,78.66666666666666,56,4.951496428571429,80,80,61,4.84707868852459,TRUE,TRUE
participant_0649,All-stimuli,74,82.43243243243244,61,1.9707098360655737,80,83.75,67,1.916165671641791,TRUE,TRUE
participant_0651,All-stimuli,75,68,51,1.8121627450980393,80,68.75,55,1.8417563636363636,TRUE,TRUE
participant_0652,All-stimuli,73,61.64383561643836,45,2.12578,80,62.5,50,2.055212,TRUE,TRUE
participant_0653,All-stimuli,73,90.41095890410958,66,2.5488909090909093,80,91.25,73,2.5152205479452054,TRUE,TRUE
participant_0654,All-stimuli,72,88.88888888888889,58,4.286512068965517,80,90,66,4.095204545454545,TRUE,TRUE
participant_0655,All-stimuli,74,72.97297297297297,44,3.2786386363636364,80,75,50,3.200842,TRUE,TRUE
participant_0656,All-stimuli,72,86.11111111111111,60,4.095033333333333,80,85,66,4.0729848484848485,TRUE,TRUE
participant_0657,All-stimuli,74,78.37837837837837,55,3.7573236363636364,80,76.25,58,3.8638206896551726,TRUE,TRUE
participant_0658,All-stimuli,75,81.33333333333333,61,2.8089344262295084,80,82.5,66,2.7696530303030302,TRUE,TRUE
participant_0659,All-stimuli,77,87.01298701298701,67,1.7486328358208956,80,87.5,70,1.7478414285714285,TRUE,TRUE
participant_0660,All-stimuli,75,21.333333333333336,8,0.48796249999999997,80,20,8,0.48796249999999997,TRUE,FALSE
participant_0661,All-stimuli,79,86.07594936708861,68,4.573526470588235,80,86.25,69,4.551001449275362,TRUE,TRUE
participant_0662,All-stimuli,75,80,60,2.68378,80,81.25,65,2.837983076923077,TRUE,TRUE
participant_0663,All-stimuli,74,87.83783783783784,65,2.9129846153846155,80,88.75,71,2.827198591549296,TRUE,TRUE
participant_0664,All-stimuli,71,76.05633802816901,53,4.5091283018867925,80,78.75,62,4.371445161290323,TRUE,TRUE
participant_0665,All-stimuli,74,55.4054054054054,41,3.159541463414634,80,58.75,47,2.9855702127659574,TRUE,TRUE
participant_0667,All-stimuli,74,90.54054054054053,67,5.398802985074627,80,90,72,5.321965277777778,TRUE,TRUE
participant_0668,All-stimuli,74,90.54054054054053,67,3.5558059701492537,80,91.25,73,3.735904109589041,TRUE,TRUE
participant_0669,All-stimuli,74,93.24324324324324,69,2.9399710144927536,80,93.75,75,2.86036,TRUE,TRUE
participant_0670,All-stimuli,75,90.66666666666666,68,5.480879411764706,80,91.25,73,5.470871232876712,TRUE,TRUE
participant_0673,All-stimuli,74,78.37837837837837,58,2.716,80,80,63,2.69558253968254,TRUE,TRUE
participant_0674,All-stimuli,76,72.36842105263158,54,4.165651851851852,80,73.75,58,4.143612068965517,TRUE,TRUE
participant_0675,All-stimuli,76,73.68421052631578,56,2.7520125,80,75,60,2.70971,TRUE,TRUE
participant_0676,All-stimuli,75,77.33333333333333,58,3.858262068965517,80,78.75,63,4.17323492063492,TRUE,TRUE
participant_0677,All-stimuli,74,95.94594594594594,71,3.099149295774648,80,96.25,77,2.990998701298701,TRUE,TRUE
participant_0678,All-stimuli,78,92.3076923076923,72,2.5842972222222222,80,92.5,74,2.5676324324324322,TRUE,TRUE
participant_0679,All-stimuli,75,82.66666666666667,62,3.281717741935484,80,83.75,67,3.1954253731343285,TRUE,TRUE
participant_0680,All-stimuli,75,65.33333333333333,47,4.6310659574468085,80,66.25,51,4.52638431372549,TRUE,TRUE
participant_0681,All-stimuli,76,84.21052631578947,64,3.5339546875,80,85,68,3.491370588235294,TRUE,TRUE
participant_0682,All-stimuli,70,87.14285714285714,61,4.342118032786885,80,88.75,71,4.1409056338028165,TRUE,TRUE
participant_0683,All-stimuli,75,80,60,2.0183733333333334,80,81.25,65,1.9947784615384616,TRUE,TRUE
participant_0684,All-stimuli,76,77.63157894736842,59,4.586403389830508,80,77.5,62,4.507495161290323,TRUE,TRUE
participant_0686,All-stimuli,79,93.67088607594937,73,3.9734986301369863,80,93.75,74,3.9668013513513514,TRUE,TRUE
participant_0687,All-stimuli,73,76.71232876712328,56,2.6841875,80,78.75,63,2.6417650793650793,TRUE,TRUE
participant_0688,All-stimuli,73,87.67123287671232,64,2.5899453125,80,88.75,71,2.5463338028169016,TRUE,TRUE
participant_0689,All-stimuli,77,96.1038961038961,74,3.2856810810810813,80,96.25,77,3.305016883116883,TRUE,TRUE
participant_0690,All-stimuli,69,76.81159420289855,53,2.5918981132075474,80,77.5,62,2.566525806451613,TRUE,TRUE
participant_0691,All-stimuli,77,87.01298701298701,67,3.7327179104477612,80,87.5,70,3.6987814285714284,TRUE,TRUE
participant_0692,All-stimuli,76,77.63157894736842,59,1.8027406779661017,80,78.75,63,1.8094142857142856,TRUE,TRUE
participant_0693,All-stimuli,75,93.33333333333333,70,3.2929985714285714,80,93.75,75,3.513396,TRUE,TRUE
participant_0694,All-stimuli,75,85.33333333333334,64,2.541003125,80,86.25,69,2.4798797101449277,TRUE,TRUE
participant_0695,All-stimuli,75,78.66666666666666,58,6.709105172413793,80,78.75,62,6.657022580645161,TRUE,TRUE
participant_0696,All-stimuli,72,84.72222222222221,61,2.139081967213115,80,86.25,69,2.100550724637681,TRUE,TRUE
participant_0697,All-stimuli,70,78.57142857142857,55,2.51704,80,80,64,2.472575,TRUE,TRUE
participant_0699,All-stimuli,72,87.5,63,2.3491,80,88.75,71,2.326987323943662,TRUE,TRUE
participant_0702,All-stimuli,3,100,3,3.425933333333333,4,100,4,3.013775,FALSE,FALSE
participant_0703,All-stimuli,25,64,15,5.063153333333333,27,66.66666666666666,17,4.910123529411765,FALSE,FALSE
participant_0704,All-stimuli,77,89.6103896103896,69,1.963749275362319,80,90,72,1.9440152777777777,TRUE,TRUE
participant_0705,All-stimuli,75,82.66666666666667,62,2.1443887096774192,80,81.25,65,2.1334307692307695,TRUE,TRUE
participant_0706,All-stimuli,76,68.42105263157895,52,3.1205096153846155,80,70,56,3.0948017857142855,TRUE,TRUE
participant_0708,All-stimuli,68,92.64705882352942,63,2.1610095238095237,80,92.5,74,2.1101972972972973,TRUE,TRUE
participant_0709,All-stimuli,77,80.51948051948052,62,2.133758064516129,80,81.25,65,2.1015076923076923,TRUE,TRUE
participant_0710,All-stimuli,73,82.1917808219178,60,4.804801666666667,80,83.75,67,4.677823880597015,TRUE,TRUE
participant_0711,All-stimuli,73,84.93150684931507,61,2.7845065573770493,80,86.25,68,2.855663235294118,TRUE,TRUE
participant_0712,All-stimuli,76,88.1578947368421,67,2.5024328358208954,80,88.75,71,2.5065591549295774,TRUE,TRUE
participant_0713,All-stimuli,77,70.12987012987013,54,3.048325925925926,80,71.25,57,3.0157298245614035,TRUE,TRUE
participant_0714,All-stimuli,74,82.43243243243244,60,2.848176666666667,77,83.11688311688312,63,2.8463460317460316,TRUE,TRUE
participant_0715,All-stimuli,73,83.56164383561644,61,2.26834262295082,77,84.4155844155844,65,2.3203553846153846,TRUE,TRUE
participant_0716,All-stimuli,74,94.5945945945946,70,4.625621428571429,80,95,76,4.553578947368421,TRUE,TRUE
participant_0718,All-stimuli,74,82.43243243243244,61,3.008104918032787,80,83.75,67,2.9143925373134327,TRUE,TRUE
participant_0719,All-stimuli,73,78.08219178082192,56,3.1635785714285714,80,80,62,3.068174193548387,TRUE,TRUE
participant_0722,All-stimuli,76,78.94736842105263,60,1.9730666666666667,80,80,64,1.95109375,TRUE,TRUE
participant_0723,All-stimuli,71,73.23943661971832,52,1.990178846153846,80,76.25,61,1.9338901639344261,TRUE,TRUE
participant_0725,All-stimuli,71,78.87323943661971,56,3.130369642857143,80,81.25,65,2.9030215384615383,TRUE,TRUE
participant_0726,All-stimuli,75,84,63,2.653774603174603,80,85,68,2.6135,TRUE,TRUE
participant_0727,All-stimuli,75,80,60,5.148746666666667,80,81.25,65,5.030316923076923,TRUE,TRUE
participant_0728,All-stimuli,76,82.89473684210526,63,4.207366666666666,80,83.75,67,4.183741791044776,TRUE,TRUE
participant_0730,All-stimuli,74,83.78378378378379,62,1.9863,80,85,68,1.9906544117647058,TRUE,TRUE
participant_0732,All-stimuli,73,78.08219178082192,57,2.583240350877193,80,80,64,2.6202234375,TRUE,TRUE
participant_0733,All-stimuli,75,90.66666666666666,68,2.7904,80,91.25,73,2.8420287671232876,TRUE,TRUE
participant_0734,All-stimuli,73,84.93150684931507,56,4.244966071428571,80,86.25,62,4.035787096774194,TRUE,TRUE
participant_0735,All-stimuli,73,91.78082191780823,66,2.121109090909091,80,92.5,73,2.2204205479452055,TRUE,TRUE
participant_0736,All-stimuli,76,68.42105263157895,48,2.7506416666666667,80,70,52,2.64435,TRUE,TRUE
participant_0740,All-stimuli,74,89.1891891891892,66,2.1272939393939394,80,90,72,2.078048611111111,TRUE,TRUE
participant_0741,All-stimuli,77,89.6103896103896,69,2.0115028985507246,80,90,72,2.026873611111111,TRUE,TRUE
participant_0742,All-stimuli,74,78.37837837837837,58,3.3708258620689655,80,80,64,3.321384375,TRUE,TRUE
participant_0743,All-stimuli,72,69.44444444444444,50,2.553356,80,71.25,57,2.4944894736842107,TRUE,TRUE
participant_0744,All-stimuli,74,82.43243243243244,61,1.768660655737705,80,82.5,66,1.7438272727272728,TRUE,TRUE
participant_0745,All-stimuli,74,87.83783783783784,65,3.092423076923077,80,88.75,71,3.0674028169014083,TRUE,TRUE
participant_0747,All-stimuli,73,87.67123287671232,61,1.931560655737705,80,88.75,68,1.9344705882352942,TRUE,TRUE
participant_0752,All-stimuli,78,79.48717948717949,62,2.5643322580645163,80,80,64,2.5332500000000002,TRUE,TRUE
participant_0753,All-stimuli,72,86.11111111111111,62,3.7736370967741935,80,87.5,70,3.5831185714285714,TRUE,TRUE
participant_0761,All-stimuli,75,80,60,3.7197833333333334,80,80,64,3.669015625,TRUE,TRUE
participant_0763,All-stimuli,74,77.02702702702703,57,2.1964877192982457,80,78.75,63,2.228711111111111,TRUE,TRUE
participant_0764,All-stimuli,76,90.78947368421053,68,3.5433132352941175,80,91.25,72,3.436738888888889,TRUE,TRUE
participant_0765,All-stimuli,73,82.1917808219178,60,3.550631666666667,80,83.75,67,3.4635716417910447,TRUE,TRUE
participant_0766,All-stimuli,5,80,4,7.50835,5,80,4,7.50835,FALSE,FALSE
participant_0768,All-stimuli,71,90.14084507042254,64,3.0698984375,80,91.25,73,2.9942,TRUE,TRUE
participant_0770,All-stimuli,70,68.57142857142857,48,2.483902083333333,80,72.5,58,2.519684482758621,TRUE,TRUE
participant_0771,All-stimuli,72,90.27777777777779,65,2.3134153846153844,80,91.25,73,2.2751150684931507,TRUE,TRUE
participant_0772,All-stimuli,75,88,66,3.3038045454545455,80,88.75,71,3.2206408450704225,TRUE,TRUE
participant_0773,All-stimuli,1,0,0,,1,0,0,,FALSE,FALSE
participant_0775,All-stimuli,75,85.33333333333334,64,3.4408609375,80,86.25,69,3.7221057971014493,TRUE,TRUE
participant_0776,All-stimuli,73,86.3013698630137,63,1.889768253968254,80,87.5,70,1.8330157142857144,TRUE,TRUE
participant_0777,All-stimuli,70,77.14285714285715,54,2.2662962962962965,80,80,64,2.22915,TRUE,TRUE
participant_0778,All-stimuli,71,61.97183098591549,39,3.0789128205128207,80,65,46,2.8399239130434784,TRUE,TRUE
participant_0779,All-stimuli,72,80.55555555555556,58,2.0286051724137932,80,81.25,65,1.9966015384615385,TRUE,TRUE
participant_0780,All-stimuli,78,78.2051282051282,59,5.215077966101695,80,78.75,61,5.15136393442623,TRUE,TRUE
participant_0781,All-stimuli,45,77.77777777777779,20,6.100605,46,78.26086956521739,21,6.296038095238095,TRUE,TRUE
participant_0783,All-stimuli,72,93.05555555555556,67,4.404834328358209,80,93.75,75,4.22348,TRUE,TRUE
participant_0784,All-stimuli,74,82.43243243243244,61,1.9683918032786885,80,82.5,66,1.9618848484848486,TRUE,TRUE
participant_0785,All-stimuli,75,82.66666666666667,62,2.8795467741935483,80,83.75,67,2.8058910447761196,TRUE,TRUE
participant_0787,All-stimuli,74,87.83783783783784,62,6.68011129032258,80,88.75,68,6.409117647058824,TRUE,TRUE
participant_0788,All-stimuli,75,81.33333333333333,61,3.214988524590164,80,82.5,66,3.1679333333333335,TRUE,TRUE
participant_0789,All-stimuli,73,63.013698630136986,46,4.354454347826087,80,65,52,4.2454269230769235,TRUE,TRUE
participant_0790,All-stimuli,74,82.43243243243244,61,2.427304918032787,80,83.75,67,2.4172462686567164,TRUE,TRUE
participant_0792,All-stimuli,60,83.33333333333334,50,2.08698,62,83.87096774193549,52,2.060076923076923,TRUE,TRUE
participant_0793,All-stimuli,70,85.71428571428571,60,3.020495,80,86.25,69,2.896959420289855,TRUE,TRUE
participant_0794,All-stimuli,76,72.36842105263158,54,4.710866666666667,80,73.75,58,4.527884482758621,TRUE,TRUE
participant_0795,All-stimuli,75,92,69,1.3686202898550726,80,92.5,74,1.380289189189189,TRUE,TRUE
participant_0796,All-stimuli,78,84.61538461538461,66,2.1632666666666664,80,85,68,2.1590632352941177,TRUE,TRUE
participant_0797,All-stimuli,67,76.11940298507463,51,2.3350392156862747,80,77.5,62,2.259161290322581,TRUE,TRUE
participant_0798,All-stimuli,72,87.5,63,2.707674603174603,80,87.5,70,2.678337142857143,TRUE,TRUE
participant_0800,All-stimuli,73,84.93150684931507,62,3.7209548387096776,80,86.25,69,3.633755072463768,TRUE,TRUE
participant_0801,All-stimuli,75,86.66666666666667,64,5.31960625,80,87.5,69,5.507802898550724,TRUE,TRUE
participant_0802,All-stimuli,74,55.4054054054054,41,2.787031707317073,80,57.49999999999999,46,2.8969565217391304,TRUE,TRUE
participant_0803,All-stimuli,75,82.66666666666667,62,3.3342564516129034,80,83.75,67,3.347435820895522,TRUE,TRUE
participant_0804,All-stimuli,71,85.91549295774648,61,2.9951688524590163,80,86.25,69,2.907608695652174,TRUE,TRUE
participant_0807,All-stimuli,77,84.4155844155844,65,2.525227692307692,80,85,68,2.4782235294117645,TRUE,TRUE
participant_0808,All-stimuli,73,79.45205479452055,58,2.1483275862068965,80,81.25,65,2.1162,TRUE,TRUE
participant_0809,All-stimuli,74,72.97297297297297,54,3.7283444444444442,80,75,60,3.7532266666666665,TRUE,TRUE
participant_0810,All-stimuli,74,81.08108108108108,60,2.3386,80,82.5,66,2.292181818181818,TRUE,TRUE
participant_0811,All-stimuli,78,78.2051282051282,61,2.7520590163934426,80,78.75,63,2.756557142857143,TRUE,TRUE
participant_0812,All-stimuli,76,78.94736842105263,58,2.7376293103448273,80,77.5,60,2.8010316666666664,TRUE,TRUE
participant_0813,All-stimuli,73,89.04109589041096,65,3.1509861538461537,80,90,72,3.235998611111111,TRUE,TRUE
participant_0814,All-stimuli,75,82.66666666666667,62,2.595425806451613,80,83.75,67,2.572526865671642,TRUE,TRUE
participant_0815,All-stimuli,76,81.57894736842105,62,3.229690322580645,80,82.5,66,3.2126348484848486,TRUE,TRUE
participant_0816,All-stimuli,76,77.63157894736842,59,2.5968237288135594,80,78.75,63,2.6072031746031747,TRUE,TRUE
participant_0817,All-stimuli,77,84.4155844155844,65,2.893463076923077,80,85,68,2.857680882352941,TRUE,TRUE
participant_0818,All-stimuli,74,74.32432432432432,55,3.5606418181818182,80,76.25,61,3.4255245901639344,TRUE,TRUE
participant_0819,All-stimuli,76,77.63157894736842,59,3.136837288135593,80,78.75,63,3.1807015873015874,TRUE,TRUE
participant_0820,All-stimuli,71,74.64788732394366,52,3.9928365384615385,80,73.75,58,3.8321137931034484,TRUE,TRUE
participant_0821,All-stimuli,76,78.94736842105263,60,3.3677216666666667,80,80,64,3.273609375,TRUE,TRUE
participant_0822,All-stimuli,76,72.36842105263158,55,5.345534545454545,80,73.75,59,5.366477966101695,TRUE,TRUE
participant_0823,All-stimuli,72,70.83333333333334,51,2.0284509803921567,80,73.75,59,2.011,TRUE,TRUE
participant_0824,All-stimuli,76,75,57,4.240268421052631,80,76.25,61,4.145780327868852,TRUE,TRUE
participant_0825,All-stimuli,75,85.33333333333334,60,2.92182,80,86.25,65,2.8472169230769233,TRUE,TRUE
participant_0826,All-stimuli,78,44.871794871794876,35,3.1747514285714287,80,43.75,35,3.1747514285714287,TRUE,TRUE
participant_0827,All-stimuli,77,70.12987012987013,52,3.5583865384615385,80,67.5,52,3.5583865384615385,TRUE,TRUE
participant_0828,All-stimuli,74,75.67567567567568,56,1.8794142857142857,80,77.5,62,1.8626032258064515,TRUE,TRUE
participant_0829,All-stimuli,75,92,69,1.4900246376811594,80,92.5,74,1.4683986486486487,TRUE,TRUE
participant_0830,All-stimuli,75,78.66666666666666,59,2.266508474576271,80,80,64,2.208796875,TRUE,TRUE
participant_0831,All-stimuli,77,87.01298701298701,67,1.6482462686567165,80,87.5,70,1.6321714285714286,TRUE,TRUE
participant_0832,All-stimuli,78,84.61538461538461,66,3.456660606060606,80,85,68,3.6692338235294115,TRUE,TRUE
participant_0833,All-stimuli,75,81.33333333333333,61,2.035655737704918,80,81.25,65,2.0231076923076925,TRUE,TRUE
participant_0834,All-stimuli,76,88.1578947368421,67,2.4891671641791047,80,88.75,71,2.5503718309859154,TRUE,TRUE
participant_0835,All-stimuli,71,66.19718309859155,47,2.506787234042553,80,68.75,55,2.394890909090909,TRUE,TRUE
participant_0836,All-stimuli,72,86.11111111111111,62,2.669208064516129,80,87.5,70,2.583404285714286,TRUE,TRUE
participant_0837,All-stimuli,78,83.33333333333334,65,2.2690430769230767,80,83.75,67,2.3014268656716417,TRUE,TRUE
participant_0838,All-stimuli,76,75,57,2.233980701754386,80,76.25,61,2.1692688524590165,TRUE,TRUE
participant_0839,All-stimuli,74,87.83783783783784,65,2.8499076923076925,80,88.75,71,2.7880845070422535,TRUE,TRUE
participant_0840,All-stimuli,77,85.71428571428571,66,3.673048484848485,80,86.25,69,3.6330260869565216,TRUE,TRUE
participant_0841,All-stimuli,75,90.66666666666666,68,2.5526132352941175,80,91.25,73,2.4999205479452056,TRUE,TRUE
participant_0842,All-stimuli,78,92.3076923076923,72,3.0014569444444446,80,92.5,74,2.991651351351351,TRUE,TRUE
participant_0843,All-stimuli,74,72.97297297297297,54,3.1418444444444447,80,75,60,3.051041666666667,TRUE,TRUE
participant_0844,All-stimuli,75,85.33333333333334,64,1.719671875,80,86.25,69,1.7749855072463767,TRUE,TRUE
participant_0845,All-stimuli,76,85.52631578947368,65,1.7855876923076923,80,86.25,69,1.7819173913043478,TRUE,TRUE
participant_0846,All-stimuli,76,84.21052631578947,64,2.3591515625,80,85,68,2.3989338235294118,TRUE,TRUE
participant_0847,All-stimuli,76,51.31578947368421,39,1.4215076923076924,80,50,40,1.4251475,TRUE,TRUE
participant_0848,All-stimuli,74,86.48648648648648,64,2.163703125,80,87.5,70,2.16654,TRUE,TRUE
participant_0849,All-stimuli,75,56.00000000000001,41,2.7345536585365853,80,57.49999999999999,45,2.7098355555555558,TRUE,TRUE
participant_0850,All-stimuli,67,88.05970149253731,59,1.9256949152542373,80,87.5,70,1.901857142857143,TRUE,TRUE
participant_0851,All-stimuli,71,80.28169014084507,57,1.8906035087719297,80,82.5,66,1.8520515151515151,TRUE,TRUE
participant_0852,All-stimuli,73,73.97260273972603,54,3.1918814814814818,80,76.25,61,3.098793442622951,TRUE,TRUE
participant_0853,All-stimuli,78,88.46153846153845,68,2.726904411764706,80,88.75,70,2.698645714285714,TRUE,TRUE
participant_0854,All-stimuli,76,86.8421052631579,66,2.424110606060606,80,87.5,70,2.384492857142857,TRUE,TRUE
participant_0855,All-stimuli,74,83.78378378378379,62,2.479833870967742,80,85,68,2.6689470588235293,TRUE,TRUE
participant_0856,All-stimuli,77,81.81818181818183,63,3.048284126984127,80,82.5,66,3.007030303030303,TRUE,TRUE
participant_0857,All-stimuli,77,70.12987012987013,54,2.39657962962963,80,71.25,57,2.351238596491228,TRUE,TRUE
participant_0858,All-stimuli,79,89.87341772151899,71,2.344950704225352,80,90,72,2.3347361111111113,TRUE,TRUE
participant_0859,All-stimuli,72,94.44444444444444,68,3.120260294117647,80,95,76,3.0926065789473687,TRUE,TRUE
participant_0860,All-stimuli,74,79.72972972972973,59,3.0978118644067796,80,81.25,65,3.0775815384615384,TRUE,TRUE
participant_0861,All-stimuli,76,82.89473684210526,63,1.9369190476190477,80,82.5,66,1.9581287878787879,TRUE,TRUE
participant_0862,All-stimuli,74,75.67567567567568,56,2.043051785714286,80,77.5,62,1.9902596774193548,TRUE,TRUE
participant_0863,All-stimuli,71,81.69014084507043,58,2.219191379310345,80,83.75,67,2.1347283582089553,TRUE,TRUE
participant_0864,All-stimuli,73,78.08219178082192,57,2.976,80,80,64,2.8475156249999998,TRUE,TRUE
participant_0865,All-stimuli,73,83.56164383561644,61,2.5893295081967214,80,85,68,2.5151573529411766,TRUE,TRUE
participant_0866,All-stimuli,76,77.63157894736842,59,2.9584389830508475,80,78.75,63,2.887436507936508,TRUE,TRUE
participant_0867,All-stimuli,74,74.32432432432432,55,3.0213654545454545,80,76.25,61,2.9364786885245904,TRUE,TRUE
participant_0868,All-stimuli,76,76.31578947368422,58,3.058653448275862,80,77.5,62,2.9630693548387095,TRUE,TRUE
participant_0869,All-stimuli,71,91.54929577464789,65,2.238206153846154,80,92.5,74,2.2300635135135134,TRUE,TRUE
participant_0870,All-stimuli,75,90.66666666666666,68,1.7170279411764706,80,91.25,73,1.7257109589041095,TRUE,TRUE
participant_0871,All-stimuli,77,77.92207792207793,60,3.006473333333333,80,78.75,63,2.956384126984127,TRUE,TRUE
participant_0872,All-stimuli,72,73.61111111111111,53,3.1163660377358493,80,76.25,61,2.9234836065573773,TRUE,TRUE
participant_0873,All-stimuli,74,91.8918918918919,68,2.868910294117647,80,92.5,74,2.853177027027027,TRUE,TRUE
participant_0874,All-stimuli,76,94.73684210526315,72,3.0733972222222223,80,95,76,3.079815789473684,TRUE,TRUE
participant_0875,All-stimuli,74,75.67567567567568,56,3.0732035714285715,80,75,60,3.041106666666667,TRUE,TRUE
participant_0876,All-stimuli,77,92.20779220779221,71,2.210816901408451,80,91.25,73,2.1971383561643836,TRUE,TRUE
participant_0877,All-stimuli,79,92.40506329113924,67,3.054662686567164,80,92.5,68,3.044869117647059,TRUE,TRUE
participant_0878,All-stimuli,78,83.33333333333334,65,2.747543076923077,80,83.75,67,2.7093597014925375,TRUE,TRUE
participant_0879,All-stimuli,74,89.1891891891892,66,2.3747863636363635,80,90,72,2.3357847222222223,TRUE,TRUE
participant_0880,All-stimuli,74,90.54054054054053,67,2.9401492537313434,80,91.25,73,2.865427397260274,TRUE,TRUE
participant_0881,All-stimuli,76,65.78947368421053,50,2.476588,80,67.5,54,2.4408148148148148,TRUE,TRUE
participant_0882,All-stimuli,73,86.3013698630137,63,2.7331968253968255,80,87.5,70,2.6892071428571427,TRUE,TRUE
participant_0883,All-stimuli,73,91.78082191780823,67,2.398231343283582,80,92.5,74,2.3636418918918918,TRUE,TRUE
participant_0884,All-stimuli,75,76,57,2.5587,80,76.25,61,2.594637704918033,TRUE,TRUE
participant_0885,All-stimuli,72,79.16666666666666,57,3.1683526315789474,80,81.25,65,3.1625076923076922,TRUE,TRUE
participant_0886,All-stimuli,76,84.21052631578947,64,2.711478125,80,85,68,2.706310294117647,TRUE,TRUE
participant_0887,All-stimuli,73,78.08219178082192,57,4.833001754385965,80,80,64,4.7503343749999996,TRUE,TRUE
participant_0888,All-stimuli,72,83.33333333333334,60,2.7221,77,84.4155844155844,65,2.6412107692307694,TRUE,TRUE
participant_0889,All-stimuli,73,82.1917808219178,59,2.666822033898305,80,83.75,66,2.907898484848485,TRUE,TRUE
participant_0890,All-stimuli,70,87.14285714285714,60,2.90866,80,86.25,68,2.9076220588235295,TRUE,TRUE
participant_0891,All-stimuli,79,77.21518987341773,61,2.230239344262295,80,77.5,62,2.217811290322581,TRUE,TRUE
participant_0892,All-stimuli,74,72.97297297297297,54,2.879961111111111,80,75,60,2.750706666666667,TRUE,TRUE
participant_0893,All-stimuli,72,86.11111111111111,62,2.308954838709677,80,87.5,70,2.328537142857143,TRUE,TRUE
participant_0894,All-stimuli,68,75,51,1.8633882352941176,80,77.5,62,1.8646274193548387,TRUE,TRUE
participant_0895,All-stimuli,73,78.08219178082192,57,2.1748070175438596,80,80,64,2.1582890625,TRUE,TRUE
participant_0896,All-stimuli,76,81.57894736842105,62,2.457108064516129,80,82.5,66,2.468589393939394,TRUE,TRUE
participant_0897,All-stimuli,73,84.93150684931507,62,2.9798564516129034,80,86.25,69,2.9284710144927537,TRUE,TRUE
participant_0898,All-stimuli,75,73.33333333333333,55,2.6317654545454543,80,75,60,2.58371,TRUE,TRUE
participant_0899,All-stimuli,77,67.53246753246754,52,2.4154884615384615,80,68.75,55,2.3589545454545453,TRUE,TRUE
participant_0900,All-stimuli,74,56.75675675675676,42,2.229002380952381,80,60,48,2.309229166666667,TRUE,TRUE
participant_0901,All-stimuli,71,63.38028169014085,45,1.7240066666666667,80,67.5,54,1.6410703703703704,TRUE,TRUE
participant_0902,All-stimuli,75,84,63,2.09115873015873,80,83.75,67,2.067641791044776,TRUE,TRUE
participant_0903,All-stimuli,74,82.43243243243244,60,3.2964116666666667,80,83.75,65,3.2895323076923075,TRUE,TRUE
participant_0904,All-stimuli,75,88,63,2.225684126984127,80,85,65,2.2269615384615387,TRUE,TRUE
participant_0905,All-stimuli,76,76.31578947368422,57,2.562656140350877,80,77.5,61,2.954388524590164,TRUE,TRUE
participant_0906,All-stimuli,77,62.33766233766234,48,2.370816666666667,80,63.74999999999999,51,2.3580392156862744,TRUE,TRUE
participant_0907,All-stimuli,76,82.89473684210526,63,2.6921968253968256,80,82.5,66,2.697819696969697,TRUE,TRUE
participant_0908,All-stimuli,74,91.8918918918919,68,1.9022220588235295,80,92.5,74,1.8589581081081081,TRUE,TRUE
participant_0909,All-stimuli,73,80.82191780821918,59,3.7271864406779662,80,82.5,66,3.5483484848484848,TRUE,TRUE
participant_0910,All-stimuli,77,84.4155844155844,65,2.8115846153846156,80,85,68,2.771785294117647,TRUE,TRUE
participant_0911,All-stimuli,71,50.70422535211267,35,3.8989085714285716,80,47.5,37,3.96772972972973,TRUE,TRUE
participant_0912,All-stimuli,74,87.83783783783784,63,3.7638174603174606,80,88.75,69,3.5904275362318843,TRUE,TRUE
participant_0913,All-stimuli,75,86.66666666666667,65,2.1156953846153845,80,87.5,70,2.1257542857142857,TRUE,TRUE
participant_0914,All-stimuli,76,97.36842105263158,74,4.23954054054054,80,97.5,78,4.2244743589743585,TRUE,TRUE
participant_0915,All-stimuli,74,86.48648648648648,64,2.4891421875,80,87.5,70,2.4088714285714286,TRUE,TRUE
participant_0917,All-stimuli,77,79.22077922077922,61,2.5129622950819672,80,80,64,2.491946875,TRUE,TRUE
participant_0918,All-stimuli,75,76,57,2.513477192982456,80,77.5,62,2.4580112903225806,TRUE,TRUE
participant_0920,All-stimuli,70,74.28571428571429,52,2.5659673076923077,80,77.5,62,2.5383854838709676,TRUE,TRUE
participant_0921,All-stimuli,77,83.11688311688312,62,2.7558935483870965,80,83.75,65,2.897426153846154,TRUE,TRUE
participant_0922,All-stimuli,74,86.48648648648648,64,2.91378125,80,87.5,70,2.8221757142857142,TRUE,TRUE
participant_0923,All-stimuli,76,69.73684210526315,53,3.1315735849056603,80,71.25,57,3.0864456140350875,TRUE,TRUE
participant_0924,All-stimuli,72,84.72222222222221,61,2.239731147540984,80,86.25,69,2.1807710144927537,TRUE,TRUE
participant_0925,All-stimuli,73,94.52054794520548,69,3.3714507246376813,80,95,76,3.286409210526316,TRUE,TRUE
participant_0926,All-stimuli,74,82.43243243243244,61,2.2923360655737706,80,83.75,67,2.304994029850746,TRUE,TRUE
participant_0928,All-stimuli,76,77.63157894736842,59,3.1504406779661016,80,78.75,63,3.062984126984127,TRUE,TRUE
participant_0929,All-stimuli,72,86.11111111111111,62,2.41586935483871,80,87.5,70,2.3243657142857144,TRUE,TRUE
participant_0930,All-stimuli,71,84.50704225352112,60,6.693223333333333,80,85,68,6.370775,TRUE,TRUE
participant_0931,All-stimuli,79,65.82278481012658,52,2.929948076923077,80,66.25,53,2.901147169811321,TRUE,TRUE
participant_0933,All-stimuli,74,94.5945945945946,70,3.3813314285714284,80,95,76,3.308159210526316,TRUE,TRUE
participant_0934,All-stimuli,75,78.66666666666666,59,1.4105881355932204,80,78.75,63,1.4426587301587301,TRUE,TRUE
participant_0935,All-stimuli,75,86.66666666666667,63,3.3890555555555557,80,87.5,68,3.4316985294117646,TRUE,TRUE
participant_0939,All-stimuli,73,67.12328767123287,49,2.1325755102040818,80,68.75,55,2.129783636363636,TRUE,TRUE
participant_0940,All-stimuli,78,70.51282051282051,54,3.6138703703703703,80,70,55,3.629238181818182,TRUE,TRUE
participant_0941,All-stimuli,74,82.43243243243244,61,2.5676475409836064,80,82.5,66,2.575410606060606,TRUE,TRUE
participant_0942,All-stimuli,75,76,57,2.562380701754386,80,76.25,61,2.5481868852459018,TRUE,TRUE
participant_0943,All-stimuli,73,90.41095890410958,66,2.2620454545454547,80,91.25,73,2.3703698630136985,TRUE,TRUE
participant_0944,All-stimuli,73,91.78082191780823,67,1.6578925373134328,80,92.5,74,1.6204067567567568,TRUE,TRUE
participant_0945,All-stimuli,74,93.24324324324324,69,1.798768115942029,80,93.75,75,1.771764,TRUE,TRUE
participant_0947,All-stimuli,73,83.56164383561644,61,2.0094590163934427,80,85,68,1.9499191176470587,TRUE,TRUE
participant_0948,All-stimuli,77,83.11688311688312,64,2.5819765625,80,83.75,67,2.6113388059701492,TRUE,TRUE
participant_0951,All-stimuli,67,73.13432835820896,49,1.9525448979591837,80,77.5,62,1.9560935483870967,TRUE,TRUE
participant_0952,All-stimuli,76,89.47368421052632,68,2.5134882352941177,80,90,72,2.473879166666667,TRUE,TRUE
participant_0953,All-stimuli,74,86.48648648648648,64,3.0054609375,80,87.5,70,2.961932857142857,TRUE,TRUE
participant_0954,All-stimuli,69,76.81159420289855,53,2.6309377358490567,80,80,64,2.47098125,TRUE,TRUE
participant_0956,All-stimuli,74,87.83783783783784,65,2.762653846153846,80,88.75,71,2.8943281690140843,TRUE,TRUE
participant_0957,All-stimuli,76,81.57894736842105,62,3.415975806451613,80,82.5,66,3.3774560606060606,TRUE,TRUE
participant_0958,All-stimuli,75,69.33333333333334,52,3.0603596153846153,79,70.88607594936708,56,3.036407142857143,TRUE,TRUE
participant_0959,All-stimuli,73,83.56164383561644,61,3.1162983606557377,80,85,68,3.0439823529411765,TRUE,TRUE
participant_0960,All-stimuli,76,80.26315789473685,61,2.896,80,81.25,65,2.836323076923077,TRUE,TRUE
participant_0961,All-stimuli,78,75.64102564102564,59,1.9442152542372881,80,76.25,61,1.9532983606557377,TRUE,TRUE
participant_0962,All-stimuli,72,69.44444444444444,50,3.857472,80,71.25,57,3.6202298245614033,TRUE,TRUE
participant_0963,All-stimuli,74,87.83783783783784,65,2.9842046153846153,80,88.75,71,2.9917746478873237,TRUE,TRUE
participant_0964,All-stimuli,71,85.91549295774648,61,2.1010229508196723,80,87.5,70,2.0954957142857142,TRUE,TRUE
participant_0965,All-stimuli,78,79.48717948717949,62,2.1344354838709676,80,80,64,2.12503125,TRUE,TRUE
participant_0966,All-stimuli,77,66.23376623376623,51,2.573886274509804,80,67.5,54,2.5798185185185187,TRUE,TRUE
participant_0967,All-stimuli,75,92,69,3.065831884057971,80,92.5,74,3.0171,TRUE,TRUE
participant_0968,All-stimuli,75,77.33333333333333,58,2.050358620689655,80,78.75,63,2.036374603174603,TRUE,TRUE
participant_0969,All-stimuli,77,83.11688311688312,64,2.19690625,80,83.75,67,2.1635223880597017,TRUE,TRUE
participant_0970,All-stimuli,70,87.14285714285714,61,2.502649180327869,80,88.75,71,2.3820084507042254,TRUE,TRUE
participant_0972,All-stimuli,74,82.43243243243244,61,2.172216393442623,80,83.75,67,2.1584925373134327,TRUE,TRUE
participant_0973,All-stimuli,75,74.66666666666667,56,1.6653196428571428,80,75,60,1.6865433333333333,TRUE,TRUE
participant_0975,All-stimuli,73,86.3013698630137,60,2.4800366666666664,80,87.5,67,2.4232522388059703,TRUE,TRUE
participant_0976,All-stimuli,78,69.23076923076923,54,2.412798148148148,80,70,56,2.3833482142857143,TRUE,TRUE
participant_0977,All-stimuli,77,67.53246753246754,52,2.1075807692307693,80,68.75,55,2.1143490909090907,TRUE,TRUE
participant_0978,All-stimuli,68,72.05882352941177,49,2.9862020408163263,80,76.25,61,2.8717459016393443,TRUE,TRUE
participant_0979,All-stimuli,73,79.45205479452055,58,2.904710344827586,80,81.25,65,2.752395384615385,TRUE,TRUE
participant_0980,All-stimuli,68,83.82352941176471,57,3.3057403508771928,80,86.25,69,3.0404434782608694,TRUE,TRUE
participant_0981,All-stimuli,75,81.33333333333333,61,2.6760754098360655,80,82.5,66,2.5933166666666665,TRUE,TRUE
participant_0984,All-stimuli,70,78.57142857142857,53,4.283067924528302,80,81.25,63,4.277695238095238,TRUE,TRUE
participant_0985,All-stimuli,75,89.33333333333333,67,2.8307910447761193,80,90,72,2.7866666666666666,TRUE,TRUE
participant_0986,All-stimuli,75,69.33333333333334,52,1.6792634615384614,80,71.25,57,1.708375438596491,TRUE,TRUE
participant_0989,All-stimuli,75,78.66666666666666,59,1.7701864406779662,80,80,64,1.7816359375,TRUE,TRUE
participant_0990,All-stimuli,74,75.67567567567568,56,1.9165125,80,76.25,61,1.8534639344262296,TRUE,TRUE
participant_0992,All-stimuli,21,71.42857142857143,15,3.46562,23,73.91304347826086,17,3.4335529411764707,FALSE,FALSE
participant_0994,All-stimuli,76,80.26315789473685,61,3.4350147540983604,80,81.25,65,3.3855461538461538,TRUE,TRUE
participant_0995,All-stimuli,73,72.6027397260274,53,3.753788679245283,80,75,60,3.746271666666667,TRUE,TRUE
participant_0996,All-stimuli,72,70.83333333333334,51,1.7188803921568627,80,72.5,58,1.7146137931034482,TRUE,TRUE
participant_0997,All-stimuli,70,88.57142857142857,61,3.050149180327869,80,90,71,3.2249774647887324,TRUE,TRUE
participant_0998,All-stimuli,74,86.48648648648648,64,2.05619375,80,87.5,70,1.9899328571428572,TRUE,TRUE
participant_1000,All-stimuli,73,68.4931506849315,50,2.4878,80,71.25,57,2.3690526315789473,TRUE,TRUE
participant_1001,All-stimuli,77,79.22077922077922,61,2.8070147540983608,80,80,64,2.7545859375,TRUE,TRUE
participant_1002,All-stimuli,73,86.3013698630137,63,2.273625396825397,80,87.5,70,2.2709642857142858,TRUE,TRUE
participant_1003,All-stimuli,71,84.50704225352112,60,3.484218333333333,80,86.25,69,3.235376811594203,TRUE,TRUE
participant_1004,All-stimuli,72,87.5,63,2.7577142857142856,80,88.75,71,2.645957746478873,TRUE,TRUE
participant_1005,All-stimuli,74,71.62162162162163,53,1.746522641509434,80,73.75,59,1.7815491525423728,TRUE,TRUE
participant_1006,All-stimuli,76,84.21052631578947,59,3.433022033898305,80,85,63,3.357384126984127,TRUE,TRUE
participant_1007,All-stimuli,73,84.93150684931507,61,3.773477049180328,80,86.25,68,3.706570588235294,TRUE,TRUE
participant_1008,All-stimuli,74,51.35135135135135,38,3.9623631578947367,80,55.00000000000001,44,3.9690295454545454,TRUE,TRUE
participant_1009,All-stimuli,78,89.74358974358975,69,2.7104608695652175,80,90,71,2.6716478873239438,TRUE,TRUE
participant_1011,All-stimuli,74,58.108108108108105,43,2.3447953488372093,80,61.25000000000001,49,2.3062877551020406,TRUE,TRUE
participant_1012,All-stimuli,74,68.91891891891892,51,1.637786274509804,80,71.25,57,1.6250614035087718,TRUE,TRUE
participant_1015,All-stimuli,75,86.66666666666667,65,4.115833846153846,80,87.5,70,3.9847785714285715,TRUE,TRUE
participant_1017,All-stimuli,75,89.33333333333333,66,3.553227272727273,80,83.75,66,3.553227272727273,TRUE,TRUE
participant_1018,All-stimuli,73,84.93150684931507,61,2.856977049180328,80,86.25,67,2.7585880597014927,TRUE,TRUE
participant_1019,All-stimuli,78,85.8974358974359,67,3.8363746268656715,80,86.25,69,3.7910985507246378,TRUE,TRUE
participant_1020,All-stimuli,75,61.33333333333333,45,3.7006644444444445,80,63.74999999999999,50,3.541118,TRUE,TRUE
participant_1021,All-stimuli,71,94.36619718309859,67,3.258283582089552,80,93.75,75,3.267868,TRUE,TRUE
participant_1022,All-stimuli,75,73.33333333333333,55,2.5513945454545452,80,75,60,2.5731916666666668,TRUE,TRUE
participant_1024,All-stimuli,74,78.37837837837837,58,2.652291379310345,80,80,64,2.6080015625,TRUE,TRUE
participant_1025,All-stimuli,74,86.48648648648648,64,2.3860765625,80,87.5,70,2.4700228571428573,TRUE,TRUE
participant_1026,All-stimuli,78,80.76923076923077,63,1.611895238095238,80,81.25,65,1.6191538461538462,TRUE,TRUE
participant_1028,All-stimuli,76,71.05263157894737,53,2.142388679245283,80,72.5,57,2.1397771929824563,TRUE,TRUE
participant_1029,All-stimuli,75,80,60,2.6659733333333335,80,81.25,65,2.6255676923076923,TRUE,TRUE
participant_1031,All-stimuli,74,82.43243243243244,61,5.8958,80,82.5,66,5.641119696969697,TRUE,TRUE
participant_1033,All-stimuli,78,78.2051282051282,61,2.2866377049180326,80,77.5,62,2.3071193548387097,TRUE,TRUE
participant_1034,All-stimuli,72,88.88888888888889,64,3.29234375,80,90,72,3.2345555555555556,TRUE,TRUE
participant_1036,All-stimuli,72,77.77777777777779,56,2.9258785714285716,80,77.5,62,3.0268403225806453,TRUE,TRUE
participant_1037,All-stimuli,75,90.66666666666666,68,2.2645867647058826,80,91.25,73,2.2177890410958905,TRUE,TRUE
participant_1038,All-stimuli,78,74.35897435897436,58,3.5186206896551724,80,75,60,3.4674666666666667,TRUE,TRUE
participant_1039,All-stimuli,79,86.07594936708861,67,2.8269014925373135,80,86.25,68,2.814189705882353,TRUE,TRUE
participant_1041,All-stimuli,78,83.33333333333334,65,2.417247692307692,80,83.75,67,2.414989552238806,TRUE,TRUE
participant_1042,All-stimuli,72,88.88888888888889,64,2.85295,80,90,72,2.783348611111111,TRUE,TRUE
participant_1043,All-stimuli,77,75.32467532467533,58,2.075091379310345,80,76.25,61,2.0353459016393445,TRUE,TRUE
participant_1044,All-stimuli,73,79.45205479452055,58,2.798041379310345,80,81.25,65,2.7424153846153847,TRUE,TRUE
participant_1046,All-stimuli,73,82.1917808219178,59,2.778008474576271,80,82.5,65,2.764183076923077,TRUE,TRUE
participant_1047,All-stimuli,70,65.71428571428571,46,3.4190934782608697,80,70,55,3.299856363636364,TRUE,TRUE
participant_1050,All-stimuli,79,64.55696202531645,51,2.064327450980392,80,65,52,2.0582576923076923,TRUE,TRUE
participant_1051,All-stimuli,75,84,63,4.221590476190476,80,85,67,4.111634328358209,TRUE,TRUE
participant_1052,All-stimuli,75,86.66666666666667,65,2.136630769230769,80,87.5,70,2.1133,TRUE,TRUE
participant_1053,All-stimuli,74,78.37837837837837,53,3.9396301886792453,80,80,59,4.242030508474576,TRUE,TRUE
participant_1054,All-stimuli,73,83.56164383561644,61,2.1258688524590164,80,85,68,2.237279411764706,TRUE,TRUE
participant_1055,All-stimuli,71,88.73239436619718,63,3.1045079365079364,80,90,72,3.316361111111111,TRUE,TRUE
participant_1056,All-stimuli,71,87.32394366197182,62,2.15448064516129,80,88.75,71,2.178216901408451,TRUE,TRUE
participant_1057,All-stimuli,72,88.88888888888889,64,2.255675,80,88.75,71,2.28896338028169,TRUE,TRUE
participant_1058,All-stimuli,77,72.72727272727273,56,1.6358125,80,73.75,59,1.6243779661016948,TRUE,TRUE
participant_1059,All-stimuli,74,81.08108108108108,60,3.2030166666666666,80,81.25,65,3.139692307692308,TRUE,TRUE
participant_1060,All-stimuli,70,78.57142857142857,55,2.6651454545454545,80,81.25,65,2.4955692307692305,TRUE,TRUE
participant_1061,All-stimuli,73,73.97260273972603,54,2.3069277777777777,80,75,60,2.2321033333333333,TRUE,TRUE
participant_1062,All-stimuli,72,77.77777777777779,56,2.077080357142857,80,80,64,2.0506734375,TRUE,TRUE
participant_1063,All-stimuli,75,94.66666666666667,71,2.148707042253521,80,95,76,2.1359894736842104,TRUE,TRUE
participant_1064,All-stimuli,75,78.66666666666666,59,2.1256338983050846,80,80,64,2.0714046875,TRUE,TRUE
participant_1065,All-stimuli,75,84,63,3.9780380952380954,80,85,68,3.884464705882353,TRUE,TRUE
participant_1066,All-stimuli,74,75.67567567567568,56,3.1534642857142856,80,77.5,62,3.0418709677419353,TRUE,TRUE
participant_1067,All-stimuli,75,78.66666666666666,59,2.0483983050847456,80,80,64,1.9925296875,TRUE,TRUE
participant_1068,All-stimuli,73,78.08219178082192,57,2.2798245614035086,80,76.25,61,2.2688852459016395,TRUE,TRUE
participant_1069,All-stimuli,73,80.82191780821918,59,2.4754305084745765,80,82.5,66,2.3902060606060607,TRUE,TRUE
participant_1072,All-stimuli,76,81.57894736842105,62,2.2004451612903226,80,82.5,66,2.181610606060606,TRUE,TRUE
participant_1073,All-stimuli,77,88.31168831168831,68,2.3407441176470587,80,88.75,71,2.324488732394366,TRUE,TRUE
participant_1074,All-stimuli,75,82.66666666666667,62,1.962240322580645,80,82.5,66,1.9279151515151516,TRUE,TRUE
participant_1075,All-stimuli,72,79.16666666666666,57,2.6035614035087717,80,81.25,65,2.5049046153846155,TRUE,TRUE
participant_1076,All-stimuli,73,89.04109589041096,65,1.9393692307692307,80,90,72,1.9361944444444446,TRUE,TRUE
participant_1077,All-stimuli,71,74.64788732394366,53,3.610467924528302,80,77.5,62,3.4293951612903224,TRUE,TRUE
participant_1080,All-stimuli,72,75,54,3.4460462962962963,80,77.5,62,3.23448064516129,TRUE,TRUE
participant_1082,All-stimuli,77,74.02597402597402,57,2.985535087719298,80,75,60,2.968558333333333,TRUE,TRUE
participant_1083,All-stimuli,74,79.72972972972973,59,2.5537423728813557,80,81.25,65,2.4398584615384618,TRUE,TRUE
participant_1084,All-stimuli,75,81.33333333333333,61,3.2412147540983605,80,82.5,66,3.160698484848485,TRUE,TRUE
participant_1085,All-stimuli,72,75,53,5.64092641509434,80,77.5,60,5.401176666666666,TRUE,TRUE
participant_1087,All-stimuli,72,88.88888888888889,64,4.6286953125,80,90,72,4.473809722222223,TRUE,TRUE
participant_1089,All-stimuli,75,77.33333333333333,58,4.481536206896552,80,78.75,63,4.324514285714286,TRUE,TRUE
participant_1090,All-stimuli,74,81.08108108108108,60,2.2567316666666666,80,82.5,66,2.2405363636363638,TRUE,TRUE
participant_1091,All-stimuli,74,33.78378378378378,24,3.5500249999999998,80,33.75,26,3.5334384615384615,TRUE,TRUE
participant_1092,All-stimuli,76,82.89473684210526,63,2.3875015873015872,80,83.75,67,2.3342402985074626,TRUE,TRUE
participant_1093,All-stimuli,75,78.66666666666666,59,2.21085593220339,80,80,64,2.21004375,TRUE,TRUE
participant_1094,All-stimuli,73,84.93150684931507,62,2.8626887096774194,80,85,68,2.8468676470588234,TRUE,TRUE
participant_1095,All-stimuli,71,85.91549295774648,61,2.7790803278688525,80,87.5,70,2.83638,TRUE,TRUE
participant_1096,All-stimuli,73,87.67123287671232,64,2.3818421875,80,88.75,71,2.3448943661971833,TRUE,TRUE
participant_1097,All-stimuli,71,71.83098591549296,51,3.7715705882352943,80,75,60,3.5794633333333334,TRUE,TRUE
participant_1098,All-stimuli,72,63.888888888888886,46,2.891739130434783,80,67.5,54,2.869896296296296,TRUE,TRUE
participant_1099,All-stimuli,75,81.33333333333333,61,2.5575901639344263,80,82.5,66,2.485822727272727,TRUE,TRUE
participant_1100,All-stimuli,73,80.82191780821918,59,2.0923033898305086,80,82.5,66,2.0375136363636366,TRUE,TRUE
participant_1101,All-stimuli,75,90.66666666666666,68,2.118754411764706,80,91.25,73,2.0591575342465753,TRUE,TRUE
participant_1102,All-stimuli,76,72.36842105263158,55,3.0101345454545454,80,72.5,58,2.9388137931034484,TRUE,TRUE
participant_1103,All-stimuli,75,78.66666666666666,57,2.3251929824561404,80,80,62,2.2980967741935485,TRUE,TRUE
participant_1104,All-stimuli,72,56.94444444444444,41,2.343041463414634,80,61.25000000000001,49,2.2352469387755103,TRUE,TRUE
participant_1105,All-stimuli,76,78.94736842105263,60,4.540026666666667,80,80,64,4.41325625,TRUE,TRUE
participant_1106,All-stimuli,74,85.13513513513513,63,3.9791126984126985,80,86.25,69,3.9199217391304346,TRUE,TRUE
participant_1107,All-stimuli,78,82.05128205128204,64,2.3771421875,80,82.5,66,2.3683348484848485,TRUE,TRUE
participant_1109,All-stimuli,74,83.78378378378379,62,1.7054193548387098,80,85,68,1.6802529411764706,TRUE,TRUE
participant_1110,All-stimuli,77,84.4155844155844,65,2.212876923076923,80,85,68,2.189079411764706,TRUE,TRUE
participant_1111,All-stimuli,74,90.54054054054053,67,2.1144955223880597,80,90,72,2.1200888888888887,TRUE,TRUE
participant_1112,All-stimuli,75,68,51,1.4467039215686275,80,68.75,55,1.4708381818181817,TRUE,TRUE
participant_1113,All-stimuli,74,78.37837837837837,58,2.111206896551724,80,80,64,2.102796875,TRUE,TRUE
participant_1115,All-stimuli,74,79.72972972972973,59,4.378750847457627,80,81.25,65,4.2721846153846155,TRUE,TRUE
participant_1117,All-stimuli,74,86.48648648648648,64,2.467325,80,87.5,70,2.4150057142857144,TRUE,TRUE
participant_1118,All-stimuli,73,73.97260273972603,54,1.712698148148148,80,76.25,61,1.7403868852459017,TRUE,TRUE
participant_1119,All-stimuli,71,80.28169014084507,57,2.4726684210526315,80,82.5,66,2.473731818181818,TRUE,TRUE
participant_1120,All-stimuli,76,85.52631578947368,65,2.2689523076923077,80,86.25,69,2.242082608695652,TRUE,TRUE
participant_1122,All-stimuli,66,83.33333333333334,55,2.04526,80,85,68,2.054616176470588,TRUE,TRUE
participant_1123,All-stimuli,74,83.78378378378379,62,2.3720887096774192,80,85,68,2.3997529411764704,TRUE,TRUE
participant_1124,All-stimuli,74,83.78378378378379,62,2.393475806451613,80,85,68,2.328902941176471,TRUE,TRUE
participant_1125,All-stimuli,73,72.6027397260274,53,2.1498566037735847,80,73.75,59,2.1245949152542374,TRUE,TRUE
participant_1128,All-stimuli,75,82.66666666666667,62,3.19345,80,82.5,66,3.2605060606060605,TRUE,TRUE
participant_1130,All-stimuli,73,78.08219178082192,57,2.0476298245614033,80,77.5,62,2.0472370967741935,TRUE,TRUE
participant_1131,All-stimuli,77,85.71428571428571,66,2.557386363636364,80,86.25,69,2.525955072463768,TRUE,TRUE
participant_1132,All-stimuli,71,88.73239436619718,63,3.305347619047619,80,90,72,3.225126388888889,TRUE,TRUE
participant_1133,All-stimuli,73,49.31506849315068,36,2.595413888888889,80,48.75,39,2.507574358974359,TRUE,TRUE
participant_1135,All-stimuli,76,72.36842105263158,55,2.5290363636363637,80,73.75,59,2.5355254237288136,TRUE,TRUE
participant_1136,All-stimuli,73,79.45205479452055,58,4.155324137931035,80,81.25,65,4.028956923076923,TRUE,TRUE
participant_1137,All-stimuli,74,91.8918918918919,68,3.005714705882353,80,92.5,74,3.0579013513513513,TRUE,TRUE
participant_1138,All-stimuli,72,86.11111111111111,61,2.431998360655738,80,82.5,65,2.462873846153846,TRUE,TRUE
participant_1139,All-stimuli,69,78.26086956521739,54,2.4957777777777777,80,81.25,65,2.3876415384615384,TRUE,TRUE
participant_1140,All-stimuli,77,83.11688311688312,64,1.949828125,80,83.75,67,1.929358208955224,TRUE,TRUE
participant_1141,All-stimuli,73,73.97260273972603,54,1.475088888888889,80,76.25,61,1.4454114754098362,TRUE,TRUE
participant_1142,All-stimuli,74,63.51351351351351,47,2.1704978723404253,80,65,52,2.1674403846153845,TRUE,TRUE
participant_1143,All-stimuli,77,77.92207792207793,60,5.8459666666666665,80,78.75,63,5.760492063492063,TRUE,TRUE
participant_1144,All-stimuli,74,68.91891891891892,51,2.111243137254902,80,71.25,57,2.229663157894737,TRUE,TRUE
participant_1145,All-stimuli,69,75.36231884057972,52,2.202555769230769,80,76.25,61,2.1913475409836067,TRUE,TRUE
participant_1146,All-stimuli,74,89.1891891891892,66,2.444919696969697,80,87.5,70,2.42986,TRUE,TRUE
participant_1147,All-stimuli,75,78.66666666666666,59,3.504293220338983,80,78.75,63,3.4417761904761903,TRUE,TRUE
participant_1148,All-stimuli,7,85.71428571428571,6,3.1997666666666666,7,85.71428571428571,6,3.1997666666666666,FALSE,FALSE
participant_1150,All-stimuli,72,77.77777777777779,55,3.63542,80,80,63,3.4988190476190475,TRUE,TRUE
participant_1151,All-stimuli,75,86.66666666666667,65,2.079092307692308,80,87.5,70,2.1006714285714287,TRUE,TRUE
participant_1152,All-stimuli,72,86.11111111111111,62,2.215390322580645,80,86.25,69,2.165723188405797,TRUE,TRUE
participant_1153,All-stimuli,75,84,63,3.1358634920634922,80,85,68,3.1010661764705882,TRUE,TRUE
participant_1155,All-stimuli,72,86.11111111111111,62,3.262666129032258,80,87.5,70,3.1839257142857145,TRUE,TRUE
participant_1156,All-stimuli,75,70.66666666666667,51,7.070690196078432,80,72.5,55,6.7507909090909095,TRUE,TRUE
participant_1157,All-stimuli,73,86.3013698630137,63,4.429953968253968,80,87.5,70,4.427742857142857,TRUE,TRUE
participant_1158,All-stimuli,72,61.111111111111114,44,4.890420454545454,80,63.74999999999999,51,5.1534,TRUE,TRUE
participant_1160,All-stimuli,70,92.85714285714286,65,2.90128,80,93.75,75,2.849352,TRUE,TRUE
participant_1161,All-stimuli,71,77.46478873239437,55,2.1941454545454544,80,80,64,2.2186203125,TRUE,TRUE
participant_1162,All-stimuli,73,67.12328767123287,49,1.9309204081632654,80,68.75,55,1.8819218181818183,TRUE,TRUE
participant_1164,All-stimuli,72,83.33333333333334,60,4.656658333333334,80,83.75,67,4.525653731343284,TRUE,TRUE
participant_1165,All-stimuli,78,71.7948717948718,56,2.0315464285714286,80,72.5,58,2.0530844827586208,TRUE,TRUE
participant_1166,All-stimuli,74,79.72972972972973,59,2.973049152542373,80,81.25,65,2.8790030769230768,TRUE,TRUE
participant_1168,All-stimuli,76,89.47368421052632,68,3.0443632352941177,80,90,72,2.9483194444444445,TRUE,TRUE
participant_1169,All-stimuli,70,84.28571428571429,59,3.1702254237288137,80,86.25,69,3.1397260869565216,TRUE,TRUE
participant_1170,All-stimuli,73,90.41095890410958,66,2.651451515151515,80,91.25,73,2.6430972602739726,TRUE,TRUE
participant_1171,All-stimuli,75,65.33333333333333,49,1.7864183673469387,80,66.25,53,1.7722075471698113,TRUE,TRUE
participant_1172,All-stimuli,77,75.32467532467533,58,2.3183103448275864,80,76.25,61,2.301016393442623,TRUE,TRUE
participant_1175,All-stimuli,76,85.52631578947368,65,2.693541538461538,80,86.25,69,2.6441913043478262,TRUE,TRUE
participant_1176,All-stimuli,77,92.20779220779221,71,2.0838507042253522,80,92.5,74,2.0619391891891894,TRUE,TRUE
participant_1177,All-stimuli,72,68.05555555555556,49,1.8869734693877551,80,71.25,57,1.8121859649122807,TRUE,TRUE
participant_1179,All-stimuli,75,46.666666666666664,33,4.275772727272727,80,48.75,37,4.1036,TRUE,TRUE
participant_1181,All-stimuli,78,74.35897435897436,58,2.429005172413793,80,75,60,2.397413333333333,TRUE,TRUE
participant_1182,All-stimuli,76,73.68421052631578,56,3.777275,80,75,59,3.822298305084746,TRUE,TRUE
participant_1183,All-stimuli,74,89.1891891891892,66,2.4748363636363635,80,90,72,2.4752694444444443,TRUE,TRUE
participant_1184,All-stimuli,75,89.33333333333333,67,3.011879104477612,80,90,72,2.90275,TRUE,TRUE
participant_1185,All-stimuli,74,67.56756756756756,50,2.611158,80,70,56,2.552785714285714,TRUE,TRUE
participant_1186,All-stimuli,75,88,66,1.5130045454545455,80,88.75,71,1.4954535211267606,TRUE,TRUE
participant_1187,All-stimuli,67,88.05970149253731,59,1.8504389830508474,80,90,72,1.8664472222222221,TRUE,TRUE
participant_1188,All-stimuli,78,75.64102564102564,59,2.1830186440677966,80,76.25,61,2.2148508196721313,TRUE,TRUE
participant_1189,All-stimuli,75,90.66666666666666,68,1.7188632352941178,80,91.25,73,1.700790410958904,TRUE,TRUE
participant_1190,All-stimuli,76,86.8421052631579,66,2.7108530303030305,80,87.5,70,2.694877142857143,TRUE,TRUE
participant_1191,All-stimuli,76,69.73684210526315,53,2.1102207547169813,80,71.25,57,2.198863157894737,TRUE,TRUE
participant_1192,All-stimuli,75,82.66666666666667,62,2.8280903225806453,80,82.5,66,2.8438257575757575,TRUE,TRUE
participant_1193,All-stimuli,77,76.62337662337663,59,3.437271186440678,80,77.5,62,3.396167741935484,TRUE,TRUE
participant_1194,All-stimuli,74,78.37837837837837,58,1.8747741379310345,80,78.75,63,1.8364015873015873,TRUE,TRUE
participant_1195,All-stimuli,72,77.77777777777779,56,1.7631517857142858,80,80,64,1.72925625,TRUE,TRUE
participant_1196,All-stimuli,77,72.72727272727273,56,2.8431357142857143,80,73.75,59,2.8575406779661017,TRUE,TRUE
participant_1197,All-stimuli,71,66.19718309859155,47,1.8283808510638297,80,70,56,1.748575,TRUE,TRUE
participant_1198,All-stimuli,74,94.5945945945946,69,3.7287855072463767,80,95,75,3.6478693333333334,TRUE,TRUE
participant_1199,All-stimuli,75,84,63,5.7215936507936505,80,85,68,5.541263235294117,TRUE,TRUE
participant_1201,All-stimuli,73,91.78082191780823,67,3.5907761194029852,80,92.5,74,3.4946891891891894,TRUE,TRUE
participant_1202,All-stimuli,74,74.32432432432432,55,2.237890909090909,80,76.25,61,2.4601147540983606,TRUE,TRUE
participant_1204,All-stimuli,73,75.34246575342466,50,2.65483,80,77.5,55,2.737903636363636,TRUE,TRUE
participant_1205,All-stimuli,75,73.33333333333333,54,2.572862962962963,80,75,59,2.5820406779661016,TRUE,TRUE
participant_1206,All-stimuli,76,86.8421052631579,66,2.230062121212121,80,87.5,70,2.2261314285714286,TRUE,TRUE
participant_1208,All-stimuli,76,88.1578947368421,67,1.7886865671641792,80,88.75,71,1.8274647887323945,TRUE,TRUE
participant_1209,All-stimuli,74,82.43243243243244,61,2.3671573770491805,80,83.75,67,2.309723880597015,TRUE,TRUE
participant_1211,All-stimuli,72,66.66666666666666,48,2.623375,77,68.83116883116884,53,2.514377358490566,TRUE,TRUE
participant_1212,All-stimuli,72,70.83333333333334,50,4.556948,80,73.75,58,4.746531034482759,TRUE,TRUE
participant_1213,All-stimuli,76,71.05263157894737,54,2.7358296296296296,80,72.5,58,2.7246206896551723,TRUE,TRUE
participant_1215,All-stimuli,75,85.33333333333334,64,3.0603234375,80,86.25,69,3.0036753623188406,TRUE,TRUE
participant_1216,All-stimuli,78,69.23076923076923,54,1.8900037037037036,80,70,56,1.8687267857142857,TRUE,TRUE
participant_1217,All-stimuli,74,85.13513513513513,63,2.457912698412698,80,86.25,69,2.4838521739130437,TRUE,TRUE
participant_1218,All-stimuli,74,77.02702702702703,57,4.13539649122807,80,78.75,63,4.068353968253969,TRUE,TRUE
participant_1219,All-stimuli,75,73.33333333333333,55,1.9772,80,75,60,1.9380333333333333,TRUE,TRUE
participant_1220,All-stimuli,78,91.02564102564102,71,2.245811267605634,80,91.25,73,2.232219178082192,TRUE,TRUE
participant_1221,All-stimuli,74,81.08108108108108,60,2.3682316666666665,80,82.5,66,2.615418181818182,TRUE,TRUE
participant_1222,All-stimuli,76,80.26315789473685,61,3.214409836065574,80,80,64,3.1754125,TRUE,TRUE
participant_1223,All-stimuli,76,78.94736842105263,60,1.7906666666666666,80,80,64,1.78865625,TRUE,TRUE
participant_1224,All-stimuli,74,94.5945945945946,70,2.4002285714285714,80,95,76,2.8577578947368423,TRUE,TRUE
participant_1226,All-stimuli,74,35.13513513513514,26,2.307573076923077,80,38.75,31,2.414438709677419,TRUE,TRUE
participant_1227,All-stimuli,73,60.273972602739725,44,2.266834090909091,80,63.74999999999999,51,2.3323686274509803,TRUE,TRUE
participant_1228,All-stimuli,76,81.57894736842105,61,4.770927868852459,80,81.25,64,4.7259078125,TRUE,TRUE
participant_1229,All-stimuli,77,71.42857142857143,55,2.66382,80,72.5,58,2.6333120689655174,TRUE,TRUE
participant_1230,All-stimuli,77,76.62337662337663,59,3.0248406779661017,80,77.5,62,2.9942048387096776,TRUE,TRUE
participant_1231,All-stimuli,75,54.666666666666664,41,3.0244853658536583,80,57.49999999999999,46,2.916191304347826,TRUE,TRUE
participant_1232,All-stimuli,78,89.74358974358975,70,3.05863,80,90,72,3.0241125,TRUE,TRUE
participant_1233,All-stimuli,74,81.08108108108108,60,1.950455,80,82.5,66,1.9778969696969697,TRUE,TRUE
participant_1235,All-stimuli,73,82.1917808219178,60,3.149325,80,83.75,67,3.0460432835820894,TRUE,TRUE
participant_1236,All-stimuli,76,73.68421052631578,55,4.648136363636364,80,75,59,4.76824406779661,TRUE,TRUE
participant_1238,All-stimuli,77,88.31168831168831,68,2.012985294117647,80,88.75,71,1.9864281690140846,TRUE,TRUE
participant_1241,All-stimuli,73,83.56164383561644,60,1.9753983333333334,80,83.75,66,2.0482878787878787,TRUE,TRUE
participant_1242,All-stimuli,76,76.31578947368422,58,3.163103448275862,80,77.5,62,3.079983870967742,TRUE,TRUE
participant_1243,All-stimuli,76,84.21052631578947,64,3.3128375,80,85,68,3.3777161764705883,TRUE,TRUE
participant_1244,All-stimuli,77,87.01298701298701,67,4.487628358208955,80,87.5,70,4.551852857142857,TRUE,TRUE
participant_1245,All-stimuli,75,77.33333333333333,57,2.140059649122807,80,78.75,62,2.0917967741935484,TRUE,TRUE
participant_1246,All-stimuli,75,84,63,2.5837285714285714,80,82.5,66,2.575221212121212,TRUE,TRUE
participant_1248,All-stimuli,78,78.2051282051282,61,2.2398524590163933,80,78.75,63,2.236215873015873,TRUE,TRUE
participant_1249,All-stimuli,75,80,60,2.2134366666666665,80,81.25,65,2.16488,TRUE,TRUE
participant_1250,All-stimuli,75,82.66666666666667,62,2.5824870967741935,80,82.5,66,2.6538257575757576,TRUE,TRUE
participant_1251,All-stimuli,74,79.72972972972973,59,3.159840677966102,80,81.25,65,3.1428892307692307,TRUE,TRUE
participant_1253,All-stimuli,75,84,63,2.537457142857143,80,85,68,2.5319323529411766,TRUE,TRUE
participant_1254,All-stimuli,76,75,57,1.4495333333333333,80,76.25,61,1.4315114754098361,TRUE,TRUE
participant_1255,All-stimuli,77,89.6103896103896,69,2.466310144927536,80,90,72,2.4544527777777776,TRUE,TRUE
participant_1257,All-stimuli,76,81.57894736842105,62,1.9061790322580645,80,82.5,66,1.893880303030303,TRUE,TRUE
participant_1258,All-stimuli,75,84,63,3.6214936507936506,80,83.75,67,3.6128164179104476,TRUE,TRUE
participant_1259,All-stimuli,76,88.1578947368421,67,3.5895507462686567,80,88.75,71,3.5969521126760564,TRUE,TRUE
participant_1260,All-stimuli,77,55.84415584415584,42,2.1517642857142856,80,57.49999999999999,45,2.090602222222222,TRUE,TRUE
participant_1261,All-stimuli,73,84.93150684931507,62,1.6676451612903227,80,86.25,69,1.6385072463768116,TRUE,TRUE
participant_1262,All-stimuli,72,84.72222222222221,61,2.0924639344262297,80,86.25,69,1.9907391304347826,TRUE,TRUE
participant_1263,All-stimuli,73,79.45205479452055,58,2.1359793103448275,80,81.25,65,2.098373846153846,TRUE,TRUE
participant_1264,All-stimuli,79,78.48101265822784,62,3.8981967741935484,80,78.75,63,3.8624920634920636,TRUE,TRUE
participant_1266,All-stimuli,73,61.64383561643836,45,3.670457777777778,80,65,52,3.6548557692307693,TRUE,TRUE
participant_1267,All-stimuli,74,87.83783783783784,65,2.5417846153846155,80,88.75,71,2.4886760563380284,TRUE,TRUE
participant_1273,All-stimuli,73,79.45205479452055,58,4.358448275862069,80,81.25,65,4.295672307692308,TRUE,TRUE
participant_1274,All-stimuli,73,90.41095890410958,66,2.0111530303030305,80,91.25,73,1.9438794520547946,TRUE,TRUE
participant_1275,All-stimuli,69,88.40579710144928,61,2.1559344262295084,80,87.5,70,2.1862185714285713,TRUE,TRUE
participant_1276,All-stimuli,74,86.48648648648648,64,2.5427796875,80,86.25,69,2.750940579710145,TRUE,TRUE
